2026-05-23T02:48:41+0300 INFO: Старт робота: C:\Users\Ksenya\Desktop\hakaton\main\resource\e53bd91f-279b-4be5-a18d-8e714149577e\main.py
2026-05-23T02:48:41+0300 INFO: C:\Users\Ksenya\Desktop\hakaton\main\resource\e53bd91f-279b-4be5-a18d-8e714149577e\main.py Старт. Выполняемый шаг: Обработка ошибки. id: E(ohZ?TiZWX5;}Gqu-r,
2026-05-23T02:48:44+0300 INFO: C:\Users\Ksenya\Desktop\hakaton\main\resource\e53bd91f-279b-4be5-a18d-8e714149577e\main.py Выполнение. Выполняемый шаг: Обработка ошибки. id: E(ohZ?TiZWX5;}Gqu-r,
2026-05-23T02:48:44+0300 INFO: C:\Users\Ksenya\Desktop\hakaton\main\resource\e53bd91f-279b-4be5-a18d-8e714149577e\main.py Робот запущен
2026-05-23T02:48:44+0300 INFO: C:\Users\Ksenya\Desktop\hakaton\main\resource\e53bd91f-279b-4be5-a18d-8e714149577e\main.py Старт. Выполняемый шаг: Присвоить значение переменной. id: uT8K_dR,wNXk4m?dkCsM
2026-05-23T02:48:45+0300 INFO: C:\Users\Ksenya\Desktop\hakaton\main\resource\e53bd91f-279b-4be5-a18d-8e714149577e\main.py Выполнение. Выполняемый шаг: Присвоить значение переменной. id: uT8K_dR,wNXk4m?dkCsM
2026-05-23T02:48:45+0300 INFO: C:\Users\Ksenya\Desktop\hakaton\main\resource\e53bd91f-279b-4be5-a18d-8e714149577e\main.py Завершение. Выполняемый шаг: Присвоить значение переменной. id: uT8K_dR,wNXk4m?dkCsM
2026-05-23T02:48:45+0300 INFO: C:\Users\Ksenya\Desktop\hakaton\main\resource\e53bd91f-279b-4be5-a18d-8e714149577e\main.py Старт. Выполняемый шаг: Присвоить значение переменной. id: :MAZ.Rz62:ZsFDl7vQQJ
2026-05-23T02:48:46+0300 INFO: C:\Users\Ksenya\Desktop\hakaton\main\resource\e53bd91f-279b-4be5-a18d-8e714149577e\main.py Выполнение. Выполняемый шаг: Присвоить значение переменной. id: :MAZ.Rz62:ZsFDl7vQQJ
2026-05-23T02:48:46+0300 INFO: C:\Users\Ksenya\Desktop\hakaton\main\resource\e53bd91f-279b-4be5-a18d-8e714149577e\main.py Завершение. Выполняемый шаг: Присвоить значение переменной. id: :MAZ.Rz62:ZsFDl7vQQJ
2026-05-23T02:48:46+0300 INFO: C:\Users\Ksenya\Desktop\hakaton\main\resource\e53bd91f-279b-4be5-a18d-8e714149577e\main.py Старт. Выполняемый шаг: Присвоить значение переменной. id: WBqw15|Z#}dx_{yM[UJS
2026-05-23T02:48:47+0300 INFO: C:\Users\Ksenya\Desktop\hakaton\main\resource\e53bd91f-279b-4be5-a18d-8e714149577e\main.py Выполнение. Выполняемый шаг: Присвоить значение переменной. id: WBqw15|Z#}dx_{yM[UJS
2026-05-23T02:48:47+0300 INFO: C:\Users\Ksenya\Desktop\hakaton\main\resource\e53bd91f-279b-4be5-a18d-8e714149577e\main.py Завершение. Выполняемый шаг: Присвоить значение переменной. id: WBqw15|Z#}dx_{yM[UJS
2026-05-23T02:48:47+0300 INFO: C:\Users\Ksenya\Desktop\hakaton\main\resource\e53bd91f-279b-4be5-a18d-8e714149577e\main.py Старт. Выполняемый шаг: Присвоить значение переменной. id: ZD}VS]B8yU%7IR$_1:gx
2026-05-23T02:48:47+0300 INFO: C:\Users\Ksenya\Desktop\hakaton\main\resource\e53bd91f-279b-4be5-a18d-8e714149577e\main.py Выполнение. Выполняемый шаг: Присвоить значение переменной. id: ZD}VS]B8yU%7IR$_1:gx
2026-05-23T02:48:47+0300 INFO: C:\Users\Ksenya\Desktop\hakaton\main\resource\e53bd91f-279b-4be5-a18d-8e714149577e\main.py Старт. Выполняемый шаг: Прочитать файл. id: h-7qLFMP}Ex#VZ)Ao@jd
2026-05-23T02:49:18+0300 INFO: Старт робота: C:\Users\Ksenya\Desktop\hakaton\main\resource\3596b625-a51b-416e-8573-9cffaf41b67f\main.py
2026-05-23T02:49:18+0300 INFO: C:\Users\Ksenya\Desktop\hakaton\main\resource\3596b625-a51b-416e-8573-9cffaf41b67f\main.py Старт. Выполняемый шаг: Обработка ошибки. id: E(ohZ?TiZWX5;}Gqu-r,
2026-05-23T02:49:19+0300 INFO: C:\Users\Ksenya\Desktop\hakaton\main\resource\3596b625-a51b-416e-8573-9cffaf41b67f\main.py Выполнение. Выполняемый шаг: Обработка ошибки. id: E(ohZ?TiZWX5;}Gqu-r,
2026-05-23T02:49:19+0300 INFO: C:\Users\Ksenya\Desktop\hakaton\main\resource\3596b625-a51b-416e-8573-9cffaf41b67f\main.py Робот запущен
2026-05-23T02:49:19+0300 INFO: C:\Users\Ksenya\Desktop\hakaton\main\resource\3596b625-a51b-416e-8573-9cffaf41b67f\main.py Старт. Выполняемый шаг: Присвоить значение переменной. id: uT8K_dR,wNXk4m?dkCsM
2026-05-23T02:49:20+0300 INFO: C:\Users\Ksenya\Desktop\hakaton\main\resource\3596b625-a51b-416e-8573-9cffaf41b67f\main.py Выполнение. Выполняемый шаг: Присвоить значение переменной. id: uT8K_dR,wNXk4m?dkCsM
2026-05-23T02:49:20+0300 INFO: C:\Users\Ksenya\Desktop\hakaton\main\resource\3596b625-a51b-416e-8573-9cffaf41b67f\main.py Завершение. Выполняемый шаг: Присвоить значение переменной. id: uT8K_dR,wNXk4m?dkCsM
2026-05-23T02:49:20+0300 INFO: C:\Users\Ksenya\Desktop\hakaton\main\resource\3596b625-a51b-416e-8573-9cffaf41b67f\main.py Старт. Выполняемый шаг: Присвоить значение переменной. id: :MAZ.Rz62:ZsFDl7vQQJ
2026-05-23T02:49:22+0300 INFO: C:\Users\Ksenya\Desktop\hakaton\main\resource\3596b625-a51b-416e-8573-9cffaf41b67f\main.py Выполнение. Выполняемый шаг: Присвоить значение переменной. id: :MAZ.Rz62:ZsFDl7vQQJ
2026-05-23T02:49:22+0300 INFO: C:\Users\Ksenya\Desktop\hakaton\main\resource\3596b625-a51b-416e-8573-9cffaf41b67f\main.py Завершение. Выполняемый шаг: Присвоить значение переменной. id: :MAZ.Rz62:ZsFDl7vQQJ
2026-05-23T02:49:22+0300 INFO: C:\Users\Ksenya\Desktop\hakaton\main\resource\3596b625-a51b-416e-8573-9cffaf41b67f\main.py Старт. Выполняемый шаг: Присвоить значение переменной. id: WBqw15|Z#}dx_{yM[UJS
2026-05-23T02:49:23+0300 INFO: C:\Users\Ksenya\Desktop\hakaton\main\resource\3596b625-a51b-416e-8573-9cffaf41b67f\main.py Выполнение. Выполняемый шаг: Присвоить значение переменной. id: WBqw15|Z#}dx_{yM[UJS
2026-05-23T02:49:23+0300 INFO: C:\Users\Ksenya\Desktop\hakaton\main\resource\3596b625-a51b-416e-8573-9cffaf41b67f\main.py Завершение. Выполняемый шаг: Присвоить значение переменной. id: WBqw15|Z#}dx_{yM[UJS
2026-05-23T02:49:23+0300 INFO: C:\Users\Ksenya\Desktop\hakaton\main\resource\3596b625-a51b-416e-8573-9cffaf41b67f\main.py Старт. Выполняемый шаг: Присвоить значение переменной. id: ZD}VS]B8yU%7IR$_1:gx
2026-05-23T02:49:24+0300 INFO: C:\Users\Ksenya\Desktop\hakaton\main\resource\3596b625-a51b-416e-8573-9cffaf41b67f\main.py Выполнение. Выполняемый шаг: Присвоить значение переменной. id: ZD}VS]B8yU%7IR$_1:gx
2026-05-23T02:49:24+0300 INFO: C:\Users\Ksenya\Desktop\hakaton\main\resource\3596b625-a51b-416e-8573-9cffaf41b67f\main.py Старт. Выполняемый шаг: Прочитать файл. id: h-7qLFMP}Ex#VZ)Ao@jd
2026-05-23T02:54:59+0300 INFO: Старт робота: C:\Users\Ksenya\Desktop\hakaton\main\resource\5d42f14e-e91c-48c0-bfa5-bea3b416c684\main.py
2026-05-23T02:54:59+0300 INFO: C:\Users\Ksenya\Desktop\hakaton\main\resource\5d42f14e-e91c-48c0-bfa5-bea3b416c684\main.py Старт. Выполняемый шаг: Обработка ошибки. id: E(ohZ?TiZWX5;}Gqu-r,
2026-05-23T02:55:02+0300 INFO: C:\Users\Ksenya\Desktop\hakaton\main\resource\5d42f14e-e91c-48c0-bfa5-bea3b416c684\main.py Выполнение. Выполняемый шаг: Обработка ошибки. id: E(ohZ?TiZWX5;}Gqu-r,
2026-05-23T02:55:02+0300 INFO: C:\Users\Ksenya\Desktop\hakaton\main\resource\5d42f14e-e91c-48c0-bfa5-bea3b416c684\main.py Робот запущен
2026-05-23T02:55:02+0300 INFO: C:\Users\Ksenya\Desktop\hakaton\main\resource\5d42f14e-e91c-48c0-bfa5-bea3b416c684\main.py Старт. Выполняемый шаг: Присвоить значение переменной. id: uT8K_dR,wNXk4m?dkCsM
2026-05-23T02:55:03+0300 INFO: C:\Users\Ksenya\Desktop\hakaton\main\resource\5d42f14e-e91c-48c0-bfa5-bea3b416c684\main.py Выполнение. Выполняемый шаг: Присвоить значение переменной. id: uT8K_dR,wNXk4m?dkCsM
2026-05-23T02:55:03+0300 INFO: C:\Users\Ksenya\Desktop\hakaton\main\resource\5d42f14e-e91c-48c0-bfa5-bea3b416c684\main.py Завершение. Выполняемый шаг: Присвоить значение переменной. id: uT8K_dR,wNXk4m?dkCsM
2026-05-23T02:55:03+0300 INFO: C:\Users\Ksenya\Desktop\hakaton\main\resource\5d42f14e-e91c-48c0-bfa5-bea3b416c684\main.py Старт. Выполняемый шаг: Присвоить значение переменной. id: :MAZ.Rz62:ZsFDl7vQQJ
2026-05-23T02:55:04+0300 INFO: C:\Users\Ksenya\Desktop\hakaton\main\resource\5d42f14e-e91c-48c0-bfa5-bea3b416c684\main.py Выполнение. Выполняемый шаг: Присвоить значение переменной. id: :MAZ.Rz62:ZsFDl7vQQJ
2026-05-23T02:55:04+0300 INFO: C:\Users\Ksenya\Desktop\hakaton\main\resource\5d42f14e-e91c-48c0-bfa5-bea3b416c684\main.py Завершение. Выполняемый шаг: Присвоить значение переменной. id: :MAZ.Rz62:ZsFDl7vQQJ
2026-05-23T02:55:04+0300 INFO: C:\Users\Ksenya\Desktop\hakaton\main\resource\5d42f14e-e91c-48c0-bfa5-bea3b416c684\main.py Старт. Выполняемый шаг: Присвоить значение переменной. id: WBqw15|Z#}dx_{yM[UJS
2026-05-23T02:55:05+0300 INFO: C:\Users\Ksenya\Desktop\hakaton\main\resource\5d42f14e-e91c-48c0-bfa5-bea3b416c684\main.py Выполнение. Выполняемый шаг: Присвоить значение переменной. id: WBqw15|Z#}dx_{yM[UJS
2026-05-23T02:55:05+0300 INFO: C:\Users\Ksenya\Desktop\hakaton\main\resource\5d42f14e-e91c-48c0-bfa5-bea3b416c684\main.py Завершение. Выполняемый шаг: Присвоить значение переменной. id: WBqw15|Z#}dx_{yM[UJS
2026-05-23T02:55:05+0300 INFO: C:\Users\Ksenya\Desktop\hakaton\main\resource\5d42f14e-e91c-48c0-bfa5-bea3b416c684\main.py Старт. Выполняемый шаг: Присвоить значение переменной. id: ZD}VS]B8yU%7IR$_1:gx
2026-05-23T02:55:06+0300 INFO: C:\Users\Ksenya\Desktop\hakaton\main\resource\5d42f14e-e91c-48c0-bfa5-bea3b416c684\main.py Выполнение. Выполняемый шаг: Присвоить значение переменной. id: ZD}VS]B8yU%7IR$_1:gx
2026-05-23T02:55:06+0300 INFO: C:\Users\Ksenya\Desktop\hakaton\main\resource\5d42f14e-e91c-48c0-bfa5-bea3b416c684\main.py Старт. Выполняемый шаг: Прочитать файл. id: h-7qLFMP}Ex#VZ)Ao@jd
2026-05-23T02:55:06+0300 INFO: C:\Users\Ksenya\Desktop\hakaton\main\resource\5d42f14e-e91c-48c0-bfa5-bea3b416c684\main.py Завершение. Выполняемый шаг: Прочитать файл. id: h-7qLFMP}Ex#VZ)Ao@jd
2026-05-23T02:55:06+0300 INFO: C:\Users\Ksenya\Desktop\hakaton\main\resource\5d42f14e-e91c-48c0-bfa5-bea3b416c684\main.py Завершение. Выполняемый шаг: Присвоить значение переменной. id: ZD}VS]B8yU%7IR$_1:gx
2026-05-23T02:55:06+0300 INFO: C:\Users\Ksenya\Desktop\hakaton\main\resource\5d42f14e-e91c-48c0-bfa5-bea3b416c684\main.py Старт. Выполняемый шаг: Присвоить значение переменной. id: ^0R|78#C*6Lo31|B;%K9
2026-05-23T02:55:08+0300 INFO: C:\Users\Ksenya\Desktop\hakaton\main\resource\5d42f14e-e91c-48c0-bfa5-bea3b416c684\main.py Выполнение. Выполняемый шаг: Присвоить значение переменной. id: ^0R|78#C*6Lo31|B;%K9
2026-05-23T02:55:08+0300 INFO: C:\Users\Ksenya\Desktop\hakaton\main\resource\5d42f14e-e91c-48c0-bfa5-bea3b416c684\main.py Завершение. Выполняемый шаг: Присвоить значение переменной. id: ^0R|78#C*6Lo31|B;%K9
2026-05-23T02:55:08+0300 INFO: C:\Users\Ksenya\Desktop\hakaton\main\resource\5d42f14e-e91c-48c0-bfa5-bea3b416c684\main.py Старт. Выполняемый шаг: Присвоить значение переменной. id: p$O:QoI+|4ux$8{ysFr:
2026-05-23T02:55:09+0300 INFO: C:\Users\Ksenya\Desktop\hakaton\main\resource\5d42f14e-e91c-48c0-bfa5-bea3b416c684\main.py Выполнение. Выполняемый шаг: Присвоить значение переменной. id: p$O:QoI+|4ux$8{ysFr:
2026-05-23T02:55:09+0300 INFO: C:\Users\Ksenya\Desktop\hakaton\main\resource\5d42f14e-e91c-48c0-bfa5-bea3b416c684\main.py Завершение. Выполняемый шаг: Присвоить значение переменной. id: p$O:QoI+|4ux$8{ysFr:
2026-05-23T02:55:09+0300 INFO: C:\Users\Ksenya\Desktop\hakaton\main\resource\5d42f14e-e91c-48c0-bfa5-bea3b416c684\main.py Старт. Выполняемый шаг: Присвоить значение переменной. id: su.Opf;Rsi(I_eG21pY+
2026-05-23T02:55:10+0300 INFO: C:\Users\Ksenya\Desktop\hakaton\main\resource\5d42f14e-e91c-48c0-bfa5-bea3b416c684\main.py Выполнение. Выполняемый шаг: Присвоить значение переменной. id: su.Opf;Rsi(I_eG21pY+
2026-05-23T02:55:10+0300 INFO: C:\Users\Ksenya\Desktop\hakaton\main\resource\5d42f14e-e91c-48c0-bfa5-bea3b416c684\main.py Завершение. Выполняемый шаг: Присвоить значение переменной. id: su.Opf;Rsi(I_eG21pY+
2026-05-23T02:55:10+0300 INFO: C:\Users\Ksenya\Desktop\hakaton\main\resource\5d42f14e-e91c-48c0-bfa5-bea3b416c684\main.py Старт. Выполняемый шаг: Присвоить значение переменной. id: ]Nwow_`34-zY1snYsMa=
2026-05-23T02:55:11+0300 INFO: C:\Users\Ksenya\Desktop\hakaton\main\resource\5d42f14e-e91c-48c0-bfa5-bea3b416c684\main.py Выполнение. Выполняемый шаг: Присвоить значение переменной. id: ]Nwow_`34-zY1snYsMa=
2026-05-23T02:55:11+0300 INFO: C:\Users\Ksenya\Desktop\hakaton\main\resource\5d42f14e-e91c-48c0-bfa5-bea3b416c684\main.py Завершение. Выполняемый шаг: Присвоить значение переменной. id: ]Nwow_`34-zY1snYsMa=
2026-05-23T02:55:11+0300 INFO: C:\Users\Ksenya\Desktop\hakaton\main\resource\5d42f14e-e91c-48c0-bfa5-bea3b416c684\main.py Старт. Выполняемый шаг: Присвоить значение переменной. id: 3oGjmJ`CaVRVz9#qu*_m
2026-05-23T02:55:12+0300 INFO: C:\Users\Ksenya\Desktop\hakaton\main\resource\5d42f14e-e91c-48c0-bfa5-bea3b416c684\main.py Выполнение. Выполняемый шаг: Присвоить значение переменной. id: 3oGjmJ`CaVRVz9#qu*_m
2026-05-23T02:55:12+0300 INFO: C:\Users\Ksenya\Desktop\hakaton\main\resource\5d42f14e-e91c-48c0-bfa5-bea3b416c684\main.py Завершение. Выполняемый шаг: Присвоить значение переменной. id: 3oGjmJ`CaVRVz9#qu*_m
2026-05-23T02:55:12+0300 INFO: C:\Users\Ksenya\Desktop\hakaton\main\resource\5d42f14e-e91c-48c0-bfa5-bea3b416c684\main.py Старт. Выполняемый шаг: Присвоить значение переменной. id: :kF]*7FA#}yI!L)At3D0
2026-05-23T02:55:12+0300 INFO: C:\Users\Ksenya\Desktop\hakaton\main\resource\5d42f14e-e91c-48c0-bfa5-bea3b416c684\main.py Выполнение. Выполняемый шаг: Присвоить значение переменной. id: :kF]*7FA#}yI!L)At3D0
2026-05-23T02:55:12+0300 INFO: C:\Users\Ksenya\Desktop\hakaton\main\resource\5d42f14e-e91c-48c0-bfa5-bea3b416c684\main.py Завершение. Выполняемый шаг: Присвоить значение переменной. id: :kF]*7FA#}yI!L)At3D0
2026-05-23T02:55:13+0300 INFO: C:\Users\Ksenya\Desktop\hakaton\main\resource\5d42f14e-e91c-48c0-bfa5-bea3b416c684\main.py Отправляю запрос в 1С
2026-05-23T02:55:13+0300 INFO: C:\Users\Ksenya\Desktop\hakaton\main\resource\5d42f14e-e91c-48c0-bfa5-bea3b416c684\main.py Старт. Выполняемый шаг: Присвоить значение переменной. id: !ywK5=-Xf1I3.TZw{|wY
2026-05-23T02:55:14+0300 INFO: C:\Users\Ksenya\Desktop\hakaton\main\resource\5d42f14e-e91c-48c0-bfa5-bea3b416c684\main.py Выполнение. Выполняемый шаг: Присвоить значение переменной. id: !ywK5=-Xf1I3.TZw{|wY
2026-05-23T02:55:14+0300 INFO: C:\Users\Ksenya\Desktop\hakaton\main\resource\5d42f14e-e91c-48c0-bfa5-bea3b416c684\main.py Старт. Выполняемый шаг: Отправить запрос в 1С. id: XwlC!5@Ta@JGRc)n~fg7
2026-05-23T02:57:28+0300 INFO: Старт робота: C:\Users\Ksenya\Desktop\hakaton\main\resource\a7e39b24-03a3-45c7-a430-a200406bce0e\main.py
2026-05-23T02:57:28+0300 INFO: C:\Users\Ksenya\Desktop\hakaton\main\resource\a7e39b24-03a3-45c7-a430-a200406bce0e\main.py Старт. Выполняемый шаг: Обработка ошибки. id: E(ohZ?TiZWX5;}Gqu-r,
2026-05-23T02:57:49+0300 INFO: C:\Users\Ksenya\Desktop\hakaton\main\resource\a7e39b24-03a3-45c7-a430-a200406bce0e\main.py Выполнение. Выполняемый шаг: Обработка ошибки. id: E(ohZ?TiZWX5;}Gqu-r,
2026-05-23T02:57:49+0300 INFO: C:\Users\Ksenya\Desktop\hakaton\main\resource\a7e39b24-03a3-45c7-a430-a200406bce0e\main.py Робот запущен
2026-05-23T02:57:49+0300 INFO: C:\Users\Ksenya\Desktop\hakaton\main\resource\a7e39b24-03a3-45c7-a430-a200406bce0e\main.py Старт. Выполняемый шаг: Присвоить значение переменной. id: uT8K_dR,wNXk4m?dkCsM
2026-05-23T02:57:51+0300 INFO: C:\Users\Ksenya\Desktop\hakaton\main\resource\a7e39b24-03a3-45c7-a430-a200406bce0e\main.py Выполнение. Выполняемый шаг: Присвоить значение переменной. id: uT8K_dR,wNXk4m?dkCsM
2026-05-23T02:57:51+0300 INFO: C:\Users\Ksenya\Desktop\hakaton\main\resource\a7e39b24-03a3-45c7-a430-a200406bce0e\main.py Завершение. Выполняемый шаг: Присвоить значение переменной. id: uT8K_dR,wNXk4m?dkCsM
2026-05-23T02:57:51+0300 INFO: C:\Users\Ksenya\Desktop\hakaton\main\resource\a7e39b24-03a3-45c7-a430-a200406bce0e\main.py Старт. Выполняемый шаг: Присвоить значение переменной. id: :MAZ.Rz62:ZsFDl7vQQJ
2026-05-23T02:57:52+0300 INFO: C:\Users\Ksenya\Desktop\hakaton\main\resource\a7e39b24-03a3-45c7-a430-a200406bce0e\main.py Выполнение. Выполняемый шаг: Присвоить значение переменной. id: :MAZ.Rz62:ZsFDl7vQQJ
2026-05-23T02:57:52+0300 INFO: C:\Users\Ksenya\Desktop\hakaton\main\resource\a7e39b24-03a3-45c7-a430-a200406bce0e\main.py Завершение. Выполняемый шаг: Присвоить значение переменной. id: :MAZ.Rz62:ZsFDl7vQQJ
2026-05-23T02:57:52+0300 INFO: C:\Users\Ksenya\Desktop\hakaton\main\resource\a7e39b24-03a3-45c7-a430-a200406bce0e\main.py Старт. Выполняемый шаг: Присвоить значение переменной. id: WBqw15|Z#}dx_{yM[UJS
2026-05-23T02:57:52+0300 INFO: C:\Users\Ksenya\Desktop\hakaton\main\resource\a7e39b24-03a3-45c7-a430-a200406bce0e\main.py Выполнение. Выполняемый шаг: Присвоить значение переменной. id: WBqw15|Z#}dx_{yM[UJS
2026-05-23T02:57:52+0300 INFO: C:\Users\Ksenya\Desktop\hakaton\main\resource\a7e39b24-03a3-45c7-a430-a200406bce0e\main.py Завершение. Выполняемый шаг: Присвоить значение переменной. id: WBqw15|Z#}dx_{yM[UJS
2026-05-23T02:57:52+0300 INFO: C:\Users\Ksenya\Desktop\hakaton\main\resource\a7e39b24-03a3-45c7-a430-a200406bce0e\main.py Старт. Выполняемый шаг: Присвоить значение переменной. id: ZD}VS]B8yU%7IR$_1:gx
2026-05-23T02:57:53+0300 INFO: C:\Users\Ksenya\Desktop\hakaton\main\resource\a7e39b24-03a3-45c7-a430-a200406bce0e\main.py Выполнение. Выполняемый шаг: Присвоить значение переменной. id: ZD}VS]B8yU%7IR$_1:gx
2026-05-23T02:57:53+0300 INFO: C:\Users\Ksenya\Desktop\hakaton\main\resource\a7e39b24-03a3-45c7-a430-a200406bce0e\main.py Старт. Выполняемый шаг: Прочитать файл. id: h-7qLFMP}Ex#VZ)Ao@jd
2026-05-23T02:57:53+0300 INFO: C:\Users\Ksenya\Desktop\hakaton\main\resource\a7e39b24-03a3-45c7-a430-a200406bce0e\main.py Завершение. Выполняемый шаг: Прочитать файл. id: h-7qLFMP}Ex#VZ)Ao@jd
2026-05-23T02:57:53+0300 INFO: C:\Users\Ksenya\Desktop\hakaton\main\resource\a7e39b24-03a3-45c7-a430-a200406bce0e\main.py Завершение. Выполняемый шаг: Присвоить значение переменной. id: ZD}VS]B8yU%7IR$_1:gx
2026-05-23T02:57:53+0300 INFO: C:\Users\Ksenya\Desktop\hakaton\main\resource\a7e39b24-03a3-45c7-a430-a200406bce0e\main.py Старт. Выполняемый шаг: Присвоить значение переменной. id: ^0R|78#C*6Lo31|B;%K9
2026-05-23T02:57:54+0300 INFO: C:\Users\Ksenya\Desktop\hakaton\main\resource\a7e39b24-03a3-45c7-a430-a200406bce0e\main.py Выполнение. Выполняемый шаг: Присвоить значение переменной. id: ^0R|78#C*6Lo31|B;%K9
2026-05-23T02:57:54+0300 INFO: C:\Users\Ksenya\Desktop\hakaton\main\resource\a7e39b24-03a3-45c7-a430-a200406bce0e\main.py Завершение. Выполняемый шаг: Присвоить значение переменной. id: ^0R|78#C*6Lo31|B;%K9
2026-05-23T02:57:54+0300 INFO: C:\Users\Ksenya\Desktop\hakaton\main\resource\a7e39b24-03a3-45c7-a430-a200406bce0e\main.py Старт. Выполняемый шаг: Присвоить значение переменной. id: p$O:QoI+|4ux$8{ysFr:
2026-05-23T02:57:55+0300 INFO: C:\Users\Ksenya\Desktop\hakaton\main\resource\a7e39b24-03a3-45c7-a430-a200406bce0e\main.py Выполнение. Выполняемый шаг: Присвоить значение переменной. id: p$O:QoI+|4ux$8{ysFr:
2026-05-23T02:57:55+0300 INFO: C:\Users\Ksenya\Desktop\hakaton\main\resource\a7e39b24-03a3-45c7-a430-a200406bce0e\main.py Завершение. Выполняемый шаг: Присвоить значение переменной. id: p$O:QoI+|4ux$8{ysFr:
2026-05-23T02:57:55+0300 INFO: C:\Users\Ksenya\Desktop\hakaton\main\resource\a7e39b24-03a3-45c7-a430-a200406bce0e\main.py Старт. Выполняемый шаг: Присвоить значение переменной. id: su.Opf;Rsi(I_eG21pY+
2026-05-23T02:57:55+0300 INFO: C:\Users\Ksenya\Desktop\hakaton\main\resource\a7e39b24-03a3-45c7-a430-a200406bce0e\main.py Выполнение. Выполняемый шаг: Присвоить значение переменной. id: su.Opf;Rsi(I_eG21pY+
2026-05-23T02:57:55+0300 INFO: C:\Users\Ksenya\Desktop\hakaton\main\resource\a7e39b24-03a3-45c7-a430-a200406bce0e\main.py Завершение. Выполняемый шаг: Присвоить значение переменной. id: su.Opf;Rsi(I_eG21pY+
2026-05-23T02:57:55+0300 INFO: C:\Users\Ksenya\Desktop\hakaton\main\resource\a7e39b24-03a3-45c7-a430-a200406bce0e\main.py Старт. Выполняемый шаг: Присвоить значение переменной. id: ]Nwow_`34-zY1snYsMa=
2026-05-23T02:57:56+0300 INFO: C:\Users\Ksenya\Desktop\hakaton\main\resource\a7e39b24-03a3-45c7-a430-a200406bce0e\main.py Выполнение. Выполняемый шаг: Присвоить значение переменной. id: ]Nwow_`34-zY1snYsMa=
2026-05-23T02:57:56+0300 INFO: C:\Users\Ksenya\Desktop\hakaton\main\resource\a7e39b24-03a3-45c7-a430-a200406bce0e\main.py Завершение. Выполняемый шаг: Присвоить значение переменной. id: ]Nwow_`34-zY1snYsMa=
2026-05-23T02:57:56+0300 INFO: C:\Users\Ksenya\Desktop\hakaton\main\resource\a7e39b24-03a3-45c7-a430-a200406bce0e\main.py Старт. Выполняемый шаг: Присвоить значение переменной. id: 3oGjmJ`CaVRVz9#qu*_m
2026-05-23T02:57:57+0300 INFO: C:\Users\Ksenya\Desktop\hakaton\main\resource\a7e39b24-03a3-45c7-a430-a200406bce0e\main.py Выполнение. Выполняемый шаг: Присвоить значение переменной. id: 3oGjmJ`CaVRVz9#qu*_m
2026-05-23T02:57:57+0300 INFO: C:\Users\Ksenya\Desktop\hakaton\main\resource\a7e39b24-03a3-45c7-a430-a200406bce0e\main.py Завершение. Выполняемый шаг: Присвоить значение переменной. id: 3oGjmJ`CaVRVz9#qu*_m
2026-05-23T02:57:57+0300 INFO: C:\Users\Ksenya\Desktop\hakaton\main\resource\a7e39b24-03a3-45c7-a430-a200406bce0e\main.py Старт. Выполняемый шаг: Присвоить значение переменной. id: :kF]*7FA#}yI!L)At3D0
2026-05-23T02:57:57+0300 INFO: C:\Users\Ksenya\Desktop\hakaton\main\resource\a7e39b24-03a3-45c7-a430-a200406bce0e\main.py Выполнение. Выполняемый шаг: Присвоить значение переменной. id: :kF]*7FA#}yI!L)At3D0
2026-05-23T02:57:57+0300 INFO: C:\Users\Ksenya\Desktop\hakaton\main\resource\a7e39b24-03a3-45c7-a430-a200406bce0e\main.py Завершение. Выполняемый шаг: Присвоить значение переменной. id: :kF]*7FA#}yI!L)At3D0
2026-05-23T02:57:58+0300 INFO: C:\Users\Ksenya\Desktop\hakaton\main\resource\a7e39b24-03a3-45c7-a430-a200406bce0e\main.py Отправляю запрос в 1С
2026-05-23T02:57:58+0300 INFO: C:\Users\Ksenya\Desktop\hakaton\main\resource\a7e39b24-03a3-45c7-a430-a200406bce0e\main.py Старт. Выполняемый шаг: Присвоить значение переменной. id: !ywK5=-Xf1I3.TZw{|wY
2026-05-23T02:57:59+0300 INFO: C:\Users\Ksenya\Desktop\hakaton\main\resource\a7e39b24-03a3-45c7-a430-a200406bce0e\main.py Выполнение. Выполняемый шаг: Присвоить значение переменной. id: !ywK5=-Xf1I3.TZw{|wY
2026-05-23T02:57:59+0300 INFO: C:\Users\Ksenya\Desktop\hakaton\main\resource\a7e39b24-03a3-45c7-a430-a200406bce0e\main.py Старт. Выполняемый шаг: Отправить запрос в 1С. id: XwlC!5@Ta@JGRc)n~fg7
2026-05-23T02:57:59+0300 INFO: C:\Users\Ksenya\Desktop\hakaton\main\resource\a7e39b24-03a3-45c7-a430-a200406bce0e\main.py Завершение. Выполняемый шаг: Отправить запрос в 1С. id: XwlC!5@Ta@JGRc)n~fg7
2026-05-23T02:57:59+0300 INFO: C:\Users\Ksenya\Desktop\hakaton\main\resource\a7e39b24-03a3-45c7-a430-a200406bce0e\main.py Завершение. Выполняемый шаг: Присвоить значение переменной. id: !ywK5=-Xf1I3.TZw{|wY
2026-05-23T02:58:00+0300 INFO: C:\Users\Ksenya\Desktop\hakaton\main\resource\a7e39b24-03a3-45c7-a430-a200406bce0e\main.py Ответ получен. Сохраняю в файл
2026-05-23T02:58:00+0300 INFO: C:\Users\Ksenya\Desktop\hakaton\main\resource\a7e39b24-03a3-45c7-a430-a200406bce0e\main.py Старт. Выполняемый шаг: Присвоить значение переменной. id: jMBKenGW}MvB]@BLj|h;
2026-05-23T02:58:01+0300 INFO: C:\Users\Ksenya\Desktop\hakaton\main\resource\a7e39b24-03a3-45c7-a430-a200406bce0e\main.py Выполнение. Выполняемый шаг: Присвоить значение переменной. id: jMBKenGW}MvB]@BLj|h;
2026-05-23T02:58:01+0300 INFO: C:\Users\Ksenya\Desktop\hakaton\main\resource\a7e39b24-03a3-45c7-a430-a200406bce0e\main.py Завершение. Выполняемый шаг: Присвоить значение переменной. id: jMBKenGW}MvB]@BLj|h;
2026-05-23T02:58:01+0300 INFO: C:\Users\Ksenya\Desktop\hakaton\main\resource\a7e39b24-03a3-45c7-a430-a200406bce0e\main.py Ответ получен. Сохраняю файл
2026-05-23T02:58:01+0300 INFO: C:\Users\Ksenya\Desktop\hakaton\main\resource\a7e39b24-03a3-45c7-a430-a200406bce0e\main.py Старт. Выполняемый шаг: Записать в Excel. id: qJiAWVf9/jjT+tN|o0in
2026-05-23T02:58:02+0300 INFO: C:\Users\Ksenya\Desktop\hakaton\main\resource\a7e39b24-03a3-45c7-a430-a200406bce0e\main.py Выполнение. Выполняемый шаг: Записать в Excel. id: qJiAWVf9/jjT+tN|o0in
2026-05-23T03:03:45+0300 INFO: Старт робота: C:\Users\Ksenya\Desktop\hakaton\main\resource\f72b17f9-4f40-4a5f-b516-f063e76826a9\main.py
2026-05-23T03:03:45+0300 INFO: C:\Users\Ksenya\Desktop\hakaton\main\resource\f72b17f9-4f40-4a5f-b516-f063e76826a9\main.py Старт. Выполняемый шаг: Обработка ошибки. id: E(ohZ?TiZWX5;}Gqu-r,
2026-05-23T03:03:48+0300 INFO: C:\Users\Ksenya\Desktop\hakaton\main\resource\f72b17f9-4f40-4a5f-b516-f063e76826a9\main.py Выполнение. Выполняемый шаг: Обработка ошибки. id: E(ohZ?TiZWX5;}Gqu-r,
2026-05-23T03:03:48+0300 INFO: C:\Users\Ksenya\Desktop\hakaton\main\resource\f72b17f9-4f40-4a5f-b516-f063e76826a9\main.py Робот запущен
2026-05-23T03:03:48+0300 INFO: C:\Users\Ksenya\Desktop\hakaton\main\resource\f72b17f9-4f40-4a5f-b516-f063e76826a9\main.py Старт. Выполняемый шаг: Присвоить значение переменной. id: uT8K_dR,wNXk4m?dkCsM
2026-05-23T03:03:49+0300 INFO: C:\Users\Ksenya\Desktop\hakaton\main\resource\f72b17f9-4f40-4a5f-b516-f063e76826a9\main.py Выполнение. Выполняемый шаг: Присвоить значение переменной. id: uT8K_dR,wNXk4m?dkCsM
2026-05-23T03:03:49+0300 INFO: C:\Users\Ksenya\Desktop\hakaton\main\resource\f72b17f9-4f40-4a5f-b516-f063e76826a9\main.py Завершение. Выполняемый шаг: Присвоить значение переменной. id: uT8K_dR,wNXk4m?dkCsM
2026-05-23T03:03:49+0300 INFO: C:\Users\Ksenya\Desktop\hakaton\main\resource\f72b17f9-4f40-4a5f-b516-f063e76826a9\main.py Старт. Выполняемый шаг: Присвоить значение переменной. id: :MAZ.Rz62:ZsFDl7vQQJ
2026-05-23T03:03:49+0300 INFO: C:\Users\Ksenya\Desktop\hakaton\main\resource\f72b17f9-4f40-4a5f-b516-f063e76826a9\main.py Выполнение. Выполняемый шаг: Присвоить значение переменной. id: :MAZ.Rz62:ZsFDl7vQQJ
2026-05-23T03:03:49+0300 INFO: C:\Users\Ksenya\Desktop\hakaton\main\resource\f72b17f9-4f40-4a5f-b516-f063e76826a9\main.py Завершение. Выполняемый шаг: Присвоить значение переменной. id: :MAZ.Rz62:ZsFDl7vQQJ
2026-05-23T03:03:49+0300 INFO: C:\Users\Ksenya\Desktop\hakaton\main\resource\f72b17f9-4f40-4a5f-b516-f063e76826a9\main.py Старт. Выполняемый шаг: Присвоить значение переменной. id: WBqw15|Z#}dx_{yM[UJS
2026-05-23T03:03:50+0300 INFO: C:\Users\Ksenya\Desktop\hakaton\main\resource\f72b17f9-4f40-4a5f-b516-f063e76826a9\main.py Выполнение. Выполняемый шаг: Присвоить значение переменной. id: WBqw15|Z#}dx_{yM[UJS
2026-05-23T03:03:50+0300 INFO: C:\Users\Ksenya\Desktop\hakaton\main\resource\f72b17f9-4f40-4a5f-b516-f063e76826a9\main.py Завершение. Выполняемый шаг: Присвоить значение переменной. id: WBqw15|Z#}dx_{yM[UJS
2026-05-23T03:03:50+0300 INFO: C:\Users\Ksenya\Desktop\hakaton\main\resource\f72b17f9-4f40-4a5f-b516-f063e76826a9\main.py Старт. Выполняемый шаг: Присвоить значение переменной. id: ZD}VS]B8yU%7IR$_1:gx
2026-05-23T03:03:50+0300 INFO: C:\Users\Ksenya\Desktop\hakaton\main\resource\f72b17f9-4f40-4a5f-b516-f063e76826a9\main.py Выполнение. Выполняемый шаг: Присвоить значение переменной. id: ZD}VS]B8yU%7IR$_1:gx
2026-05-23T03:03:50+0300 INFO: C:\Users\Ksenya\Desktop\hakaton\main\resource\f72b17f9-4f40-4a5f-b516-f063e76826a9\main.py Старт. Выполняемый шаг: Прочитать файл. id: h-7qLFMP}Ex#VZ)Ao@jd
2026-05-23T03:03:50+0300 INFO: C:\Users\Ksenya\Desktop\hakaton\main\resource\f72b17f9-4f40-4a5f-b516-f063e76826a9\main.py Завершение. Выполняемый шаг: Прочитать файл. id: h-7qLFMP}Ex#VZ)Ao@jd
2026-05-23T03:03:50+0300 INFO: C:\Users\Ksenya\Desktop\hakaton\main\resource\f72b17f9-4f40-4a5f-b516-f063e76826a9\main.py Завершение. Выполняемый шаг: Присвоить значение переменной. id: ZD}VS]B8yU%7IR$_1:gx
2026-05-23T03:03:50+0300 INFO: C:\Users\Ksenya\Desktop\hakaton\main\resource\f72b17f9-4f40-4a5f-b516-f063e76826a9\main.py Старт. Выполняемый шаг: Присвоить значение переменной. id: ^0R|78#C*6Lo31|B;%K9
2026-05-23T03:03:51+0300 INFO: C:\Users\Ksenya\Desktop\hakaton\main\resource\f72b17f9-4f40-4a5f-b516-f063e76826a9\main.py Выполнение. Выполняемый шаг: Присвоить значение переменной. id: ^0R|78#C*6Lo31|B;%K9
2026-05-23T03:03:51+0300 INFO: C:\Users\Ksenya\Desktop\hakaton\main\resource\f72b17f9-4f40-4a5f-b516-f063e76826a9\main.py Завершение. Выполняемый шаг: Присвоить значение переменной. id: ^0R|78#C*6Lo31|B;%K9
2026-05-23T03:03:51+0300 INFO: C:\Users\Ksenya\Desktop\hakaton\main\resource\f72b17f9-4f40-4a5f-b516-f063e76826a9\main.py Старт. Выполняемый шаг: Присвоить значение переменной. id: p$O:QoI+|4ux$8{ysFr:
2026-05-23T03:03:51+0300 INFO: C:\Users\Ksenya\Desktop\hakaton\main\resource\f72b17f9-4f40-4a5f-b516-f063e76826a9\main.py Выполнение. Выполняемый шаг: Присвоить значение переменной. id: p$O:QoI+|4ux$8{ysFr:
2026-05-23T03:03:51+0300 INFO: C:\Users\Ksenya\Desktop\hakaton\main\resource\f72b17f9-4f40-4a5f-b516-f063e76826a9\main.py Завершение. Выполняемый шаг: Присвоить значение переменной. id: p$O:QoI+|4ux$8{ysFr:
2026-05-23T03:03:51+0300 INFO: C:\Users\Ksenya\Desktop\hakaton\main\resource\f72b17f9-4f40-4a5f-b516-f063e76826a9\main.py Старт. Выполняемый шаг: Присвоить значение переменной. id: su.Opf;Rsi(I_eG21pY+
2026-05-23T03:03:51+0300 INFO: C:\Users\Ksenya\Desktop\hakaton\main\resource\f72b17f9-4f40-4a5f-b516-f063e76826a9\main.py Выполнение. Выполняемый шаг: Присвоить значение переменной. id: su.Opf;Rsi(I_eG21pY+
2026-05-23T03:03:51+0300 INFO: C:\Users\Ksenya\Desktop\hakaton\main\resource\f72b17f9-4f40-4a5f-b516-f063e76826a9\main.py Завершение. Выполняемый шаг: Присвоить значение переменной. id: su.Opf;Rsi(I_eG21pY+
2026-05-23T03:03:51+0300 INFO: C:\Users\Ksenya\Desktop\hakaton\main\resource\f72b17f9-4f40-4a5f-b516-f063e76826a9\main.py Старт. Выполняемый шаг: Присвоить значение переменной. id: ]Nwow_`34-zY1snYsMa=
2026-05-23T03:03:52+0300 INFO: C:\Users\Ksenya\Desktop\hakaton\main\resource\f72b17f9-4f40-4a5f-b516-f063e76826a9\main.py Выполнение. Выполняемый шаг: Присвоить значение переменной. id: ]Nwow_`34-zY1snYsMa=
2026-05-23T03:03:52+0300 INFO: C:\Users\Ksenya\Desktop\hakaton\main\resource\f72b17f9-4f40-4a5f-b516-f063e76826a9\main.py Завершение. Выполняемый шаг: Присвоить значение переменной. id: ]Nwow_`34-zY1snYsMa=
2026-05-23T03:03:52+0300 INFO: C:\Users\Ksenya\Desktop\hakaton\main\resource\f72b17f9-4f40-4a5f-b516-f063e76826a9\main.py Старт. Выполняемый шаг: Присвоить значение переменной. id: 3oGjmJ`CaVRVz9#qu*_m
2026-05-23T03:03:52+0300 INFO: C:\Users\Ksenya\Desktop\hakaton\main\resource\f72b17f9-4f40-4a5f-b516-f063e76826a9\main.py Выполнение. Выполняемый шаг: Присвоить значение переменной. id: 3oGjmJ`CaVRVz9#qu*_m
2026-05-23T03:03:52+0300 INFO: C:\Users\Ksenya\Desktop\hakaton\main\resource\f72b17f9-4f40-4a5f-b516-f063e76826a9\main.py Завершение. Выполняемый шаг: Присвоить значение переменной. id: 3oGjmJ`CaVRVz9#qu*_m
2026-05-23T03:03:52+0300 INFO: C:\Users\Ksenya\Desktop\hakaton\main\resource\f72b17f9-4f40-4a5f-b516-f063e76826a9\main.py Старт. Выполняемый шаг: Присвоить значение переменной. id: :kF]*7FA#}yI!L)At3D0
2026-05-23T03:03:52+0300 INFO: C:\Users\Ksenya\Desktop\hakaton\main\resource\f72b17f9-4f40-4a5f-b516-f063e76826a9\main.py Выполнение. Выполняемый шаг: Присвоить значение переменной. id: :kF]*7FA#}yI!L)At3D0
2026-05-23T03:03:52+0300 INFO: C:\Users\Ksenya\Desktop\hakaton\main\resource\f72b17f9-4f40-4a5f-b516-f063e76826a9\main.py Завершение. Выполняемый шаг: Присвоить значение переменной. id: :kF]*7FA#}yI!L)At3D0
2026-05-23T03:03:53+0300 INFO: C:\Users\Ksenya\Desktop\hakaton\main\resource\f72b17f9-4f40-4a5f-b516-f063e76826a9\main.py Отправляю запрос в 1С
2026-05-23T03:03:53+0300 INFO: C:\Users\Ksenya\Desktop\hakaton\main\resource\f72b17f9-4f40-4a5f-b516-f063e76826a9\main.py Старт. Выполняемый шаг: Присвоить значение переменной. id: !ywK5=-Xf1I3.TZw{|wY
2026-05-23T03:03:53+0300 INFO: C:\Users\Ksenya\Desktop\hakaton\main\resource\f72b17f9-4f40-4a5f-b516-f063e76826a9\main.py Выполнение. Выполняемый шаг: Присвоить значение переменной. id: !ywK5=-Xf1I3.TZw{|wY
2026-05-23T03:03:53+0300 INFO: C:\Users\Ksenya\Desktop\hakaton\main\resource\f72b17f9-4f40-4a5f-b516-f063e76826a9\main.py Старт. Выполняемый шаг: Отправить запрос в 1С. id: XwlC!5@Ta@JGRc)n~fg7
2026-05-23T03:03:54+0300 INFO: C:\Users\Ksenya\Desktop\hakaton\main\resource\f72b17f9-4f40-4a5f-b516-f063e76826a9\main.py Завершение. Выполняемый шаг: Отправить запрос в 1С. id: XwlC!5@Ta@JGRc)n~fg7
2026-05-23T03:03:54+0300 INFO: C:\Users\Ksenya\Desktop\hakaton\main\resource\f72b17f9-4f40-4a5f-b516-f063e76826a9\main.py Завершение. Выполняемый шаг: Присвоить значение переменной. id: !ywK5=-Xf1I3.TZw{|wY
2026-05-23T03:03:54+0300 INFO: C:\Users\Ksenya\Desktop\hakaton\main\resource\f72b17f9-4f40-4a5f-b516-f063e76826a9\main.py Ответ получен. Сохраняю в файл
2026-05-23T03:03:54+0300 INFO: C:\Users\Ksenya\Desktop\hakaton\main\resource\f72b17f9-4f40-4a5f-b516-f063e76826a9\main.py Старт. Выполняемый шаг: Присвоить значение переменной. id: jMBKenGW}MvB]@BLj|h;
2026-05-23T03:03:55+0300 INFO: C:\Users\Ksenya\Desktop\hakaton\main\resource\f72b17f9-4f40-4a5f-b516-f063e76826a9\main.py Выполнение. Выполняемый шаг: Присвоить значение переменной. id: jMBKenGW}MvB]@BLj|h;
2026-05-23T03:03:55+0300 INFO: C:\Users\Ksenya\Desktop\hakaton\main\resource\f72b17f9-4f40-4a5f-b516-f063e76826a9\main.py Завершение. Выполняемый шаг: Присвоить значение переменной. id: jMBKenGW}MvB]@BLj|h;
2026-05-23T03:03:55+0300 INFO: C:\Users\Ksenya\Desktop\hakaton\main\resource\f72b17f9-4f40-4a5f-b516-f063e76826a9\main.py Ответ получен. Сохраняю файл
2026-05-23T03:03:55+0300 INFO: C:\Users\Ksenya\Desktop\hakaton\main\resource\f72b17f9-4f40-4a5f-b516-f063e76826a9\main.py Старт. Выполняемый шаг: Присвоить значение переменной. id: MwpJ)h|(t;te{v8bJF/j
2026-05-23T03:03:56+0300 INFO: C:\Users\Ksenya\Desktop\hakaton\main\resource\f72b17f9-4f40-4a5f-b516-f063e76826a9\main.py Выполнение. Выполняемый шаг: Присвоить значение переменной. id: MwpJ)h|(t;te{v8bJF/j
2026-05-23T03:03:56+0300 INFO: C:\Users\Ksenya\Desktop\hakaton\main\resource\f72b17f9-4f40-4a5f-b516-f063e76826a9\main.py Старт. Выполняемый шаг: Создать dataframe. id: b4uw@2XpjXo[#oz,!{#Y
2026-05-23T03:03:56+0300 INFO: C:\Users\Ksenya\Desktop\hakaton\main\resource\f72b17f9-4f40-4a5f-b516-f063e76826a9\main.py Завершение. Выполняемый шаг: Создать dataframe. id: b4uw@2XpjXo[#oz,!{#Y
2026-05-23T03:03:56+0300 INFO: C:\Users\Ksenya\Desktop\hakaton\main\resource\f72b17f9-4f40-4a5f-b516-f063e76826a9\main.py Завершение. Выполняемый шаг: Присвоить значение переменной. id: MwpJ)h|(t;te{v8bJF/j
2026-05-23T03:03:56+0300 INFO: C:\Users\Ksenya\Desktop\hakaton\main\resource\f72b17f9-4f40-4a5f-b516-f063e76826a9\main.py Старт. Выполняемый шаг: Записать в Excel. id: qJiAWVf9/jjT+tN|o0in
2026-05-23T03:03:57+0300 INFO: C:\Users\Ksenya\Desktop\hakaton\main\resource\f72b17f9-4f40-4a5f-b516-f063e76826a9\main.py Выполнение. Выполняемый шаг: Записать в Excel. id: qJiAWVf9/jjT+tN|o0in
2026-05-23T03:03:57+0300 INFO: C:\Users\Ksenya\Desktop\hakaton\main\resource\f72b17f9-4f40-4a5f-b516-f063e76826a9\main.py Завершение. Выполняемый шаг: Записать в Excel. id: qJiAWVf9/jjT+tN|o0in
2026-05-23T03:03:57+0300 INFO: C:\Users\Ksenya\Desktop\hakaton\main\resource\f72b17f9-4f40-4a5f-b516-f063e76826a9\main.py Файл создан:C:\Users\Ksenya\Desktop\hakaton\main\resource\outputosv_may_2026.xlsx
2026-05-23T03:03:57+0300 INFO: C:\Users\Ksenya\Desktop\hakaton\main\resource\f72b17f9-4f40-4a5f-b516-f063e76826a9\main.py Завершение. Выполняемый шаг: Обработка ошибки. id: E(ohZ?TiZWX5;}Gqu-r,
2026-05-23T03:03:57+0300 INFO: Завершение работы робота: C:\Users\Ksenya\Desktop\hakaton\main\resource\f72b17f9-4f40-4a5f-b516-f063e76826a9\main.py
2026-05-23T03:04:05+0300 INFO: Старт робота: C:\Users\Ksenya\Desktop\hakaton\main\resource\76d527a2-b46a-4b9a-b0b1-48cccb9a86b5\main.py
2026-05-23T03:04:05+0300 INFO: C:\Users\Ksenya\Desktop\hakaton\main\resource\76d527a2-b46a-4b9a-b0b1-48cccb9a86b5\main.py Старт. Выполняемый шаг: Обработка ошибки. id: E(ohZ?TiZWX5;}Gqu-r,
2026-05-23T03:04:05+0300 INFO: C:\Users\Ksenya\Desktop\hakaton\main\resource\76d527a2-b46a-4b9a-b0b1-48cccb9a86b5\main.py Выполнение. Выполняемый шаг: Обработка ошибки. id: E(ohZ?TiZWX5;}Gqu-r,
2026-05-23T03:04:05+0300 INFO: C:\Users\Ksenya\Desktop\hakaton\main\resource\76d527a2-b46a-4b9a-b0b1-48cccb9a86b5\main.py Робот запущен
2026-05-23T03:04:05+0300 INFO: C:\Users\Ksenya\Desktop\hakaton\main\resource\76d527a2-b46a-4b9a-b0b1-48cccb9a86b5\main.py Старт. Выполняемый шаг: Присвоить значение переменной. id: uT8K_dR,wNXk4m?dkCsM
2026-05-23T03:04:05+0300 INFO: C:\Users\Ksenya\Desktop\hakaton\main\resource\76d527a2-b46a-4b9a-b0b1-48cccb9a86b5\main.py Выполнение. Выполняемый шаг: Присвоить значение переменной. id: uT8K_dR,wNXk4m?dkCsM
2026-05-23T03:04:05+0300 INFO: C:\Users\Ksenya\Desktop\hakaton\main\resource\76d527a2-b46a-4b9a-b0b1-48cccb9a86b5\main.py Завершение. Выполняемый шаг: Присвоить значение переменной. id: uT8K_dR,wNXk4m?dkCsM
2026-05-23T03:04:05+0300 INFO: C:\Users\Ksenya\Desktop\hakaton\main\resource\76d527a2-b46a-4b9a-b0b1-48cccb9a86b5\main.py Старт. Выполняемый шаг: Присвоить значение переменной. id: :MAZ.Rz62:ZsFDl7vQQJ
2026-05-23T03:04:05+0300 INFO: C:\Users\Ksenya\Desktop\hakaton\main\resource\76d527a2-b46a-4b9a-b0b1-48cccb9a86b5\main.py Выполнение. Выполняемый шаг: Присвоить значение переменной. id: :MAZ.Rz62:ZsFDl7vQQJ
2026-05-23T03:04:05+0300 INFO: C:\Users\Ksenya\Desktop\hakaton\main\resource\76d527a2-b46a-4b9a-b0b1-48cccb9a86b5\main.py Завершение. Выполняемый шаг: Присвоить значение переменной. id: :MAZ.Rz62:ZsFDl7vQQJ
2026-05-23T03:04:05+0300 INFO: C:\Users\Ksenya\Desktop\hakaton\main\resource\76d527a2-b46a-4b9a-b0b1-48cccb9a86b5\main.py Старт. Выполняемый шаг: Присвоить значение переменной. id: WBqw15|Z#}dx_{yM[UJS
2026-05-23T03:04:06+0300 INFO: C:\Users\Ksenya\Desktop\hakaton\main\resource\76d527a2-b46a-4b9a-b0b1-48cccb9a86b5\main.py Выполнение. Выполняемый шаг: Присвоить значение переменной. id: WBqw15|Z#}dx_{yM[UJS
2026-05-23T03:04:06+0300 INFO: C:\Users\Ksenya\Desktop\hakaton\main\resource\76d527a2-b46a-4b9a-b0b1-48cccb9a86b5\main.py Завершение. Выполняемый шаг: Присвоить значение переменной. id: WBqw15|Z#}dx_{yM[UJS
2026-05-23T03:04:06+0300 INFO: C:\Users\Ksenya\Desktop\hakaton\main\resource\76d527a2-b46a-4b9a-b0b1-48cccb9a86b5\main.py Старт. Выполняемый шаг: Присвоить значение переменной. id: ZD}VS]B8yU%7IR$_1:gx
2026-05-23T03:04:06+0300 INFO: C:\Users\Ksenya\Desktop\hakaton\main\resource\76d527a2-b46a-4b9a-b0b1-48cccb9a86b5\main.py Выполнение. Выполняемый шаг: Присвоить значение переменной. id: ZD}VS]B8yU%7IR$_1:gx
2026-05-23T03:04:06+0300 INFO: C:\Users\Ksenya\Desktop\hakaton\main\resource\76d527a2-b46a-4b9a-b0b1-48cccb9a86b5\main.py Старт. Выполняемый шаг: Прочитать файл. id: h-7qLFMP}Ex#VZ)Ao@jd
2026-05-23T03:04:06+0300 INFO: C:\Users\Ksenya\Desktop\hakaton\main\resource\76d527a2-b46a-4b9a-b0b1-48cccb9a86b5\main.py Завершение. Выполняемый шаг: Прочитать файл. id: h-7qLFMP}Ex#VZ)Ao@jd
2026-05-23T03:04:06+0300 INFO: C:\Users\Ksenya\Desktop\hakaton\main\resource\76d527a2-b46a-4b9a-b0b1-48cccb9a86b5\main.py Завершение. Выполняемый шаг: Присвоить значение переменной. id: ZD}VS]B8yU%7IR$_1:gx
2026-05-23T03:04:06+0300 INFO: C:\Users\Ksenya\Desktop\hakaton\main\resource\76d527a2-b46a-4b9a-b0b1-48cccb9a86b5\main.py Старт. Выполняемый шаг: Присвоить значение переменной. id: ^0R|78#C*6Lo31|B;%K9
2026-05-23T03:04:07+0300 INFO: C:\Users\Ksenya\Desktop\hakaton\main\resource\76d527a2-b46a-4b9a-b0b1-48cccb9a86b5\main.py Выполнение. Выполняемый шаг: Присвоить значение переменной. id: ^0R|78#C*6Lo31|B;%K9
2026-05-23T03:04:07+0300 INFO: C:\Users\Ksenya\Desktop\hakaton\main\resource\76d527a2-b46a-4b9a-b0b1-48cccb9a86b5\main.py Завершение. Выполняемый шаг: Присвоить значение переменной. id: ^0R|78#C*6Lo31|B;%K9
2026-05-23T03:04:07+0300 INFO: C:\Users\Ksenya\Desktop\hakaton\main\resource\76d527a2-b46a-4b9a-b0b1-48cccb9a86b5\main.py Старт. Выполняемый шаг: Присвоить значение переменной. id: p$O:QoI+|4ux$8{ysFr:
2026-05-23T03:04:07+0300 INFO: C:\Users\Ksenya\Desktop\hakaton\main\resource\76d527a2-b46a-4b9a-b0b1-48cccb9a86b5\main.py Выполнение. Выполняемый шаг: Присвоить значение переменной. id: p$O:QoI+|4ux$8{ysFr:
2026-05-23T03:04:07+0300 INFO: C:\Users\Ksenya\Desktop\hakaton\main\resource\76d527a2-b46a-4b9a-b0b1-48cccb9a86b5\main.py Завершение. Выполняемый шаг: Присвоить значение переменной. id: p$O:QoI+|4ux$8{ysFr:
2026-05-23T03:04:07+0300 INFO: C:\Users\Ksenya\Desktop\hakaton\main\resource\76d527a2-b46a-4b9a-b0b1-48cccb9a86b5\main.py Старт. Выполняемый шаг: Присвоить значение переменной. id: su.Opf;Rsi(I_eG21pY+
2026-05-23T03:04:08+0300 INFO: C:\Users\Ksenya\Desktop\hakaton\main\resource\76d527a2-b46a-4b9a-b0b1-48cccb9a86b5\main.py Выполнение. Выполняемый шаг: Присвоить значение переменной. id: su.Opf;Rsi(I_eG21pY+
2026-05-23T03:04:08+0300 INFO: C:\Users\Ksenya\Desktop\hakaton\main\resource\76d527a2-b46a-4b9a-b0b1-48cccb9a86b5\main.py Завершение. Выполняемый шаг: Присвоить значение переменной. id: su.Opf;Rsi(I_eG21pY+
2026-05-23T03:04:08+0300 INFO: C:\Users\Ksenya\Desktop\hakaton\main\resource\76d527a2-b46a-4b9a-b0b1-48cccb9a86b5\main.py Старт. Выполняемый шаг: Присвоить значение переменной. id: ]Nwow_`34-zY1snYsMa=
2026-05-23T03:04:08+0300 INFO: C:\Users\Ksenya\Desktop\hakaton\main\resource\76d527a2-b46a-4b9a-b0b1-48cccb9a86b5\main.py Выполнение. Выполняемый шаг: Присвоить значение переменной. id: ]Nwow_`34-zY1snYsMa=
2026-05-23T03:04:08+0300 INFO: C:\Users\Ksenya\Desktop\hakaton\main\resource\76d527a2-b46a-4b9a-b0b1-48cccb9a86b5\main.py Завершение. Выполняемый шаг: Присвоить значение переменной. id: ]Nwow_`34-zY1snYsMa=
2026-05-23T03:04:08+0300 INFO: C:\Users\Ksenya\Desktop\hakaton\main\resource\76d527a2-b46a-4b9a-b0b1-48cccb9a86b5\main.py Старт. Выполняемый шаг: Присвоить значение переменной. id: 3oGjmJ`CaVRVz9#qu*_m
2026-05-23T03:04:08+0300 INFO: C:\Users\Ksenya\Desktop\hakaton\main\resource\76d527a2-b46a-4b9a-b0b1-48cccb9a86b5\main.py Выполнение. Выполняемый шаг: Присвоить значение переменной. id: 3oGjmJ`CaVRVz9#qu*_m
2026-05-23T03:04:08+0300 INFO: C:\Users\Ksenya\Desktop\hakaton\main\resource\76d527a2-b46a-4b9a-b0b1-48cccb9a86b5\main.py Завершение. Выполняемый шаг: Присвоить значение переменной. id: 3oGjmJ`CaVRVz9#qu*_m
2026-05-23T03:04:08+0300 INFO: C:\Users\Ksenya\Desktop\hakaton\main\resource\76d527a2-b46a-4b9a-b0b1-48cccb9a86b5\main.py Старт. Выполняемый шаг: Присвоить значение переменной. id: :kF]*7FA#}yI!L)At3D0
2026-05-23T03:04:09+0300 INFO: C:\Users\Ksenya\Desktop\hakaton\main\resource\76d527a2-b46a-4b9a-b0b1-48cccb9a86b5\main.py Выполнение. Выполняемый шаг: Присвоить значение переменной. id: :kF]*7FA#}yI!L)At3D0
2026-05-23T03:04:09+0300 INFO: C:\Users\Ksenya\Desktop\hakaton\main\resource\76d527a2-b46a-4b9a-b0b1-48cccb9a86b5\main.py Завершение. Выполняемый шаг: Присвоить значение переменной. id: :kF]*7FA#}yI!L)At3D0
2026-05-23T03:04:09+0300 INFO: C:\Users\Ksenya\Desktop\hakaton\main\resource\76d527a2-b46a-4b9a-b0b1-48cccb9a86b5\main.py Отправляю запрос в 1С
2026-05-23T03:04:09+0300 INFO: C:\Users\Ksenya\Desktop\hakaton\main\resource\76d527a2-b46a-4b9a-b0b1-48cccb9a86b5\main.py Старт. Выполняемый шаг: Присвоить значение переменной. id: !ywK5=-Xf1I3.TZw{|wY
2026-05-23T03:04:09+0300 INFO: C:\Users\Ksenya\Desktop\hakaton\main\resource\76d527a2-b46a-4b9a-b0b1-48cccb9a86b5\main.py Выполнение. Выполняемый шаг: Присвоить значение переменной. id: !ywK5=-Xf1I3.TZw{|wY
2026-05-23T03:04:09+0300 INFO: C:\Users\Ksenya\Desktop\hakaton\main\resource\76d527a2-b46a-4b9a-b0b1-48cccb9a86b5\main.py Старт. Выполняемый шаг: Отправить запрос в 1С. id: XwlC!5@Ta@JGRc)n~fg7
2026-05-23T03:04:09+0300 INFO: C:\Users\Ksenya\Desktop\hakaton\main\resource\76d527a2-b46a-4b9a-b0b1-48cccb9a86b5\main.py Завершение. Выполняемый шаг: Отправить запрос в 1С. id: XwlC!5@Ta@JGRc)n~fg7
2026-05-23T03:04:09+0300 INFO: C:\Users\Ksenya\Desktop\hakaton\main\resource\76d527a2-b46a-4b9a-b0b1-48cccb9a86b5\main.py Завершение. Выполняемый шаг: Присвоить значение переменной. id: !ywK5=-Xf1I3.TZw{|wY
2026-05-23T03:04:10+0300 INFO: C:\Users\Ksenya\Desktop\hakaton\main\resource\76d527a2-b46a-4b9a-b0b1-48cccb9a86b5\main.py Ответ получен. Сохраняю в файл
2026-05-23T03:04:10+0300 INFO: C:\Users\Ksenya\Desktop\hakaton\main\resource\76d527a2-b46a-4b9a-b0b1-48cccb9a86b5\main.py Старт. Выполняемый шаг: Присвоить значение переменной. id: jMBKenGW}MvB]@BLj|h;
2026-05-23T03:04:11+0300 INFO: C:\Users\Ksenya\Desktop\hakaton\main\resource\76d527a2-b46a-4b9a-b0b1-48cccb9a86b5\main.py Выполнение. Выполняемый шаг: Присвоить значение переменной. id: jMBKenGW}MvB]@BLj|h;
2026-05-23T03:04:11+0300 INFO: C:\Users\Ksenya\Desktop\hakaton\main\resource\76d527a2-b46a-4b9a-b0b1-48cccb9a86b5\main.py Завершение. Выполняемый шаг: Присвоить значение переменной. id: jMBKenGW}MvB]@BLj|h;
2026-05-23T03:04:11+0300 INFO: C:\Users\Ksenya\Desktop\hakaton\main\resource\76d527a2-b46a-4b9a-b0b1-48cccb9a86b5\main.py Ответ получен. Сохраняю файл
2026-05-23T03:04:11+0300 INFO: C:\Users\Ksenya\Desktop\hakaton\main\resource\76d527a2-b46a-4b9a-b0b1-48cccb9a86b5\main.py Старт. Выполняемый шаг: Присвоить значение переменной. id: MwpJ)h|(t;te{v8bJF/j
2026-05-23T03:04:13+0300 INFO: C:\Users\Ksenya\Desktop\hakaton\main\resource\76d527a2-b46a-4b9a-b0b1-48cccb9a86b5\main.py Выполнение. Выполняемый шаг: Присвоить значение переменной. id: MwpJ)h|(t;te{v8bJF/j
2026-05-23T03:04:13+0300 INFO: C:\Users\Ksenya\Desktop\hakaton\main\resource\76d527a2-b46a-4b9a-b0b1-48cccb9a86b5\main.py Старт. Выполняемый шаг: Создать dataframe. id: b4uw@2XpjXo[#oz,!{#Y
2026-05-23T03:04:13+0300 INFO: C:\Users\Ksenya\Desktop\hakaton\main\resource\76d527a2-b46a-4b9a-b0b1-48cccb9a86b5\main.py Завершение. Выполняемый шаг: Создать dataframe. id: b4uw@2XpjXo[#oz,!{#Y
2026-05-23T03:04:13+0300 INFO: C:\Users\Ksenya\Desktop\hakaton\main\resource\76d527a2-b46a-4b9a-b0b1-48cccb9a86b5\main.py Завершение. Выполняемый шаг: Присвоить значение переменной. id: MwpJ)h|(t;te{v8bJF/j
2026-05-23T03:04:13+0300 INFO: C:\Users\Ksenya\Desktop\hakaton\main\resource\76d527a2-b46a-4b9a-b0b1-48cccb9a86b5\main.py Старт. Выполняемый шаг: Записать в Excel. id: qJiAWVf9/jjT+tN|o0in
2026-05-23T03:04:25+0300 INFO: C:\Users\Ksenya\Desktop\hakaton\main\resource\76d527a2-b46a-4b9a-b0b1-48cccb9a86b5\main.py Выполнение. Выполняемый шаг: Записать в Excel. id: qJiAWVf9/jjT+tN|o0in
2026-05-23T03:04:25+0300 INFO: C:\Users\Ksenya\Desktop\hakaton\main\resource\76d527a2-b46a-4b9a-b0b1-48cccb9a86b5\main.py Завершение. Выполняемый шаг: Записать в Excel. id: qJiAWVf9/jjT+tN|o0in
2026-05-23T03:04:29+0300 INFO: C:\Users\Ksenya\Desktop\hakaton\main\resource\76d527a2-b46a-4b9a-b0b1-48cccb9a86b5\main.py Файл создан:C:\Users\Ksenya\Desktop\hakaton\main\resource\outputosv_may_2026.xlsx
2026-05-23T03:04:29+0300 INFO: C:\Users\Ksenya\Desktop\hakaton\main\resource\76d527a2-b46a-4b9a-b0b1-48cccb9a86b5\main.py Завершение. Выполняемый шаг: Обработка ошибки. id: E(ohZ?TiZWX5;}Gqu-r,
2026-05-23T03:04:29+0300 INFO: Завершение работы робота: C:\Users\Ksenya\Desktop\hakaton\main\resource\76d527a2-b46a-4b9a-b0b1-48cccb9a86b5\main.py
2026-05-23T03:04:36+0300 INFO: Старт робота: C:\Users\Ksenya\Desktop\hakaton\main\resource\0552d4dc-ecfb-4039-803b-237f0aa3574b\main.py
2026-05-23T03:04:36+0300 INFO: C:\Users\Ksenya\Desktop\hakaton\main\resource\0552d4dc-ecfb-4039-803b-237f0aa3574b\main.py Старт. Выполняемый шаг: Обработка ошибки. id: E(ohZ?TiZWX5;}Gqu-r,
2026-05-23T03:04:36+0300 INFO: C:\Users\Ksenya\Desktop\hakaton\main\resource\0552d4dc-ecfb-4039-803b-237f0aa3574b\main.py Выполнение. Выполняемый шаг: Обработка ошибки. id: E(ohZ?TiZWX5;}Gqu-r,
2026-05-23T03:04:36+0300 INFO: C:\Users\Ksenya\Desktop\hakaton\main\resource\0552d4dc-ecfb-4039-803b-237f0aa3574b\main.py Робот запущен
2026-05-23T03:04:36+0300 INFO: C:\Users\Ksenya\Desktop\hakaton\main\resource\0552d4dc-ecfb-4039-803b-237f0aa3574b\main.py Старт. Выполняемый шаг: Присвоить значение переменной. id: uT8K_dR,wNXk4m?dkCsM
2026-05-23T03:04:37+0300 INFO: C:\Users\Ksenya\Desktop\hakaton\main\resource\0552d4dc-ecfb-4039-803b-237f0aa3574b\main.py Выполнение. Выполняемый шаг: Присвоить значение переменной. id: uT8K_dR,wNXk4m?dkCsM
2026-05-23T03:04:37+0300 INFO: C:\Users\Ksenya\Desktop\hakaton\main\resource\0552d4dc-ecfb-4039-803b-237f0aa3574b\main.py Завершение. Выполняемый шаг: Присвоить значение переменной. id: uT8K_dR,wNXk4m?dkCsM
2026-05-23T03:04:37+0300 INFO: C:\Users\Ksenya\Desktop\hakaton\main\resource\0552d4dc-ecfb-4039-803b-237f0aa3574b\main.py Старт. Выполняемый шаг: Присвоить значение переменной. id: :MAZ.Rz62:ZsFDl7vQQJ
2026-05-23T03:04:38+0300 INFO: C:\Users\Ksenya\Desktop\hakaton\main\resource\0552d4dc-ecfb-4039-803b-237f0aa3574b\main.py Выполнение. Выполняемый шаг: Присвоить значение переменной. id: :MAZ.Rz62:ZsFDl7vQQJ
2026-05-23T03:04:38+0300 INFO: C:\Users\Ksenya\Desktop\hakaton\main\resource\0552d4dc-ecfb-4039-803b-237f0aa3574b\main.py Завершение. Выполняемый шаг: Присвоить значение переменной. id: :MAZ.Rz62:ZsFDl7vQQJ
2026-05-23T03:04:38+0300 INFO: C:\Users\Ksenya\Desktop\hakaton\main\resource\0552d4dc-ecfb-4039-803b-237f0aa3574b\main.py Старт. Выполняемый шаг: Присвоить значение переменной. id: WBqw15|Z#}dx_{yM[UJS
2026-05-23T03:04:38+0300 INFO: C:\Users\Ksenya\Desktop\hakaton\main\resource\0552d4dc-ecfb-4039-803b-237f0aa3574b\main.py Выполнение. Выполняемый шаг: Присвоить значение переменной. id: WBqw15|Z#}dx_{yM[UJS
2026-05-23T03:04:38+0300 INFO: C:\Users\Ksenya\Desktop\hakaton\main\resource\0552d4dc-ecfb-4039-803b-237f0aa3574b\main.py Завершение. Выполняемый шаг: Присвоить значение переменной. id: WBqw15|Z#}dx_{yM[UJS
2026-05-23T03:04:38+0300 INFO: C:\Users\Ksenya\Desktop\hakaton\main\resource\0552d4dc-ecfb-4039-803b-237f0aa3574b\main.py Старт. Выполняемый шаг: Присвоить значение переменной. id: ZD}VS]B8yU%7IR$_1:gx
2026-05-23T03:04:38+0300 INFO: C:\Users\Ksenya\Desktop\hakaton\main\resource\0552d4dc-ecfb-4039-803b-237f0aa3574b\main.py Выполнение. Выполняемый шаг: Присвоить значение переменной. id: ZD}VS]B8yU%7IR$_1:gx
2026-05-23T03:04:38+0300 INFO: C:\Users\Ksenya\Desktop\hakaton\main\resource\0552d4dc-ecfb-4039-803b-237f0aa3574b\main.py Старт. Выполняемый шаг: Прочитать файл. id: h-7qLFMP}Ex#VZ)Ao@jd
2026-05-23T03:04:38+0300 INFO: C:\Users\Ksenya\Desktop\hakaton\main\resource\0552d4dc-ecfb-4039-803b-237f0aa3574b\main.py Завершение. Выполняемый шаг: Прочитать файл. id: h-7qLFMP}Ex#VZ)Ao@jd
2026-05-23T03:04:38+0300 INFO: C:\Users\Ksenya\Desktop\hakaton\main\resource\0552d4dc-ecfb-4039-803b-237f0aa3574b\main.py Завершение. Выполняемый шаг: Присвоить значение переменной. id: ZD}VS]B8yU%7IR$_1:gx
2026-05-23T03:04:38+0300 INFO: C:\Users\Ksenya\Desktop\hakaton\main\resource\0552d4dc-ecfb-4039-803b-237f0aa3574b\main.py Старт. Выполняемый шаг: Присвоить значение переменной. id: ^0R|78#C*6Lo31|B;%K9
2026-05-23T03:04:39+0300 INFO: C:\Users\Ksenya\Desktop\hakaton\main\resource\0552d4dc-ecfb-4039-803b-237f0aa3574b\main.py Выполнение. Выполняемый шаг: Присвоить значение переменной. id: ^0R|78#C*6Lo31|B;%K9
2026-05-23T03:04:39+0300 INFO: C:\Users\Ksenya\Desktop\hakaton\main\resource\0552d4dc-ecfb-4039-803b-237f0aa3574b\main.py Завершение. Выполняемый шаг: Присвоить значение переменной. id: ^0R|78#C*6Lo31|B;%K9
2026-05-23T03:04:39+0300 INFO: C:\Users\Ksenya\Desktop\hakaton\main\resource\0552d4dc-ecfb-4039-803b-237f0aa3574b\main.py Старт. Выполняемый шаг: Присвоить значение переменной. id: p$O:QoI+|4ux$8{ysFr:
2026-05-23T03:04:39+0300 INFO: C:\Users\Ksenya\Desktop\hakaton\main\resource\0552d4dc-ecfb-4039-803b-237f0aa3574b\main.py Выполнение. Выполняемый шаг: Присвоить значение переменной. id: p$O:QoI+|4ux$8{ysFr:
2026-05-23T03:04:39+0300 INFO: C:\Users\Ksenya\Desktop\hakaton\main\resource\0552d4dc-ecfb-4039-803b-237f0aa3574b\main.py Завершение. Выполняемый шаг: Присвоить значение переменной. id: p$O:QoI+|4ux$8{ysFr:
2026-05-23T03:04:39+0300 INFO: C:\Users\Ksenya\Desktop\hakaton\main\resource\0552d4dc-ecfb-4039-803b-237f0aa3574b\main.py Старт. Выполняемый шаг: Присвоить значение переменной. id: su.Opf;Rsi(I_eG21pY+
2026-05-23T03:04:39+0300 INFO: C:\Users\Ksenya\Desktop\hakaton\main\resource\0552d4dc-ecfb-4039-803b-237f0aa3574b\main.py Выполнение. Выполняемый шаг: Присвоить значение переменной. id: su.Opf;Rsi(I_eG21pY+
2026-05-23T03:04:39+0300 INFO: C:\Users\Ksenya\Desktop\hakaton\main\resource\0552d4dc-ecfb-4039-803b-237f0aa3574b\main.py Завершение. Выполняемый шаг: Присвоить значение переменной. id: su.Opf;Rsi(I_eG21pY+
2026-05-23T03:04:39+0300 INFO: C:\Users\Ksenya\Desktop\hakaton\main\resource\0552d4dc-ecfb-4039-803b-237f0aa3574b\main.py Старт. Выполняемый шаг: Присвоить значение переменной. id: ]Nwow_`34-zY1snYsMa=
2026-05-23T03:04:40+0300 INFO: C:\Users\Ksenya\Desktop\hakaton\main\resource\0552d4dc-ecfb-4039-803b-237f0aa3574b\main.py Выполнение. Выполняемый шаг: Присвоить значение переменной. id: ]Nwow_`34-zY1snYsMa=
2026-05-23T03:04:40+0300 INFO: C:\Users\Ksenya\Desktop\hakaton\main\resource\0552d4dc-ecfb-4039-803b-237f0aa3574b\main.py Завершение. Выполняемый шаг: Присвоить значение переменной. id: ]Nwow_`34-zY1snYsMa=
2026-05-23T03:04:40+0300 INFO: C:\Users\Ksenya\Desktop\hakaton\main\resource\0552d4dc-ecfb-4039-803b-237f0aa3574b\main.py Старт. Выполняемый шаг: Присвоить значение переменной. id: 3oGjmJ`CaVRVz9#qu*_m
2026-05-23T03:04:40+0300 INFO: C:\Users\Ksenya\Desktop\hakaton\main\resource\0552d4dc-ecfb-4039-803b-237f0aa3574b\main.py Выполнение. Выполняемый шаг: Присвоить значение переменной. id: 3oGjmJ`CaVRVz9#qu*_m
2026-05-23T03:04:40+0300 INFO: C:\Users\Ksenya\Desktop\hakaton\main\resource\0552d4dc-ecfb-4039-803b-237f0aa3574b\main.py Завершение. Выполняемый шаг: Присвоить значение переменной. id: 3oGjmJ`CaVRVz9#qu*_m
2026-05-23T03:04:40+0300 INFO: C:\Users\Ksenya\Desktop\hakaton\main\resource\0552d4dc-ecfb-4039-803b-237f0aa3574b\main.py Старт. Выполняемый шаг: Присвоить значение переменной. id: :kF]*7FA#}yI!L)At3D0
2026-05-23T03:04:40+0300 INFO: C:\Users\Ksenya\Desktop\hakaton\main\resource\0552d4dc-ecfb-4039-803b-237f0aa3574b\main.py Выполнение. Выполняемый шаг: Присвоить значение переменной. id: :kF]*7FA#}yI!L)At3D0
2026-05-23T03:04:40+0300 INFO: C:\Users\Ksenya\Desktop\hakaton\main\resource\0552d4dc-ecfb-4039-803b-237f0aa3574b\main.py Завершение. Выполняемый шаг: Присвоить значение переменной. id: :kF]*7FA#}yI!L)At3D0
2026-05-23T03:04:40+0300 INFO: C:\Users\Ksenya\Desktop\hakaton\main\resource\0552d4dc-ecfb-4039-803b-237f0aa3574b\main.py Отправляю запрос в 1С
2026-05-23T03:04:40+0300 INFO: C:\Users\Ksenya\Desktop\hakaton\main\resource\0552d4dc-ecfb-4039-803b-237f0aa3574b\main.py Старт. Выполняемый шаг: Присвоить значение переменной. id: !ywK5=-Xf1I3.TZw{|wY
2026-05-23T03:04:40+0300 INFO: C:\Users\Ksenya\Desktop\hakaton\main\resource\0552d4dc-ecfb-4039-803b-237f0aa3574b\main.py Выполнение. Выполняемый шаг: Присвоить значение переменной. id: !ywK5=-Xf1I3.TZw{|wY
2026-05-23T03:04:40+0300 INFO: C:\Users\Ksenya\Desktop\hakaton\main\resource\0552d4dc-ecfb-4039-803b-237f0aa3574b\main.py Старт. Выполняемый шаг: Отправить запрос в 1С. id: XwlC!5@Ta@JGRc)n~fg7
2026-05-23T03:04:41+0300 INFO: C:\Users\Ksenya\Desktop\hakaton\main\resource\0552d4dc-ecfb-4039-803b-237f0aa3574b\main.py Завершение. Выполняемый шаг: Отправить запрос в 1С. id: XwlC!5@Ta@JGRc)n~fg7
2026-05-23T03:04:41+0300 INFO: C:\Users\Ksenya\Desktop\hakaton\main\resource\0552d4dc-ecfb-4039-803b-237f0aa3574b\main.py Завершение. Выполняемый шаг: Присвоить значение переменной. id: !ywK5=-Xf1I3.TZw{|wY
2026-05-23T03:04:41+0300 INFO: C:\Users\Ksenya\Desktop\hakaton\main\resource\0552d4dc-ecfb-4039-803b-237f0aa3574b\main.py Ответ получен. Сохраняю в файл
2026-05-23T03:04:41+0300 INFO: C:\Users\Ksenya\Desktop\hakaton\main\resource\0552d4dc-ecfb-4039-803b-237f0aa3574b\main.py Старт. Выполняемый шаг: Присвоить значение переменной. id: jMBKenGW}MvB]@BLj|h;
2026-05-23T03:04:42+0300 INFO: C:\Users\Ksenya\Desktop\hakaton\main\resource\0552d4dc-ecfb-4039-803b-237f0aa3574b\main.py Выполнение. Выполняемый шаг: Присвоить значение переменной. id: jMBKenGW}MvB]@BLj|h;
2026-05-23T03:04:42+0300 INFO: C:\Users\Ksenya\Desktop\hakaton\main\resource\0552d4dc-ecfb-4039-803b-237f0aa3574b\main.py Завершение. Выполняемый шаг: Присвоить значение переменной. id: jMBKenGW}MvB]@BLj|h;
2026-05-23T03:04:42+0300 INFO: C:\Users\Ksenya\Desktop\hakaton\main\resource\0552d4dc-ecfb-4039-803b-237f0aa3574b\main.py Ответ получен. Сохраняю файл
2026-05-23T03:04:42+0300 INFO: C:\Users\Ksenya\Desktop\hakaton\main\resource\0552d4dc-ecfb-4039-803b-237f0aa3574b\main.py Старт. Выполняемый шаг: Присвоить значение переменной. id: MwpJ)h|(t;te{v8bJF/j
2026-05-23T03:04:44+0300 INFO: C:\Users\Ksenya\Desktop\hakaton\main\resource\0552d4dc-ecfb-4039-803b-237f0aa3574b\main.py Выполнение. Выполняемый шаг: Присвоить значение переменной. id: MwpJ)h|(t;te{v8bJF/j
2026-05-23T03:04:44+0300 INFO: C:\Users\Ksenya\Desktop\hakaton\main\resource\0552d4dc-ecfb-4039-803b-237f0aa3574b\main.py Старт. Выполняемый шаг: Создать dataframe. id: b4uw@2XpjXo[#oz,!{#Y
2026-05-23T03:04:44+0300 INFO: C:\Users\Ksenya\Desktop\hakaton\main\resource\0552d4dc-ecfb-4039-803b-237f0aa3574b\main.py Завершение. Выполняемый шаг: Создать dataframe. id: b4uw@2XpjXo[#oz,!{#Y
2026-05-23T03:04:44+0300 INFO: C:\Users\Ksenya\Desktop\hakaton\main\resource\0552d4dc-ecfb-4039-803b-237f0aa3574b\main.py Завершение. Выполняемый шаг: Присвоить значение переменной. id: MwpJ)h|(t;te{v8bJF/j
2026-05-23T03:04:44+0300 INFO: C:\Users\Ksenya\Desktop\hakaton\main\resource\0552d4dc-ecfb-4039-803b-237f0aa3574b\main.py Старт. Выполняемый шаг: Записать в Excel. id: qJiAWVf9/jjT+tN|o0in
2026-05-23T03:05:17+0300 INFO: C:\Users\Ksenya\Desktop\hakaton\main\resource\0552d4dc-ecfb-4039-803b-237f0aa3574b\main.py Выполнение. Выполняемый шаг: Записать в Excel. id: qJiAWVf9/jjT+tN|o0in
2026-05-23T03:05:17+0300 INFO: C:\Users\Ksenya\Desktop\hakaton\main\resource\0552d4dc-ecfb-4039-803b-237f0aa3574b\main.py Завершение. Выполняемый шаг: Записать в Excel. id: qJiAWVf9/jjT+tN|o0in
2026-05-23T03:05:18+0300 INFO: C:\Users\Ksenya\Desktop\hakaton\main\resource\0552d4dc-ecfb-4039-803b-237f0aa3574b\main.py Файл создан:C:\Users\Ksenya\Desktop\hakaton\main\resource\outputosv_may_2026.xlsx
2026-05-23T03:05:18+0300 INFO: C:\Users\Ksenya\Desktop\hakaton\main\resource\0552d4dc-ecfb-4039-803b-237f0aa3574b\main.py Завершение. Выполняемый шаг: Обработка ошибки. id: E(ohZ?TiZWX5;}Gqu-r,
2026-05-23T03:05:18+0300 INFO: Завершение работы робота: C:\Users\Ksenya\Desktop\hakaton\main\resource\0552d4dc-ecfb-4039-803b-237f0aa3574b\main.py
2026-05-23T03:07:05+0300 INFO: Старт робота: C:\Users\Ksenya\Desktop\hakaton\main\resource\6afcb4de-399f-4c73-9a34-06ff5bdd828d\main.py
2026-05-23T03:07:05+0300 INFO: C:\Users\Ksenya\Desktop\hakaton\main\resource\6afcb4de-399f-4c73-9a34-06ff5bdd828d\main.py Старт. Выполняемый шаг: Обработка ошибки. id: E(ohZ?TiZWX5;}Gqu-r,
2026-05-23T03:07:05+0300 INFO: C:\Users\Ksenya\Desktop\hakaton\main\resource\6afcb4de-399f-4c73-9a34-06ff5bdd828d\main.py Выполнение. Выполняемый шаг: Обработка ошибки. id: E(ohZ?TiZWX5;}Gqu-r,
2026-05-23T03:07:05+0300 INFO: C:\Users\Ksenya\Desktop\hakaton\main\resource\6afcb4de-399f-4c73-9a34-06ff5bdd828d\main.py Робот запущен
2026-05-23T03:07:05+0300 INFO: C:\Users\Ksenya\Desktop\hakaton\main\resource\6afcb4de-399f-4c73-9a34-06ff5bdd828d\main.py Старт. Выполняемый шаг: Присвоить значение переменной. id: uT8K_dR,wNXk4m?dkCsM
2026-05-23T03:07:05+0300 INFO: C:\Users\Ksenya\Desktop\hakaton\main\resource\6afcb4de-399f-4c73-9a34-06ff5bdd828d\main.py Выполнение. Выполняемый шаг: Присвоить значение переменной. id: uT8K_dR,wNXk4m?dkCsM
2026-05-23T03:07:05+0300 INFO: C:\Users\Ksenya\Desktop\hakaton\main\resource\6afcb4de-399f-4c73-9a34-06ff5bdd828d\main.py Завершение. Выполняемый шаг: Присвоить значение переменной. id: uT8K_dR,wNXk4m?dkCsM
2026-05-23T03:07:05+0300 INFO: C:\Users\Ksenya\Desktop\hakaton\main\resource\6afcb4de-399f-4c73-9a34-06ff5bdd828d\main.py Старт. Выполняемый шаг: Присвоить значение переменной. id: :MAZ.Rz62:ZsFDl7vQQJ
2026-05-23T03:07:06+0300 INFO: C:\Users\Ksenya\Desktop\hakaton\main\resource\6afcb4de-399f-4c73-9a34-06ff5bdd828d\main.py Выполнение. Выполняемый шаг: Присвоить значение переменной. id: :MAZ.Rz62:ZsFDl7vQQJ
2026-05-23T03:07:06+0300 INFO: C:\Users\Ksenya\Desktop\hakaton\main\resource\6afcb4de-399f-4c73-9a34-06ff5bdd828d\main.py Завершение. Выполняемый шаг: Присвоить значение переменной. id: :MAZ.Rz62:ZsFDl7vQQJ
2026-05-23T03:07:06+0300 INFO: C:\Users\Ksenya\Desktop\hakaton\main\resource\6afcb4de-399f-4c73-9a34-06ff5bdd828d\main.py Старт. Выполняемый шаг: Присвоить значение переменной. id: WBqw15|Z#}dx_{yM[UJS
2026-05-23T03:07:07+0300 INFO: C:\Users\Ksenya\Desktop\hakaton\main\resource\6afcb4de-399f-4c73-9a34-06ff5bdd828d\main.py Выполнение. Выполняемый шаг: Присвоить значение переменной. id: WBqw15|Z#}dx_{yM[UJS
2026-05-23T03:07:07+0300 INFO: C:\Users\Ksenya\Desktop\hakaton\main\resource\6afcb4de-399f-4c73-9a34-06ff5bdd828d\main.py Завершение. Выполняемый шаг: Присвоить значение переменной. id: WBqw15|Z#}dx_{yM[UJS
2026-05-23T03:07:07+0300 INFO: C:\Users\Ksenya\Desktop\hakaton\main\resource\6afcb4de-399f-4c73-9a34-06ff5bdd828d\main.py Старт. Выполняемый шаг: Присвоить значение переменной. id: ZD}VS]B8yU%7IR$_1:gx
2026-05-23T03:07:07+0300 INFO: C:\Users\Ksenya\Desktop\hakaton\main\resource\6afcb4de-399f-4c73-9a34-06ff5bdd828d\main.py Выполнение. Выполняемый шаг: Присвоить значение переменной. id: ZD}VS]B8yU%7IR$_1:gx
2026-05-23T03:07:07+0300 INFO: C:\Users\Ksenya\Desktop\hakaton\main\resource\6afcb4de-399f-4c73-9a34-06ff5bdd828d\main.py Старт. Выполняемый шаг: Прочитать файл. id: h-7qLFMP}Ex#VZ)Ao@jd
2026-05-23T03:07:07+0300 INFO: C:\Users\Ksenya\Desktop\hakaton\main\resource\6afcb4de-399f-4c73-9a34-06ff5bdd828d\main.py Завершение. Выполняемый шаг: Прочитать файл. id: h-7qLFMP}Ex#VZ)Ao@jd
2026-05-23T03:07:07+0300 INFO: C:\Users\Ksenya\Desktop\hakaton\main\resource\6afcb4de-399f-4c73-9a34-06ff5bdd828d\main.py Завершение. Выполняемый шаг: Присвоить значение переменной. id: ZD}VS]B8yU%7IR$_1:gx
2026-05-23T03:07:07+0300 INFO: C:\Users\Ksenya\Desktop\hakaton\main\resource\6afcb4de-399f-4c73-9a34-06ff5bdd828d\main.py Старт. Выполняемый шаг: Присвоить значение переменной. id: ^0R|78#C*6Lo31|B;%K9
2026-05-23T03:07:08+0300 INFO: C:\Users\Ksenya\Desktop\hakaton\main\resource\6afcb4de-399f-4c73-9a34-06ff5bdd828d\main.py Выполнение. Выполняемый шаг: Присвоить значение переменной. id: ^0R|78#C*6Lo31|B;%K9
2026-05-23T03:07:08+0300 INFO: C:\Users\Ksenya\Desktop\hakaton\main\resource\6afcb4de-399f-4c73-9a34-06ff5bdd828d\main.py Завершение. Выполняемый шаг: Присвоить значение переменной. id: ^0R|78#C*6Lo31|B;%K9
2026-05-23T03:07:08+0300 INFO: C:\Users\Ksenya\Desktop\hakaton\main\resource\6afcb4de-399f-4c73-9a34-06ff5bdd828d\main.py Старт. Выполняемый шаг: Присвоить значение переменной. id: p$O:QoI+|4ux$8{ysFr:
2026-05-23T03:07:09+0300 INFO: C:\Users\Ksenya\Desktop\hakaton\main\resource\6afcb4de-399f-4c73-9a34-06ff5bdd828d\main.py Выполнение. Выполняемый шаг: Присвоить значение переменной. id: p$O:QoI+|4ux$8{ysFr:
2026-05-23T03:07:09+0300 INFO: C:\Users\Ksenya\Desktop\hakaton\main\resource\6afcb4de-399f-4c73-9a34-06ff5bdd828d\main.py Завершение. Выполняемый шаг: Присвоить значение переменной. id: p$O:QoI+|4ux$8{ysFr:
2026-05-23T03:07:09+0300 INFO: C:\Users\Ksenya\Desktop\hakaton\main\resource\6afcb4de-399f-4c73-9a34-06ff5bdd828d\main.py Старт. Выполняемый шаг: Присвоить значение переменной. id: ]Nwow_`34-zY1snYsMa=
2026-05-23T03:07:10+0300 INFO: C:\Users\Ksenya\Desktop\hakaton\main\resource\6afcb4de-399f-4c73-9a34-06ff5bdd828d\main.py Выполнение. Выполняемый шаг: Присвоить значение переменной. id: ]Nwow_`34-zY1snYsMa=
2026-05-23T03:07:10+0300 INFO: C:\Users\Ksenya\Desktop\hakaton\main\resource\6afcb4de-399f-4c73-9a34-06ff5bdd828d\main.py Завершение. Выполняемый шаг: Присвоить значение переменной. id: ]Nwow_`34-zY1snYsMa=
2026-05-23T03:07:10+0300 INFO: C:\Users\Ksenya\Desktop\hakaton\main\resource\6afcb4de-399f-4c73-9a34-06ff5bdd828d\main.py Старт. Выполняемый шаг: Присвоить значение переменной. id: 3oGjmJ`CaVRVz9#qu*_m
2026-05-23T03:07:10+0300 INFO: C:\Users\Ksenya\Desktop\hakaton\main\resource\6afcb4de-399f-4c73-9a34-06ff5bdd828d\main.py Выполнение. Выполняемый шаг: Присвоить значение переменной. id: 3oGjmJ`CaVRVz9#qu*_m
2026-05-23T03:07:10+0300 INFO: C:\Users\Ksenya\Desktop\hakaton\main\resource\6afcb4de-399f-4c73-9a34-06ff5bdd828d\main.py Завершение. Выполняемый шаг: Присвоить значение переменной. id: 3oGjmJ`CaVRVz9#qu*_m
2026-05-23T03:07:10+0300 INFO: C:\Users\Ksenya\Desktop\hakaton\main\resource\6afcb4de-399f-4c73-9a34-06ff5bdd828d\main.py Старт. Выполняемый шаг: Присвоить значение переменной. id: :kF]*7FA#}yI!L)At3D0
2026-05-23T03:07:11+0300 INFO: C:\Users\Ksenya\Desktop\hakaton\main\resource\6afcb4de-399f-4c73-9a34-06ff5bdd828d\main.py Выполнение. Выполняемый шаг: Присвоить значение переменной. id: :kF]*7FA#}yI!L)At3D0
2026-05-23T03:07:11+0300 INFO: C:\Users\Ksenya\Desktop\hakaton\main\resource\6afcb4de-399f-4c73-9a34-06ff5bdd828d\main.py Завершение. Выполняемый шаг: Присвоить значение переменной. id: :kF]*7FA#}yI!L)At3D0
2026-05-23T03:07:14+0300 INFO: C:\Users\Ksenya\Desktop\hakaton\main\resource\6afcb4de-399f-4c73-9a34-06ff5bdd828d\main.py Отправляю запрос в 1С
2026-05-23T03:07:14+0300 INFO: C:\Users\Ksenya\Desktop\hakaton\main\resource\6afcb4de-399f-4c73-9a34-06ff5bdd828d\main.py Старт. Выполняемый шаг: Присвоить значение переменной. id: !ywK5=-Xf1I3.TZw{|wY
2026-05-23T03:07:23+0300 INFO: C:\Users\Ksenya\Desktop\hakaton\main\resource\6afcb4de-399f-4c73-9a34-06ff5bdd828d\main.py Выполнение. Выполняемый шаг: Присвоить значение переменной. id: !ywK5=-Xf1I3.TZw{|wY
2026-05-23T03:07:23+0300 INFO: C:\Users\Ksenya\Desktop\hakaton\main\resource\6afcb4de-399f-4c73-9a34-06ff5bdd828d\main.py Старт. Выполняемый шаг: Отправить запрос в 1С. id: XwlC!5@Ta@JGRc)n~fg7
2026-05-23T03:07:24+0300 INFO: C:\Users\Ksenya\Desktop\hakaton\main\resource\6afcb4de-399f-4c73-9a34-06ff5bdd828d\main.py Завершение. Выполняемый шаг: Отправить запрос в 1С. id: XwlC!5@Ta@JGRc)n~fg7
2026-05-23T03:07:24+0300 INFO: C:\Users\Ksenya\Desktop\hakaton\main\resource\6afcb4de-399f-4c73-9a34-06ff5bdd828d\main.py Завершение. Выполняемый шаг: Присвоить значение переменной. id: !ywK5=-Xf1I3.TZw{|wY
2026-05-23T03:07:57+0300 INFO: C:\Users\Ksenya\Desktop\hakaton\main\resource\6afcb4de-399f-4c73-9a34-06ff5bdd828d\main.py Ответ получен. Сохраняю в файл
2026-05-23T03:07:57+0300 INFO: C:\Users\Ksenya\Desktop\hakaton\main\resource\6afcb4de-399f-4c73-9a34-06ff5bdd828d\main.py Старт. Выполняемый шаг: Присвоить значение переменной. id: jMBKenGW}MvB]@BLj|h;
2026-05-23T03:07:58+0300 INFO: C:\Users\Ksenya\Desktop\hakaton\main\resource\6afcb4de-399f-4c73-9a34-06ff5bdd828d\main.py Выполнение. Выполняемый шаг: Присвоить значение переменной. id: jMBKenGW}MvB]@BLj|h;
2026-05-23T03:07:58+0300 INFO: C:\Users\Ksenya\Desktop\hakaton\main\resource\6afcb4de-399f-4c73-9a34-06ff5bdd828d\main.py Завершение. Выполняемый шаг: Присвоить значение переменной. id: jMBKenGW}MvB]@BLj|h;
2026-05-23T03:07:59+0300 INFO: C:\Users\Ksenya\Desktop\hakaton\main\resource\6afcb4de-399f-4c73-9a34-06ff5bdd828d\main.py Ответ получен. Сохраняю файл
2026-05-23T03:07:59+0300 INFO: C:\Users\Ksenya\Desktop\hakaton\main\resource\6afcb4de-399f-4c73-9a34-06ff5bdd828d\main.py Старт. Выполняемый шаг: Присвоить значение переменной. id: MwpJ)h|(t;te{v8bJF/j
2026-05-23T03:08:07+0300 INFO: Старт робота: C:\Users\Ksenya\Desktop\hakaton\main\resource\1bbff072-26d5-43bb-a759-d9b2fb19a5dd\main.py
2026-05-23T03:08:07+0300 INFO: C:\Users\Ksenya\Desktop\hakaton\main\resource\1bbff072-26d5-43bb-a759-d9b2fb19a5dd\main.py Старт. Выполняемый шаг: Обработка ошибки. id: E(ohZ?TiZWX5;}Gqu-r,
2026-05-23T03:08:07+0300 INFO: C:\Users\Ksenya\Desktop\hakaton\main\resource\1bbff072-26d5-43bb-a759-d9b2fb19a5dd\main.py Выполнение. Выполняемый шаг: Обработка ошибки. id: E(ohZ?TiZWX5;}Gqu-r,
2026-05-23T03:08:07+0300 INFO: C:\Users\Ksenya\Desktop\hakaton\main\resource\1bbff072-26d5-43bb-a759-d9b2fb19a5dd\main.py Робот запущен
2026-05-23T03:08:07+0300 INFO: C:\Users\Ksenya\Desktop\hakaton\main\resource\1bbff072-26d5-43bb-a759-d9b2fb19a5dd\main.py Старт. Выполняемый шаг: Присвоить значение переменной. id: uT8K_dR,wNXk4m?dkCsM
2026-05-23T03:08:09+0300 INFO: C:\Users\Ksenya\Desktop\hakaton\main\resource\1bbff072-26d5-43bb-a759-d9b2fb19a5dd\main.py Выполнение. Выполняемый шаг: Присвоить значение переменной. id: uT8K_dR,wNXk4m?dkCsM
2026-05-23T03:08:09+0300 INFO: C:\Users\Ksenya\Desktop\hakaton\main\resource\1bbff072-26d5-43bb-a759-d9b2fb19a5dd\main.py Завершение. Выполняемый шаг: Присвоить значение переменной. id: uT8K_dR,wNXk4m?dkCsM
2026-05-23T03:08:09+0300 INFO: C:\Users\Ksenya\Desktop\hakaton\main\resource\1bbff072-26d5-43bb-a759-d9b2fb19a5dd\main.py Старт. Выполняемый шаг: Присвоить значение переменной. id: :MAZ.Rz62:ZsFDl7vQQJ
2026-05-23T03:08:09+0300 INFO: C:\Users\Ksenya\Desktop\hakaton\main\resource\1bbff072-26d5-43bb-a759-d9b2fb19a5dd\main.py Выполнение. Выполняемый шаг: Присвоить значение переменной. id: :MAZ.Rz62:ZsFDl7vQQJ
2026-05-23T03:08:09+0300 INFO: C:\Users\Ksenya\Desktop\hakaton\main\resource\1bbff072-26d5-43bb-a759-d9b2fb19a5dd\main.py Завершение. Выполняемый шаг: Присвоить значение переменной. id: :MAZ.Rz62:ZsFDl7vQQJ
2026-05-23T03:08:09+0300 INFO: C:\Users\Ksenya\Desktop\hakaton\main\resource\1bbff072-26d5-43bb-a759-d9b2fb19a5dd\main.py Старт. Выполняемый шаг: Присвоить значение переменной. id: WBqw15|Z#}dx_{yM[UJS
2026-05-23T03:08:10+0300 INFO: C:\Users\Ksenya\Desktop\hakaton\main\resource\1bbff072-26d5-43bb-a759-d9b2fb19a5dd\main.py Выполнение. Выполняемый шаг: Присвоить значение переменной. id: WBqw15|Z#}dx_{yM[UJS
2026-05-23T03:08:10+0300 INFO: C:\Users\Ksenya\Desktop\hakaton\main\resource\1bbff072-26d5-43bb-a759-d9b2fb19a5dd\main.py Завершение. Выполняемый шаг: Присвоить значение переменной. id: WBqw15|Z#}dx_{yM[UJS
2026-05-23T03:08:10+0300 INFO: C:\Users\Ksenya\Desktop\hakaton\main\resource\1bbff072-26d5-43bb-a759-d9b2fb19a5dd\main.py Старт. Выполняемый шаг: Присвоить значение переменной. id: ZD}VS]B8yU%7IR$_1:gx
2026-05-23T03:08:10+0300 INFO: C:\Users\Ksenya\Desktop\hakaton\main\resource\1bbff072-26d5-43bb-a759-d9b2fb19a5dd\main.py Выполнение. Выполняемый шаг: Присвоить значение переменной. id: ZD}VS]B8yU%7IR$_1:gx
2026-05-23T03:08:10+0300 INFO: C:\Users\Ksenya\Desktop\hakaton\main\resource\1bbff072-26d5-43bb-a759-d9b2fb19a5dd\main.py Старт. Выполняемый шаг: Прочитать файл. id: h-7qLFMP}Ex#VZ)Ao@jd
2026-05-23T03:08:10+0300 INFO: C:\Users\Ksenya\Desktop\hakaton\main\resource\1bbff072-26d5-43bb-a759-d9b2fb19a5dd\main.py Завершение. Выполняемый шаг: Прочитать файл. id: h-7qLFMP}Ex#VZ)Ao@jd
2026-05-23T03:08:10+0300 INFO: C:\Users\Ksenya\Desktop\hakaton\main\resource\1bbff072-26d5-43bb-a759-d9b2fb19a5dd\main.py Завершение. Выполняемый шаг: Присвоить значение переменной. id: ZD}VS]B8yU%7IR$_1:gx
2026-05-23T03:08:10+0300 INFO: C:\Users\Ksenya\Desktop\hakaton\main\resource\1bbff072-26d5-43bb-a759-d9b2fb19a5dd\main.py Старт. Выполняемый шаг: Присвоить значение переменной. id: ^0R|78#C*6Lo31|B;%K9
2026-05-23T03:08:10+0300 INFO: C:\Users\Ksenya\Desktop\hakaton\main\resource\1bbff072-26d5-43bb-a759-d9b2fb19a5dd\main.py Выполнение. Выполняемый шаг: Присвоить значение переменной. id: ^0R|78#C*6Lo31|B;%K9
2026-05-23T03:08:10+0300 INFO: C:\Users\Ksenya\Desktop\hakaton\main\resource\1bbff072-26d5-43bb-a759-d9b2fb19a5dd\main.py Завершение. Выполняемый шаг: Присвоить значение переменной. id: ^0R|78#C*6Lo31|B;%K9
2026-05-23T03:08:10+0300 INFO: C:\Users\Ksenya\Desktop\hakaton\main\resource\1bbff072-26d5-43bb-a759-d9b2fb19a5dd\main.py Старт. Выполняемый шаг: Присвоить значение переменной. id: p$O:QoI+|4ux$8{ysFr:
2026-05-23T03:08:10+0300 INFO: C:\Users\Ksenya\Desktop\hakaton\main\resource\1bbff072-26d5-43bb-a759-d9b2fb19a5dd\main.py Выполнение. Выполняемый шаг: Присвоить значение переменной. id: p$O:QoI+|4ux$8{ysFr:
2026-05-23T03:08:10+0300 INFO: C:\Users\Ksenya\Desktop\hakaton\main\resource\1bbff072-26d5-43bb-a759-d9b2fb19a5dd\main.py Завершение. Выполняемый шаг: Присвоить значение переменной. id: p$O:QoI+|4ux$8{ysFr:
2026-05-23T03:08:10+0300 INFO: C:\Users\Ksenya\Desktop\hakaton\main\resource\1bbff072-26d5-43bb-a759-d9b2fb19a5dd\main.py Старт. Выполняемый шаг: Присвоить значение переменной. id: ]Nwow_`34-zY1snYsMa=
2026-05-23T03:08:10+0300 INFO: C:\Users\Ksenya\Desktop\hakaton\main\resource\1bbff072-26d5-43bb-a759-d9b2fb19a5dd\main.py Выполнение. Выполняемый шаг: Присвоить значение переменной. id: ]Nwow_`34-zY1snYsMa=
2026-05-23T03:08:10+0300 INFO: C:\Users\Ksenya\Desktop\hakaton\main\resource\1bbff072-26d5-43bb-a759-d9b2fb19a5dd\main.py Завершение. Выполняемый шаг: Присвоить значение переменной. id: ]Nwow_`34-zY1snYsMa=
2026-05-23T03:08:10+0300 INFO: C:\Users\Ksenya\Desktop\hakaton\main\resource\1bbff072-26d5-43bb-a759-d9b2fb19a5dd\main.py Старт. Выполняемый шаг: Присвоить значение переменной. id: 3oGjmJ`CaVRVz9#qu*_m
2026-05-23T03:08:11+0300 INFO: C:\Users\Ksenya\Desktop\hakaton\main\resource\1bbff072-26d5-43bb-a759-d9b2fb19a5dd\main.py Выполнение. Выполняемый шаг: Присвоить значение переменной. id: 3oGjmJ`CaVRVz9#qu*_m
2026-05-23T03:08:11+0300 INFO: C:\Users\Ksenya\Desktop\hakaton\main\resource\1bbff072-26d5-43bb-a759-d9b2fb19a5dd\main.py Завершение. Выполняемый шаг: Присвоить значение переменной. id: 3oGjmJ`CaVRVz9#qu*_m
2026-05-23T03:08:11+0300 INFO: C:\Users\Ksenya\Desktop\hakaton\main\resource\1bbff072-26d5-43bb-a759-d9b2fb19a5dd\main.py Старт. Выполняемый шаг: Присвоить значение переменной. id: :kF]*7FA#}yI!L)At3D0
2026-05-23T03:08:11+0300 INFO: C:\Users\Ksenya\Desktop\hakaton\main\resource\1bbff072-26d5-43bb-a759-d9b2fb19a5dd\main.py Выполнение. Выполняемый шаг: Присвоить значение переменной. id: :kF]*7FA#}yI!L)At3D0
2026-05-23T03:08:11+0300 INFO: C:\Users\Ksenya\Desktop\hakaton\main\resource\1bbff072-26d5-43bb-a759-d9b2fb19a5dd\main.py Завершение. Выполняемый шаг: Присвоить значение переменной. id: :kF]*7FA#}yI!L)At3D0
2026-05-23T03:08:11+0300 INFO: C:\Users\Ksenya\Desktop\hakaton\main\resource\1bbff072-26d5-43bb-a759-d9b2fb19a5dd\main.py Отправляю запрос в 1С
2026-05-23T03:08:11+0300 INFO: C:\Users\Ksenya\Desktop\hakaton\main\resource\1bbff072-26d5-43bb-a759-d9b2fb19a5dd\main.py Старт. Выполняемый шаг: Присвоить значение переменной. id: !ywK5=-Xf1I3.TZw{|wY
2026-05-23T03:08:11+0300 INFO: C:\Users\Ksenya\Desktop\hakaton\main\resource\1bbff072-26d5-43bb-a759-d9b2fb19a5dd\main.py Выполнение. Выполняемый шаг: Присвоить значение переменной. id: !ywK5=-Xf1I3.TZw{|wY
2026-05-23T03:08:11+0300 INFO: C:\Users\Ksenya\Desktop\hakaton\main\resource\1bbff072-26d5-43bb-a759-d9b2fb19a5dd\main.py Старт. Выполняемый шаг: Отправить запрос в 1С. id: XwlC!5@Ta@JGRc)n~fg7
2026-05-23T03:08:12+0300 INFO: C:\Users\Ksenya\Desktop\hakaton\main\resource\1bbff072-26d5-43bb-a759-d9b2fb19a5dd\main.py Завершение. Выполняемый шаг: Отправить запрос в 1С. id: XwlC!5@Ta@JGRc)n~fg7
2026-05-23T03:08:12+0300 INFO: C:\Users\Ksenya\Desktop\hakaton\main\resource\1bbff072-26d5-43bb-a759-d9b2fb19a5dd\main.py Завершение. Выполняемый шаг: Присвоить значение переменной. id: !ywK5=-Xf1I3.TZw{|wY
2026-05-23T03:15:50+0300 INFO: Старт робота: C:\Users\Ksenya\Desktop\hakaton\main\resource\116c0ac9-322a-46cb-8e35-797ea922b4f9\main.py
2026-05-23T03:15:50+0300 INFO: C:\Users\Ksenya\Desktop\hakaton\main\resource\116c0ac9-322a-46cb-8e35-797ea922b4f9\main.py Старт. Выполняемый шаг: Обработка ошибки. id: E(ohZ?TiZWX5;}Gqu-r,
2026-05-23T03:15:50+0300 INFO: C:\Users\Ksenya\Desktop\hakaton\main\resource\116c0ac9-322a-46cb-8e35-797ea922b4f9\main.py Выполнение. Выполняемый шаг: Обработка ошибки. id: E(ohZ?TiZWX5;}Gqu-r,
2026-05-23T03:15:50+0300 INFO: C:\Users\Ksenya\Desktop\hakaton\main\resource\116c0ac9-322a-46cb-8e35-797ea922b4f9\main.py Робот запущен
2026-05-23T03:15:50+0300 INFO: C:\Users\Ksenya\Desktop\hakaton\main\resource\116c0ac9-322a-46cb-8e35-797ea922b4f9\main.py Старт. Выполняемый шаг: Присвоить значение переменной. id: uT8K_dR,wNXk4m?dkCsM
2026-05-23T03:15:51+0300 INFO: C:\Users\Ksenya\Desktop\hakaton\main\resource\116c0ac9-322a-46cb-8e35-797ea922b4f9\main.py Выполнение. Выполняемый шаг: Присвоить значение переменной. id: uT8K_dR,wNXk4m?dkCsM
2026-05-23T03:15:51+0300 INFO: C:\Users\Ksenya\Desktop\hakaton\main\resource\116c0ac9-322a-46cb-8e35-797ea922b4f9\main.py Завершение. Выполняемый шаг: Присвоить значение переменной. id: uT8K_dR,wNXk4m?dkCsM
2026-05-23T03:15:51+0300 INFO: C:\Users\Ksenya\Desktop\hakaton\main\resource\116c0ac9-322a-46cb-8e35-797ea922b4f9\main.py Старт. Выполняемый шаг: Присвоить значение переменной. id: :MAZ.Rz62:ZsFDl7vQQJ
2026-05-23T03:15:52+0300 INFO: C:\Users\Ksenya\Desktop\hakaton\main\resource\116c0ac9-322a-46cb-8e35-797ea922b4f9\main.py Выполнение. Выполняемый шаг: Присвоить значение переменной. id: :MAZ.Rz62:ZsFDl7vQQJ
2026-05-23T03:15:52+0300 INFO: C:\Users\Ksenya\Desktop\hakaton\main\resource\116c0ac9-322a-46cb-8e35-797ea922b4f9\main.py Завершение. Выполняемый шаг: Присвоить значение переменной. id: :MAZ.Rz62:ZsFDl7vQQJ
2026-05-23T03:15:52+0300 INFO: C:\Users\Ksenya\Desktop\hakaton\main\resource\116c0ac9-322a-46cb-8e35-797ea922b4f9\main.py Старт. Выполняемый шаг: Присвоить значение переменной. id: WBqw15|Z#}dx_{yM[UJS
2026-05-23T03:15:52+0300 INFO: C:\Users\Ksenya\Desktop\hakaton\main\resource\116c0ac9-322a-46cb-8e35-797ea922b4f9\main.py Выполнение. Выполняемый шаг: Присвоить значение переменной. id: WBqw15|Z#}dx_{yM[UJS
2026-05-23T03:15:52+0300 INFO: C:\Users\Ksenya\Desktop\hakaton\main\resource\116c0ac9-322a-46cb-8e35-797ea922b4f9\main.py Завершение. Выполняемый шаг: Присвоить значение переменной. id: WBqw15|Z#}dx_{yM[UJS
2026-05-23T03:15:52+0300 INFO: C:\Users\Ksenya\Desktop\hakaton\main\resource\116c0ac9-322a-46cb-8e35-797ea922b4f9\main.py Старт. Выполняемый шаг: Присвоить значение переменной. id: ZD}VS]B8yU%7IR$_1:gx
2026-05-23T03:15:53+0300 INFO: C:\Users\Ksenya\Desktop\hakaton\main\resource\116c0ac9-322a-46cb-8e35-797ea922b4f9\main.py Выполнение. Выполняемый шаг: Присвоить значение переменной. id: ZD}VS]B8yU%7IR$_1:gx
2026-05-23T03:15:53+0300 INFO: C:\Users\Ksenya\Desktop\hakaton\main\resource\116c0ac9-322a-46cb-8e35-797ea922b4f9\main.py Старт. Выполняемый шаг: Прочитать файл. id: h-7qLFMP}Ex#VZ)Ao@jd
2026-05-23T03:15:53+0300 INFO: C:\Users\Ksenya\Desktop\hakaton\main\resource\116c0ac9-322a-46cb-8e35-797ea922b4f9\main.py Завершение. Выполняемый шаг: Прочитать файл. id: h-7qLFMP}Ex#VZ)Ao@jd
2026-05-23T03:15:53+0300 INFO: C:\Users\Ksenya\Desktop\hakaton\main\resource\116c0ac9-322a-46cb-8e35-797ea922b4f9\main.py Завершение. Выполняемый шаг: Присвоить значение переменной. id: ZD}VS]B8yU%7IR$_1:gx
2026-05-23T03:15:53+0300 INFO: C:\Users\Ksenya\Desktop\hakaton\main\resource\116c0ac9-322a-46cb-8e35-797ea922b4f9\main.py Старт. Выполняемый шаг: Присвоить значение переменной. id: ^0R|78#C*6Lo31|B;%K9
2026-05-23T03:15:53+0300 INFO: C:\Users\Ksenya\Desktop\hakaton\main\resource\116c0ac9-322a-46cb-8e35-797ea922b4f9\main.py Выполнение. Выполняемый шаг: Присвоить значение переменной. id: ^0R|78#C*6Lo31|B;%K9
2026-05-23T03:15:53+0300 INFO: C:\Users\Ksenya\Desktop\hakaton\main\resource\116c0ac9-322a-46cb-8e35-797ea922b4f9\main.py Завершение. Выполняемый шаг: Присвоить значение переменной. id: ^0R|78#C*6Lo31|B;%K9
2026-05-23T03:15:53+0300 INFO: C:\Users\Ksenya\Desktop\hakaton\main\resource\116c0ac9-322a-46cb-8e35-797ea922b4f9\main.py Старт. Выполняемый шаг: Присвоить значение переменной. id: p$O:QoI+|4ux$8{ysFr:
2026-05-23T03:15:54+0300 INFO: C:\Users\Ksenya\Desktop\hakaton\main\resource\116c0ac9-322a-46cb-8e35-797ea922b4f9\main.py Выполнение. Выполняемый шаг: Присвоить значение переменной. id: p$O:QoI+|4ux$8{ysFr:
2026-05-23T03:15:54+0300 INFO: C:\Users\Ksenya\Desktop\hakaton\main\resource\116c0ac9-322a-46cb-8e35-797ea922b4f9\main.py Завершение. Выполняемый шаг: Присвоить значение переменной. id: p$O:QoI+|4ux$8{ysFr:
2026-05-23T03:15:54+0300 INFO: C:\Users\Ksenya\Desktop\hakaton\main\resource\116c0ac9-322a-46cb-8e35-797ea922b4f9\main.py Старт. Выполняемый шаг: Присвоить значение переменной. id: ]Nwow_`34-zY1snYsMa=
2026-05-23T03:15:55+0300 INFO: C:\Users\Ksenya\Desktop\hakaton\main\resource\116c0ac9-322a-46cb-8e35-797ea922b4f9\main.py Выполнение. Выполняемый шаг: Присвоить значение переменной. id: ]Nwow_`34-zY1snYsMa=
2026-05-23T03:15:55+0300 INFO: C:\Users\Ksenya\Desktop\hakaton\main\resource\116c0ac9-322a-46cb-8e35-797ea922b4f9\main.py Завершение. Выполняемый шаг: Присвоить значение переменной. id: ]Nwow_`34-zY1snYsMa=
2026-05-23T03:15:55+0300 INFO: C:\Users\Ksenya\Desktop\hakaton\main\resource\116c0ac9-322a-46cb-8e35-797ea922b4f9\main.py Старт. Выполняемый шаг: Присвоить значение переменной. id: 7qHD^~+B#bUSw)9hi;V5
2026-05-23T03:15:57+0300 INFO: C:\Users\Ksenya\Desktop\hakaton\main\resource\116c0ac9-322a-46cb-8e35-797ea922b4f9\main.py Выполнение. Выполняемый шаг: Присвоить значение переменной. id: 7qHD^~+B#bUSw)9hi;V5
2026-05-23T03:15:57+0300 INFO: C:\Users\Ksenya\Desktop\hakaton\main\resource\116c0ac9-322a-46cb-8e35-797ea922b4f9\main.py Завершение. Выполняемый шаг: Присвоить значение переменной. id: 7qHD^~+B#bUSw)9hi;V5
2026-05-23T03:15:57+0300 INFO: C:\Users\Ksenya\Desktop\hakaton\main\resource\116c0ac9-322a-46cb-8e35-797ea922b4f9\main.py Старт. Выполняемый шаг: Присвоить значение переменной. id: 3oGjmJ`CaVRVz9#qu*_m
2026-05-23T03:16:03+0300 INFO: C:\Users\Ksenya\Desktop\hakaton\main\resource\116c0ac9-322a-46cb-8e35-797ea922b4f9\main.py Выполнение. Выполняемый шаг: Присвоить значение переменной. id: 3oGjmJ`CaVRVz9#qu*_m
2026-05-23T03:16:03+0300 INFO: C:\Users\Ksenya\Desktop\hakaton\main\resource\116c0ac9-322a-46cb-8e35-797ea922b4f9\main.py Завершение. Выполняемый шаг: Присвоить значение переменной. id: 3oGjmJ`CaVRVz9#qu*_m
2026-05-23T03:16:03+0300 INFO: C:\Users\Ksenya\Desktop\hakaton\main\resource\116c0ac9-322a-46cb-8e35-797ea922b4f9\main.py Старт. Выполняемый шаг: Присвоить значение переменной. id: :kF]*7FA#}yI!L)At3D0
2026-05-23T03:16:04+0300 INFO: C:\Users\Ksenya\Desktop\hakaton\main\resource\116c0ac9-322a-46cb-8e35-797ea922b4f9\main.py Выполнение. Выполняемый шаг: Присвоить значение переменной. id: :kF]*7FA#}yI!L)At3D0
2026-05-23T03:16:04+0300 INFO: C:\Users\Ksenya\Desktop\hakaton\main\resource\116c0ac9-322a-46cb-8e35-797ea922b4f9\main.py Завершение. Выполняемый шаг: Присвоить значение переменной. id: :kF]*7FA#}yI!L)At3D0
2026-05-23T03:16:05+0300 INFO: C:\Users\Ksenya\Desktop\hakaton\main\resource\116c0ac9-322a-46cb-8e35-797ea922b4f9\main.py Отправляю запрос в 1С
2026-05-23T03:16:05+0300 INFO: C:\Users\Ksenya\Desktop\hakaton\main\resource\116c0ac9-322a-46cb-8e35-797ea922b4f9\main.py Старт. Выполняемый шаг: Присвоить значение переменной. id: !ywK5=-Xf1I3.TZw{|wY
2026-05-23T03:16:07+0300 INFO: C:\Users\Ksenya\Desktop\hakaton\main\resource\116c0ac9-322a-46cb-8e35-797ea922b4f9\main.py Выполнение. Выполняемый шаг: Присвоить значение переменной. id: !ywK5=-Xf1I3.TZw{|wY
2026-05-23T03:16:07+0300 INFO: C:\Users\Ksenya\Desktop\hakaton\main\resource\116c0ac9-322a-46cb-8e35-797ea922b4f9\main.py Старт. Выполняемый шаг: Отправить запрос в 1С. id: XwlC!5@Ta@JGRc)n~fg7
2026-05-23T03:16:08+0300 INFO: C:\Users\Ksenya\Desktop\hakaton\main\resource\116c0ac9-322a-46cb-8e35-797ea922b4f9\main.py Завершение. Выполняемый шаг: Отправить запрос в 1С. id: XwlC!5@Ta@JGRc)n~fg7
2026-05-23T03:16:08+0300 INFO: C:\Users\Ksenya\Desktop\hakaton\main\resource\116c0ac9-322a-46cb-8e35-797ea922b4f9\main.py Завершение. Выполняемый шаг: Присвоить значение переменной. id: !ywK5=-Xf1I3.TZw{|wY
2026-05-23T03:16:15+0300 INFO: C:\Users\Ksenya\Desktop\hakaton\main\resource\116c0ac9-322a-46cb-8e35-797ea922b4f9\main.py Ответ получен. Сохраняю в файл
2026-05-23T03:16:15+0300 INFO: C:\Users\Ksenya\Desktop\hakaton\main\resource\116c0ac9-322a-46cb-8e35-797ea922b4f9\main.py Старт. Выполняемый шаг: Присвоить значение переменной. id: jMBKenGW}MvB]@BLj|h;
2026-05-23T03:16:30+0300 INFO: C:\Users\Ksenya\Desktop\hakaton\main\resource\116c0ac9-322a-46cb-8e35-797ea922b4f9\main.py Выполнение. Выполняемый шаг: Присвоить значение переменной. id: jMBKenGW}MvB]@BLj|h;
2026-05-23T03:16:30+0300 INFO: C:\Users\Ksenya\Desktop\hakaton\main\resource\116c0ac9-322a-46cb-8e35-797ea922b4f9\main.py Завершение. Выполняемый шаг: Присвоить значение переменной. id: jMBKenGW}MvB]@BLj|h;
2026-05-23T03:16:31+0300 INFO: C:\Users\Ksenya\Desktop\hakaton\main\resource\116c0ac9-322a-46cb-8e35-797ea922b4f9\main.py Ответ получен. Сохраняю файл
2026-05-23T03:16:31+0300 INFO: C:\Users\Ksenya\Desktop\hakaton\main\resource\116c0ac9-322a-46cb-8e35-797ea922b4f9\main.py Старт. Выполняемый шаг: Присвоить значение переменной. id: MwpJ)h|(t;te{v8bJF/j
2026-05-23T03:16:32+0300 INFO: C:\Users\Ksenya\Desktop\hakaton\main\resource\116c0ac9-322a-46cb-8e35-797ea922b4f9\main.py Выполнение. Выполняемый шаг: Присвоить значение переменной. id: MwpJ)h|(t;te{v8bJF/j
2026-05-23T03:16:32+0300 INFO: C:\Users\Ksenya\Desktop\hakaton\main\resource\116c0ac9-322a-46cb-8e35-797ea922b4f9\main.py Старт. Выполняемый шаг: Создать dataframe. id: b4uw@2XpjXo[#oz,!{#Y
2026-05-23T03:16:32+0300 INFO: C:\Users\Ksenya\Desktop\hakaton\main\resource\116c0ac9-322a-46cb-8e35-797ea922b4f9\main.py Завершение. Выполняемый шаг: Создать dataframe. id: b4uw@2XpjXo[#oz,!{#Y
2026-05-23T03:16:32+0300 INFO: C:\Users\Ksenya\Desktop\hakaton\main\resource\116c0ac9-322a-46cb-8e35-797ea922b4f9\main.py Завершение. Выполняемый шаг: Присвоить значение переменной. id: MwpJ)h|(t;te{v8bJF/j
2026-05-23T03:16:32+0300 INFO: C:\Users\Ksenya\Desktop\hakaton\main\resource\116c0ac9-322a-46cb-8e35-797ea922b4f9\main.py Старт. Выполняемый шаг: Записать в Excel. id: qJiAWVf9/jjT+tN|o0in
2026-05-23T03:16:36+0300 INFO: C:\Users\Ksenya\Desktop\hakaton\main\resource\116c0ac9-322a-46cb-8e35-797ea922b4f9\main.py Выполнение. Выполняемый шаг: Записать в Excel. id: qJiAWVf9/jjT+tN|o0in
2026-05-23T03:16:36+0300 INFO: C:\Users\Ksenya\Desktop\hakaton\main\resource\116c0ac9-322a-46cb-8e35-797ea922b4f9\main.py Завершение. Выполняемый шаг: Записать в Excel. id: qJiAWVf9/jjT+tN|o0in
2026-05-23T03:16:37+0300 INFO: C:\Users\Ksenya\Desktop\hakaton\main\resource\116c0ac9-322a-46cb-8e35-797ea922b4f9\main.py Файл создан:C:\Users\Ksenya\Desktop\hakaton\main\resource\outputosv_may_2026.xlsx
2026-05-23T03:16:37+0300 INFO: C:\Users\Ksenya\Desktop\hakaton\main\resource\116c0ac9-322a-46cb-8e35-797ea922b4f9\main.py Завершение. Выполняемый шаг: Обработка ошибки. id: E(ohZ?TiZWX5;}Gqu-r,
2026-05-23T03:16:37+0300 INFO: Завершение работы робота: C:\Users\Ksenya\Desktop\hakaton\main\resource\116c0ac9-322a-46cb-8e35-797ea922b4f9\main.py
2026-05-23T03:16:45+0300 INFO: Старт робота: C:\Users\Ksenya\Desktop\hakaton\main\resource\a06ee503-8a7f-4941-acba-374b74d97426\main.py
2026-05-23T03:16:45+0300 INFO: C:\Users\Ksenya\Desktop\hakaton\main\resource\a06ee503-8a7f-4941-acba-374b74d97426\main.py Старт. Выполняемый шаг: Обработка ошибки. id: E(ohZ?TiZWX5;}Gqu-r,
2026-05-23T03:16:59+0300 INFO: C:\Users\Ksenya\Desktop\hakaton\main\resource\a06ee503-8a7f-4941-acba-374b74d97426\main.py Выполнение. Выполняемый шаг: Обработка ошибки. id: E(ohZ?TiZWX5;}Gqu-r,
2026-05-23T03:16:59+0300 INFO: C:\Users\Ksenya\Desktop\hakaton\main\resource\a06ee503-8a7f-4941-acba-374b74d97426\main.py Робот запущен
2026-05-23T03:16:59+0300 INFO: C:\Users\Ksenya\Desktop\hakaton\main\resource\a06ee503-8a7f-4941-acba-374b74d97426\main.py Старт. Выполняемый шаг: Присвоить значение переменной. id: uT8K_dR,wNXk4m?dkCsM
2026-05-23T03:17:01+0300 INFO: C:\Users\Ksenya\Desktop\hakaton\main\resource\a06ee503-8a7f-4941-acba-374b74d97426\main.py Выполнение. Выполняемый шаг: Присвоить значение переменной. id: uT8K_dR,wNXk4m?dkCsM
2026-05-23T03:17:01+0300 INFO: C:\Users\Ksenya\Desktop\hakaton\main\resource\a06ee503-8a7f-4941-acba-374b74d97426\main.py Завершение. Выполняемый шаг: Присвоить значение переменной. id: uT8K_dR,wNXk4m?dkCsM
2026-05-23T03:17:01+0300 INFO: C:\Users\Ksenya\Desktop\hakaton\main\resource\a06ee503-8a7f-4941-acba-374b74d97426\main.py Старт. Выполняемый шаг: Присвоить значение переменной. id: :MAZ.Rz62:ZsFDl7vQQJ
2026-05-23T03:17:02+0300 INFO: C:\Users\Ksenya\Desktop\hakaton\main\resource\a06ee503-8a7f-4941-acba-374b74d97426\main.py Выполнение. Выполняемый шаг: Присвоить значение переменной. id: :MAZ.Rz62:ZsFDl7vQQJ
2026-05-23T03:17:02+0300 INFO: C:\Users\Ksenya\Desktop\hakaton\main\resource\a06ee503-8a7f-4941-acba-374b74d97426\main.py Завершение. Выполняемый шаг: Присвоить значение переменной. id: :MAZ.Rz62:ZsFDl7vQQJ
2026-05-23T03:17:02+0300 INFO: C:\Users\Ksenya\Desktop\hakaton\main\resource\a06ee503-8a7f-4941-acba-374b74d97426\main.py Старт. Выполняемый шаг: Присвоить значение переменной. id: WBqw15|Z#}dx_{yM[UJS
2026-05-23T03:17:02+0300 INFO: C:\Users\Ksenya\Desktop\hakaton\main\resource\a06ee503-8a7f-4941-acba-374b74d97426\main.py Выполнение. Выполняемый шаг: Присвоить значение переменной. id: WBqw15|Z#}dx_{yM[UJS
2026-05-23T03:17:02+0300 INFO: C:\Users\Ksenya\Desktop\hakaton\main\resource\a06ee503-8a7f-4941-acba-374b74d97426\main.py Завершение. Выполняемый шаг: Присвоить значение переменной. id: WBqw15|Z#}dx_{yM[UJS
2026-05-23T03:17:02+0300 INFO: C:\Users\Ksenya\Desktop\hakaton\main\resource\a06ee503-8a7f-4941-acba-374b74d97426\main.py Старт. Выполняемый шаг: Присвоить значение переменной. id: ZD}VS]B8yU%7IR$_1:gx
2026-05-23T03:17:02+0300 INFO: C:\Users\Ksenya\Desktop\hakaton\main\resource\a06ee503-8a7f-4941-acba-374b74d97426\main.py Выполнение. Выполняемый шаг: Присвоить значение переменной. id: ZD}VS]B8yU%7IR$_1:gx
2026-05-23T03:17:02+0300 INFO: C:\Users\Ksenya\Desktop\hakaton\main\resource\a06ee503-8a7f-4941-acba-374b74d97426\main.py Старт. Выполняемый шаг: Прочитать файл. id: h-7qLFMP}Ex#VZ)Ao@jd
2026-05-23T03:17:02+0300 INFO: C:\Users\Ksenya\Desktop\hakaton\main\resource\a06ee503-8a7f-4941-acba-374b74d97426\main.py Завершение. Выполняемый шаг: Прочитать файл. id: h-7qLFMP}Ex#VZ)Ao@jd
2026-05-23T03:17:02+0300 INFO: C:\Users\Ksenya\Desktop\hakaton\main\resource\a06ee503-8a7f-4941-acba-374b74d97426\main.py Завершение. Выполняемый шаг: Присвоить значение переменной. id: ZD}VS]B8yU%7IR$_1:gx
2026-05-23T03:17:02+0300 INFO: C:\Users\Ksenya\Desktop\hakaton\main\resource\a06ee503-8a7f-4941-acba-374b74d97426\main.py Старт. Выполняемый шаг: Присвоить значение переменной. id: ^0R|78#C*6Lo31|B;%K9
2026-05-23T03:17:02+0300 INFO: C:\Users\Ksenya\Desktop\hakaton\main\resource\a06ee503-8a7f-4941-acba-374b74d97426\main.py Выполнение. Выполняемый шаг: Присвоить значение переменной. id: ^0R|78#C*6Lo31|B;%K9
2026-05-23T03:17:02+0300 INFO: C:\Users\Ksenya\Desktop\hakaton\main\resource\a06ee503-8a7f-4941-acba-374b74d97426\main.py Завершение. Выполняемый шаг: Присвоить значение переменной. id: ^0R|78#C*6Lo31|B;%K9
2026-05-23T03:17:02+0300 INFO: C:\Users\Ksenya\Desktop\hakaton\main\resource\a06ee503-8a7f-4941-acba-374b74d97426\main.py Старт. Выполняемый шаг: Присвоить значение переменной. id: p$O:QoI+|4ux$8{ysFr:
2026-05-23T03:17:03+0300 INFO: C:\Users\Ksenya\Desktop\hakaton\main\resource\a06ee503-8a7f-4941-acba-374b74d97426\main.py Выполнение. Выполняемый шаг: Присвоить значение переменной. id: p$O:QoI+|4ux$8{ysFr:
2026-05-23T03:17:03+0300 INFO: C:\Users\Ksenya\Desktop\hakaton\main\resource\a06ee503-8a7f-4941-acba-374b74d97426\main.py Завершение. Выполняемый шаг: Присвоить значение переменной. id: p$O:QoI+|4ux$8{ysFr:
2026-05-23T03:17:03+0300 INFO: C:\Users\Ksenya\Desktop\hakaton\main\resource\a06ee503-8a7f-4941-acba-374b74d97426\main.py Старт. Выполняемый шаг: Присвоить значение переменной. id: ]Nwow_`34-zY1snYsMa=
2026-05-23T03:17:03+0300 INFO: C:\Users\Ksenya\Desktop\hakaton\main\resource\a06ee503-8a7f-4941-acba-374b74d97426\main.py Выполнение. Выполняемый шаг: Присвоить значение переменной. id: ]Nwow_`34-zY1snYsMa=
2026-05-23T03:17:03+0300 INFO: C:\Users\Ksenya\Desktop\hakaton\main\resource\a06ee503-8a7f-4941-acba-374b74d97426\main.py Завершение. Выполняемый шаг: Присвоить значение переменной. id: ]Nwow_`34-zY1snYsMa=
2026-05-23T03:17:03+0300 INFO: C:\Users\Ksenya\Desktop\hakaton\main\resource\a06ee503-8a7f-4941-acba-374b74d97426\main.py Старт. Выполняемый шаг: Присвоить значение переменной. id: 7qHD^~+B#bUSw)9hi;V5
2026-05-23T03:17:03+0300 INFO: C:\Users\Ksenya\Desktop\hakaton\main\resource\a06ee503-8a7f-4941-acba-374b74d97426\main.py Выполнение. Выполняемый шаг: Присвоить значение переменной. id: 7qHD^~+B#bUSw)9hi;V5
2026-05-23T03:17:03+0300 INFO: C:\Users\Ksenya\Desktop\hakaton\main\resource\a06ee503-8a7f-4941-acba-374b74d97426\main.py Завершение. Выполняемый шаг: Присвоить значение переменной. id: 7qHD^~+B#bUSw)9hi;V5
2026-05-23T03:17:03+0300 INFO: C:\Users\Ksenya\Desktop\hakaton\main\resource\a06ee503-8a7f-4941-acba-374b74d97426\main.py Старт. Выполняемый шаг: Присвоить значение переменной. id: 3oGjmJ`CaVRVz9#qu*_m
2026-05-23T03:17:04+0300 INFO: C:\Users\Ksenya\Desktop\hakaton\main\resource\a06ee503-8a7f-4941-acba-374b74d97426\main.py Выполнение. Выполняемый шаг: Присвоить значение переменной. id: 3oGjmJ`CaVRVz9#qu*_m
2026-05-23T03:17:04+0300 INFO: C:\Users\Ksenya\Desktop\hakaton\main\resource\a06ee503-8a7f-4941-acba-374b74d97426\main.py Завершение. Выполняемый шаг: Присвоить значение переменной. id: 3oGjmJ`CaVRVz9#qu*_m
2026-05-23T03:17:04+0300 INFO: C:\Users\Ksenya\Desktop\hakaton\main\resource\a06ee503-8a7f-4941-acba-374b74d97426\main.py Старт. Выполняемый шаг: Присвоить значение переменной. id: :kF]*7FA#}yI!L)At3D0
2026-05-23T03:17:04+0300 INFO: C:\Users\Ksenya\Desktop\hakaton\main\resource\a06ee503-8a7f-4941-acba-374b74d97426\main.py Выполнение. Выполняемый шаг: Присвоить значение переменной. id: :kF]*7FA#}yI!L)At3D0
2026-05-23T03:17:04+0300 INFO: C:\Users\Ksenya\Desktop\hakaton\main\resource\a06ee503-8a7f-4941-acba-374b74d97426\main.py Завершение. Выполняемый шаг: Присвоить значение переменной. id: :kF]*7FA#}yI!L)At3D0
2026-05-23T03:17:05+0300 INFO: C:\Users\Ksenya\Desktop\hakaton\main\resource\a06ee503-8a7f-4941-acba-374b74d97426\main.py Отправляю запрос в 1С
2026-05-23T03:17:05+0300 INFO: C:\Users\Ksenya\Desktop\hakaton\main\resource\a06ee503-8a7f-4941-acba-374b74d97426\main.py Старт. Выполняемый шаг: Присвоить значение переменной. id: !ywK5=-Xf1I3.TZw{|wY
2026-05-23T03:17:06+0300 INFO: C:\Users\Ksenya\Desktop\hakaton\main\resource\a06ee503-8a7f-4941-acba-374b74d97426\main.py Выполнение. Выполняемый шаг: Присвоить значение переменной. id: !ywK5=-Xf1I3.TZw{|wY
2026-05-23T03:17:06+0300 INFO: C:\Users\Ksenya\Desktop\hakaton\main\resource\a06ee503-8a7f-4941-acba-374b74d97426\main.py Старт. Выполняемый шаг: Отправить запрос в 1С. id: XwlC!5@Ta@JGRc)n~fg7
2026-05-23T03:17:06+0300 INFO: C:\Users\Ksenya\Desktop\hakaton\main\resource\a06ee503-8a7f-4941-acba-374b74d97426\main.py Завершение. Выполняемый шаг: Отправить запрос в 1С. id: XwlC!5@Ta@JGRc)n~fg7
2026-05-23T03:17:06+0300 INFO: C:\Users\Ksenya\Desktop\hakaton\main\resource\a06ee503-8a7f-4941-acba-374b74d97426\main.py Завершение. Выполняемый шаг: Присвоить значение переменной. id: !ywK5=-Xf1I3.TZw{|wY
2026-05-23T03:17:07+0300 INFO: C:\Users\Ksenya\Desktop\hakaton\main\resource\a06ee503-8a7f-4941-acba-374b74d97426\main.py Ответ получен. Сохраняю в файл
2026-05-23T03:17:07+0300 INFO: C:\Users\Ksenya\Desktop\hakaton\main\resource\a06ee503-8a7f-4941-acba-374b74d97426\main.py Старт. Выполняемый шаг: Присвоить значение переменной. id: jMBKenGW}MvB]@BLj|h;
2026-05-23T03:17:08+0300 INFO: C:\Users\Ksenya\Desktop\hakaton\main\resource\a06ee503-8a7f-4941-acba-374b74d97426\main.py Выполнение. Выполняемый шаг: Присвоить значение переменной. id: jMBKenGW}MvB]@BLj|h;
2026-05-23T03:17:08+0300 INFO: C:\Users\Ksenya\Desktop\hakaton\main\resource\a06ee503-8a7f-4941-acba-374b74d97426\main.py Завершение. Выполняемый шаг: Присвоить значение переменной. id: jMBKenGW}MvB]@BLj|h;
2026-05-23T03:18:29+0300 INFO: Старт робота: C:\Users\Ksenya\Desktop\hakaton\main\resource\42ec7c0f-d152-4cf0-a857-3e55adca5d56\main.py
2026-05-23T03:18:29+0300 INFO: C:\Users\Ksenya\Desktop\hakaton\main\resource\42ec7c0f-d152-4cf0-a857-3e55adca5d56\main.py Старт. Выполняемый шаг: Обработка ошибки. id: E(ohZ?TiZWX5;}Gqu-r,
2026-05-23T03:18:29+0300 INFO: C:\Users\Ksenya\Desktop\hakaton\main\resource\42ec7c0f-d152-4cf0-a857-3e55adca5d56\main.py Выполнение. Выполняемый шаг: Обработка ошибки. id: E(ohZ?TiZWX5;}Gqu-r,
2026-05-23T03:18:29+0300 INFO: C:\Users\Ksenya\Desktop\hakaton\main\resource\42ec7c0f-d152-4cf0-a857-3e55adca5d56\main.py Робот запущен
2026-05-23T03:18:29+0300 INFO: C:\Users\Ksenya\Desktop\hakaton\main\resource\42ec7c0f-d152-4cf0-a857-3e55adca5d56\main.py Старт. Выполняемый шаг: Присвоить значение переменной. id: uT8K_dR,wNXk4m?dkCsM
2026-05-23T03:18:31+0300 INFO: C:\Users\Ksenya\Desktop\hakaton\main\resource\42ec7c0f-d152-4cf0-a857-3e55adca5d56\main.py Выполнение. Выполняемый шаг: Присвоить значение переменной. id: uT8K_dR,wNXk4m?dkCsM
2026-05-23T03:18:31+0300 INFO: C:\Users\Ksenya\Desktop\hakaton\main\resource\42ec7c0f-d152-4cf0-a857-3e55adca5d56\main.py Завершение. Выполняемый шаг: Присвоить значение переменной. id: uT8K_dR,wNXk4m?dkCsM
2026-05-23T03:18:31+0300 INFO: C:\Users\Ksenya\Desktop\hakaton\main\resource\42ec7c0f-d152-4cf0-a857-3e55adca5d56\main.py Старт. Выполняемый шаг: Присвоить значение переменной. id: :MAZ.Rz62:ZsFDl7vQQJ
2026-05-23T03:18:31+0300 INFO: C:\Users\Ksenya\Desktop\hakaton\main\resource\42ec7c0f-d152-4cf0-a857-3e55adca5d56\main.py Выполнение. Выполняемый шаг: Присвоить значение переменной. id: :MAZ.Rz62:ZsFDl7vQQJ
2026-05-23T03:18:31+0300 INFO: C:\Users\Ksenya\Desktop\hakaton\main\resource\42ec7c0f-d152-4cf0-a857-3e55adca5d56\main.py Завершение. Выполняемый шаг: Присвоить значение переменной. id: :MAZ.Rz62:ZsFDl7vQQJ
2026-05-23T03:18:31+0300 INFO: C:\Users\Ksenya\Desktop\hakaton\main\resource\42ec7c0f-d152-4cf0-a857-3e55adca5d56\main.py Старт. Выполняемый шаг: Присвоить значение переменной. id: WBqw15|Z#}dx_{yM[UJS
2026-05-23T03:18:32+0300 INFO: C:\Users\Ksenya\Desktop\hakaton\main\resource\42ec7c0f-d152-4cf0-a857-3e55adca5d56\main.py Выполнение. Выполняемый шаг: Присвоить значение переменной. id: WBqw15|Z#}dx_{yM[UJS
2026-05-23T03:18:32+0300 INFO: C:\Users\Ksenya\Desktop\hakaton\main\resource\42ec7c0f-d152-4cf0-a857-3e55adca5d56\main.py Завершение. Выполняемый шаг: Присвоить значение переменной. id: WBqw15|Z#}dx_{yM[UJS
2026-05-23T03:18:32+0300 INFO: C:\Users\Ksenya\Desktop\hakaton\main\resource\42ec7c0f-d152-4cf0-a857-3e55adca5d56\main.py Старт. Выполняемый шаг: Присвоить значение переменной. id: ZD}VS]B8yU%7IR$_1:gx
2026-05-23T03:18:32+0300 INFO: C:\Users\Ksenya\Desktop\hakaton\main\resource\42ec7c0f-d152-4cf0-a857-3e55adca5d56\main.py Выполнение. Выполняемый шаг: Присвоить значение переменной. id: ZD}VS]B8yU%7IR$_1:gx
2026-05-23T03:18:32+0300 INFO: C:\Users\Ksenya\Desktop\hakaton\main\resource\42ec7c0f-d152-4cf0-a857-3e55adca5d56\main.py Старт. Выполняемый шаг: Прочитать файл. id: h-7qLFMP}Ex#VZ)Ao@jd
2026-05-23T03:18:32+0300 INFO: C:\Users\Ksenya\Desktop\hakaton\main\resource\42ec7c0f-d152-4cf0-a857-3e55adca5d56\main.py Завершение. Выполняемый шаг: Прочитать файл. id: h-7qLFMP}Ex#VZ)Ao@jd
2026-05-23T03:18:32+0300 INFO: C:\Users\Ksenya\Desktop\hakaton\main\resource\42ec7c0f-d152-4cf0-a857-3e55adca5d56\main.py Завершение. Выполняемый шаг: Присвоить значение переменной. id: ZD}VS]B8yU%7IR$_1:gx
2026-05-23T03:18:32+0300 INFO: C:\Users\Ksenya\Desktop\hakaton\main\resource\42ec7c0f-d152-4cf0-a857-3e55adca5d56\main.py Старт. Выполняемый шаг: Присвоить значение переменной. id: ^0R|78#C*6Lo31|B;%K9
2026-05-23T03:18:33+0300 INFO: C:\Users\Ksenya\Desktop\hakaton\main\resource\42ec7c0f-d152-4cf0-a857-3e55adca5d56\main.py Выполнение. Выполняемый шаг: Присвоить значение переменной. id: ^0R|78#C*6Lo31|B;%K9
2026-05-23T03:18:33+0300 INFO: C:\Users\Ksenya\Desktop\hakaton\main\resource\42ec7c0f-d152-4cf0-a857-3e55adca5d56\main.py Завершение. Выполняемый шаг: Присвоить значение переменной. id: ^0R|78#C*6Lo31|B;%K9
2026-05-23T03:18:33+0300 INFO: C:\Users\Ksenya\Desktop\hakaton\main\resource\42ec7c0f-d152-4cf0-a857-3e55adca5d56\main.py Старт. Выполняемый шаг: Присвоить значение переменной. id: p$O:QoI+|4ux$8{ysFr:
2026-05-23T03:18:33+0300 INFO: C:\Users\Ksenya\Desktop\hakaton\main\resource\42ec7c0f-d152-4cf0-a857-3e55adca5d56\main.py Выполнение. Выполняемый шаг: Присвоить значение переменной. id: p$O:QoI+|4ux$8{ysFr:
2026-05-23T03:18:33+0300 INFO: C:\Users\Ksenya\Desktop\hakaton\main\resource\42ec7c0f-d152-4cf0-a857-3e55adca5d56\main.py Завершение. Выполняемый шаг: Присвоить значение переменной. id: p$O:QoI+|4ux$8{ysFr:
2026-05-23T03:18:33+0300 INFO: C:\Users\Ksenya\Desktop\hakaton\main\resource\42ec7c0f-d152-4cf0-a857-3e55adca5d56\main.py Старт. Выполняемый шаг: Присвоить значение переменной. id: ]Nwow_`34-zY1snYsMa=
2026-05-23T03:18:34+0300 INFO: C:\Users\Ksenya\Desktop\hakaton\main\resource\42ec7c0f-d152-4cf0-a857-3e55adca5d56\main.py Выполнение. Выполняемый шаг: Присвоить значение переменной. id: ]Nwow_`34-zY1snYsMa=
2026-05-23T03:18:34+0300 INFO: C:\Users\Ksenya\Desktop\hakaton\main\resource\42ec7c0f-d152-4cf0-a857-3e55adca5d56\main.py Завершение. Выполняемый шаг: Присвоить значение переменной. id: ]Nwow_`34-zY1snYsMa=
2026-05-23T03:18:34+0300 INFO: C:\Users\Ksenya\Desktop\hakaton\main\resource\42ec7c0f-d152-4cf0-a857-3e55adca5d56\main.py Старт. Выполняемый шаг: Присвоить значение переменной. id: 7qHD^~+B#bUSw)9hi;V5
2026-05-23T03:18:34+0300 INFO: C:\Users\Ksenya\Desktop\hakaton\main\resource\42ec7c0f-d152-4cf0-a857-3e55adca5d56\main.py Выполнение. Выполняемый шаг: Присвоить значение переменной. id: 7qHD^~+B#bUSw)9hi;V5
2026-05-23T03:18:34+0300 INFO: C:\Users\Ksenya\Desktop\hakaton\main\resource\42ec7c0f-d152-4cf0-a857-3e55adca5d56\main.py Завершение. Выполняемый шаг: Присвоить значение переменной. id: 7qHD^~+B#bUSw)9hi;V5
2026-05-23T03:18:34+0300 INFO: C:\Users\Ksenya\Desktop\hakaton\main\resource\42ec7c0f-d152-4cf0-a857-3e55adca5d56\main.py Старт. Выполняемый шаг: Присвоить значение переменной. id: 3oGjmJ`CaVRVz9#qu*_m
2026-05-23T03:18:35+0300 INFO: C:\Users\Ksenya\Desktop\hakaton\main\resource\42ec7c0f-d152-4cf0-a857-3e55adca5d56\main.py Выполнение. Выполняемый шаг: Присвоить значение переменной. id: 3oGjmJ`CaVRVz9#qu*_m
2026-05-23T03:18:35+0300 INFO: C:\Users\Ksenya\Desktop\hakaton\main\resource\42ec7c0f-d152-4cf0-a857-3e55adca5d56\main.py Завершение. Выполняемый шаг: Присвоить значение переменной. id: 3oGjmJ`CaVRVz9#qu*_m
2026-05-23T03:18:35+0300 INFO: C:\Users\Ksenya\Desktop\hakaton\main\resource\42ec7c0f-d152-4cf0-a857-3e55adca5d56\main.py Старт. Выполняемый шаг: Присвоить значение переменной. id: :kF]*7FA#}yI!L)At3D0
2026-05-23T03:18:35+0300 INFO: C:\Users\Ksenya\Desktop\hakaton\main\resource\42ec7c0f-d152-4cf0-a857-3e55adca5d56\main.py Выполнение. Выполняемый шаг: Присвоить значение переменной. id: :kF]*7FA#}yI!L)At3D0
2026-05-23T03:18:35+0300 INFO: C:\Users\Ksenya\Desktop\hakaton\main\resource\42ec7c0f-d152-4cf0-a857-3e55adca5d56\main.py Завершение. Выполняемый шаг: Присвоить значение переменной. id: :kF]*7FA#}yI!L)At3D0
2026-05-23T03:18:35+0300 INFO: C:\Users\Ksenya\Desktop\hakaton\main\resource\42ec7c0f-d152-4cf0-a857-3e55adca5d56\main.py Отправляю запрос в 1С
2026-05-23T03:18:35+0300 INFO: C:\Users\Ksenya\Desktop\hakaton\main\resource\42ec7c0f-d152-4cf0-a857-3e55adca5d56\main.py Старт. Выполняемый шаг: Присвоить значение переменной. id: !ywK5=-Xf1I3.TZw{|wY
2026-05-23T03:18:37+0300 INFO: C:\Users\Ksenya\Desktop\hakaton\main\resource\42ec7c0f-d152-4cf0-a857-3e55adca5d56\main.py Выполнение. Выполняемый шаг: Присвоить значение переменной. id: !ywK5=-Xf1I3.TZw{|wY
2026-05-23T03:18:37+0300 INFO: C:\Users\Ksenya\Desktop\hakaton\main\resource\42ec7c0f-d152-4cf0-a857-3e55adca5d56\main.py Старт. Выполняемый шаг: Отправить запрос в 1С. id: XwlC!5@Ta@JGRc)n~fg7
2026-05-23T03:18:37+0300 INFO: C:\Users\Ksenya\Desktop\hakaton\main\resource\42ec7c0f-d152-4cf0-a857-3e55adca5d56\main.py Завершение. Выполняемый шаг: Отправить запрос в 1С. id: XwlC!5@Ta@JGRc)n~fg7
2026-05-23T03:18:37+0300 INFO: C:\Users\Ksenya\Desktop\hakaton\main\resource\42ec7c0f-d152-4cf0-a857-3e55adca5d56\main.py Завершение. Выполняемый шаг: Присвоить значение переменной. id: !ywK5=-Xf1I3.TZw{|wY
2026-05-23T03:18:38+0300 INFO: C:\Users\Ksenya\Desktop\hakaton\main\resource\42ec7c0f-d152-4cf0-a857-3e55adca5d56\main.py Ответ получен. Сохраняю в файл
2026-05-23T03:18:38+0300 INFO: C:\Users\Ksenya\Desktop\hakaton\main\resource\42ec7c0f-d152-4cf0-a857-3e55adca5d56\main.py Старт. Выполняемый шаг: Присвоить значение переменной. id: jMBKenGW}MvB]@BLj|h;
2026-05-23T03:18:40+0300 INFO: C:\Users\Ksenya\Desktop\hakaton\main\resource\42ec7c0f-d152-4cf0-a857-3e55adca5d56\main.py Выполнение. Выполняемый шаг: Присвоить значение переменной. id: jMBKenGW}MvB]@BLj|h;
2026-05-23T03:18:40+0300 INFO: C:\Users\Ksenya\Desktop\hakaton\main\resource\42ec7c0f-d152-4cf0-a857-3e55adca5d56\main.py Завершение. Выполняемый шаг: Присвоить значение переменной. id: jMBKenGW}MvB]@BLj|h;
2026-05-23T03:18:42+0300 INFO: C:\Users\Ksenya\Desktop\hakaton\main\resource\42ec7c0f-d152-4cf0-a857-3e55adca5d56\main.py Ответ получен. Сохраняю файл
2026-05-23T03:18:42+0300 INFO: C:\Users\Ksenya\Desktop\hakaton\main\resource\42ec7c0f-d152-4cf0-a857-3e55adca5d56\main.py Старт. Выполняемый шаг: Присвоить значение переменной. id: MwpJ)h|(t;te{v8bJF/j
2026-05-23T03:18:44+0300 INFO: C:\Users\Ksenya\Desktop\hakaton\main\resource\42ec7c0f-d152-4cf0-a857-3e55adca5d56\main.py Выполнение. Выполняемый шаг: Присвоить значение переменной. id: MwpJ)h|(t;te{v8bJF/j
2026-05-23T03:18:44+0300 INFO: C:\Users\Ksenya\Desktop\hakaton\main\resource\42ec7c0f-d152-4cf0-a857-3e55adca5d56\main.py Старт. Выполняемый шаг: Создать dataframe. id: b4uw@2XpjXo[#oz,!{#Y
2026-05-23T03:18:44+0300 INFO: C:\Users\Ksenya\Desktop\hakaton\main\resource\42ec7c0f-d152-4cf0-a857-3e55adca5d56\main.py Завершение. Выполняемый шаг: Создать dataframe. id: b4uw@2XpjXo[#oz,!{#Y
2026-05-23T03:18:44+0300 INFO: C:\Users\Ksenya\Desktop\hakaton\main\resource\42ec7c0f-d152-4cf0-a857-3e55adca5d56\main.py Завершение. Выполняемый шаг: Присвоить значение переменной. id: MwpJ)h|(t;te{v8bJF/j
2026-05-23T03:18:44+0300 INFO: C:\Users\Ksenya\Desktop\hakaton\main\resource\42ec7c0f-d152-4cf0-a857-3e55adca5d56\main.py Старт. Выполняемый шаг: Записать в Excel. id: qJiAWVf9/jjT+tN|o0in
2026-05-23T03:20:33+0300 INFO: Старт робота: C:\Users\Ksenya\Desktop\hakaton\main\resource\f3efacb5-9480-468d-80b1-ce2f2054016e\main.py
2026-05-23T03:20:33+0300 INFO: C:\Users\Ksenya\Desktop\hakaton\main\resource\f3efacb5-9480-468d-80b1-ce2f2054016e\main.py Старт. Выполняемый шаг: Обработка ошибки. id: E(ohZ?TiZWX5;}Gqu-r,
2026-05-23T03:20:33+0300 INFO: C:\Users\Ksenya\Desktop\hakaton\main\resource\f3efacb5-9480-468d-80b1-ce2f2054016e\main.py Выполнение. Выполняемый шаг: Обработка ошибки. id: E(ohZ?TiZWX5;}Gqu-r,
2026-05-23T03:20:33+0300 INFO: C:\Users\Ksenya\Desktop\hakaton\main\resource\f3efacb5-9480-468d-80b1-ce2f2054016e\main.py Робот запущен
2026-05-23T03:20:33+0300 INFO: C:\Users\Ksenya\Desktop\hakaton\main\resource\f3efacb5-9480-468d-80b1-ce2f2054016e\main.py Старт. Выполняемый шаг: Присвоить значение переменной. id: uT8K_dR,wNXk4m?dkCsM
2026-05-23T03:20:34+0300 INFO: C:\Users\Ksenya\Desktop\hakaton\main\resource\f3efacb5-9480-468d-80b1-ce2f2054016e\main.py Выполнение. Выполняемый шаг: Присвоить значение переменной. id: uT8K_dR,wNXk4m?dkCsM
2026-05-23T03:20:34+0300 INFO: C:\Users\Ksenya\Desktop\hakaton\main\resource\f3efacb5-9480-468d-80b1-ce2f2054016e\main.py Завершение. Выполняемый шаг: Присвоить значение переменной. id: uT8K_dR,wNXk4m?dkCsM
2026-05-23T03:20:34+0300 INFO: C:\Users\Ksenya\Desktop\hakaton\main\resource\f3efacb5-9480-468d-80b1-ce2f2054016e\main.py Старт. Выполняемый шаг: Присвоить значение переменной. id: :MAZ.Rz62:ZsFDl7vQQJ
2026-05-23T03:20:34+0300 INFO: C:\Users\Ksenya\Desktop\hakaton\main\resource\f3efacb5-9480-468d-80b1-ce2f2054016e\main.py Выполнение. Выполняемый шаг: Присвоить значение переменной. id: :MAZ.Rz62:ZsFDl7vQQJ
2026-05-23T03:20:34+0300 INFO: C:\Users\Ksenya\Desktop\hakaton\main\resource\f3efacb5-9480-468d-80b1-ce2f2054016e\main.py Завершение. Выполняемый шаг: Присвоить значение переменной. id: :MAZ.Rz62:ZsFDl7vQQJ
2026-05-23T03:20:34+0300 INFO: C:\Users\Ksenya\Desktop\hakaton\main\resource\f3efacb5-9480-468d-80b1-ce2f2054016e\main.py Старт. Выполняемый шаг: Присвоить значение переменной. id: WBqw15|Z#}dx_{yM[UJS
2026-05-23T03:20:35+0300 INFO: C:\Users\Ksenya\Desktop\hakaton\main\resource\f3efacb5-9480-468d-80b1-ce2f2054016e\main.py Выполнение. Выполняемый шаг: Присвоить значение переменной. id: WBqw15|Z#}dx_{yM[UJS
2026-05-23T03:20:35+0300 INFO: C:\Users\Ksenya\Desktop\hakaton\main\resource\f3efacb5-9480-468d-80b1-ce2f2054016e\main.py Завершение. Выполняемый шаг: Присвоить значение переменной. id: WBqw15|Z#}dx_{yM[UJS
2026-05-23T03:20:35+0300 INFO: C:\Users\Ksenya\Desktop\hakaton\main\resource\f3efacb5-9480-468d-80b1-ce2f2054016e\main.py Старт. Выполняемый шаг: Присвоить значение переменной. id: ZD}VS]B8yU%7IR$_1:gx
2026-05-23T03:20:35+0300 INFO: C:\Users\Ksenya\Desktop\hakaton\main\resource\f3efacb5-9480-468d-80b1-ce2f2054016e\main.py Выполнение. Выполняемый шаг: Присвоить значение переменной. id: ZD}VS]B8yU%7IR$_1:gx
2026-05-23T03:20:35+0300 INFO: C:\Users\Ksenya\Desktop\hakaton\main\resource\f3efacb5-9480-468d-80b1-ce2f2054016e\main.py Старт. Выполняемый шаг: Прочитать файл. id: h-7qLFMP}Ex#VZ)Ao@jd
2026-05-23T03:20:35+0300 INFO: C:\Users\Ksenya\Desktop\hakaton\main\resource\f3efacb5-9480-468d-80b1-ce2f2054016e\main.py Завершение. Выполняемый шаг: Прочитать файл. id: h-7qLFMP}Ex#VZ)Ao@jd
2026-05-23T03:20:35+0300 INFO: C:\Users\Ksenya\Desktop\hakaton\main\resource\f3efacb5-9480-468d-80b1-ce2f2054016e\main.py Завершение. Выполняемый шаг: Присвоить значение переменной. id: ZD}VS]B8yU%7IR$_1:gx
2026-05-23T03:20:35+0300 INFO: C:\Users\Ksenya\Desktop\hakaton\main\resource\f3efacb5-9480-468d-80b1-ce2f2054016e\main.py Старт. Выполняемый шаг: Присвоить значение переменной. id: ^0R|78#C*6Lo31|B;%K9
2026-05-23T03:20:36+0300 INFO: C:\Users\Ksenya\Desktop\hakaton\main\resource\f3efacb5-9480-468d-80b1-ce2f2054016e\main.py Выполнение. Выполняемый шаг: Присвоить значение переменной. id: ^0R|78#C*6Lo31|B;%K9
2026-05-23T03:20:36+0300 INFO: C:\Users\Ksenya\Desktop\hakaton\main\resource\f3efacb5-9480-468d-80b1-ce2f2054016e\main.py Завершение. Выполняемый шаг: Присвоить значение переменной. id: ^0R|78#C*6Lo31|B;%K9
2026-05-23T03:20:36+0300 INFO: C:\Users\Ksenya\Desktop\hakaton\main\resource\f3efacb5-9480-468d-80b1-ce2f2054016e\main.py Старт. Выполняемый шаг: Присвоить значение переменной. id: p$O:QoI+|4ux$8{ysFr:
2026-05-23T03:20:36+0300 INFO: C:\Users\Ksenya\Desktop\hakaton\main\resource\f3efacb5-9480-468d-80b1-ce2f2054016e\main.py Выполнение. Выполняемый шаг: Присвоить значение переменной. id: p$O:QoI+|4ux$8{ysFr:
2026-05-23T03:20:36+0300 INFO: C:\Users\Ksenya\Desktop\hakaton\main\resource\f3efacb5-9480-468d-80b1-ce2f2054016e\main.py Завершение. Выполняемый шаг: Присвоить значение переменной. id: p$O:QoI+|4ux$8{ysFr:
2026-05-23T03:20:36+0300 INFO: C:\Users\Ksenya\Desktop\hakaton\main\resource\f3efacb5-9480-468d-80b1-ce2f2054016e\main.py Старт. Выполняемый шаг: Присвоить значение переменной. id: ]Nwow_`34-zY1snYsMa=
2026-05-23T03:20:37+0300 INFO: C:\Users\Ksenya\Desktop\hakaton\main\resource\f3efacb5-9480-468d-80b1-ce2f2054016e\main.py Выполнение. Выполняемый шаг: Присвоить значение переменной. id: ]Nwow_`34-zY1snYsMa=
2026-05-23T03:20:37+0300 INFO: C:\Users\Ksenya\Desktop\hakaton\main\resource\f3efacb5-9480-468d-80b1-ce2f2054016e\main.py Завершение. Выполняемый шаг: Присвоить значение переменной. id: ]Nwow_`34-zY1snYsMa=
2026-05-23T03:20:37+0300 INFO: C:\Users\Ksenya\Desktop\hakaton\main\resource\f3efacb5-9480-468d-80b1-ce2f2054016e\main.py Старт. Выполняемый шаг: Присвоить значение переменной. id: 7qHD^~+B#bUSw)9hi;V5
2026-05-23T03:20:37+0300 INFO: C:\Users\Ksenya\Desktop\hakaton\main\resource\f3efacb5-9480-468d-80b1-ce2f2054016e\main.py Выполнение. Выполняемый шаг: Присвоить значение переменной. id: 7qHD^~+B#bUSw)9hi;V5
2026-05-23T03:20:37+0300 INFO: C:\Users\Ksenya\Desktop\hakaton\main\resource\f3efacb5-9480-468d-80b1-ce2f2054016e\main.py Завершение. Выполняемый шаг: Присвоить значение переменной. id: 7qHD^~+B#bUSw)9hi;V5
2026-05-23T03:20:37+0300 INFO: C:\Users\Ksenya\Desktop\hakaton\main\resource\f3efacb5-9480-468d-80b1-ce2f2054016e\main.py Старт. Выполняемый шаг: Присвоить значение переменной. id: 3oGjmJ`CaVRVz9#qu*_m
2026-05-23T03:20:37+0300 INFO: C:\Users\Ksenya\Desktop\hakaton\main\resource\f3efacb5-9480-468d-80b1-ce2f2054016e\main.py Выполнение. Выполняемый шаг: Присвоить значение переменной. id: 3oGjmJ`CaVRVz9#qu*_m
2026-05-23T03:20:37+0300 INFO: C:\Users\Ksenya\Desktop\hakaton\main\resource\f3efacb5-9480-468d-80b1-ce2f2054016e\main.py Завершение. Выполняемый шаг: Присвоить значение переменной. id: 3oGjmJ`CaVRVz9#qu*_m
2026-05-23T03:20:37+0300 INFO: C:\Users\Ksenya\Desktop\hakaton\main\resource\f3efacb5-9480-468d-80b1-ce2f2054016e\main.py Старт. Выполняемый шаг: Присвоить значение переменной. id: :kF]*7FA#}yI!L)At3D0
2026-05-23T03:20:37+0300 INFO: C:\Users\Ksenya\Desktop\hakaton\main\resource\f3efacb5-9480-468d-80b1-ce2f2054016e\main.py Выполнение. Выполняемый шаг: Присвоить значение переменной. id: :kF]*7FA#}yI!L)At3D0
2026-05-23T03:20:37+0300 INFO: C:\Users\Ksenya\Desktop\hakaton\main\resource\f3efacb5-9480-468d-80b1-ce2f2054016e\main.py Завершение. Выполняемый шаг: Присвоить значение переменной. id: :kF]*7FA#}yI!L)At3D0
2026-05-23T03:20:38+0300 INFO: C:\Users\Ksenya\Desktop\hakaton\main\resource\f3efacb5-9480-468d-80b1-ce2f2054016e\main.py Отправляю запрос в 1С
2026-05-23T03:20:38+0300 INFO: C:\Users\Ksenya\Desktop\hakaton\main\resource\f3efacb5-9480-468d-80b1-ce2f2054016e\main.py Старт. Выполняемый шаг: Присвоить значение переменной. id: !ywK5=-Xf1I3.TZw{|wY
2026-05-23T03:20:38+0300 INFO: C:\Users\Ksenya\Desktop\hakaton\main\resource\f3efacb5-9480-468d-80b1-ce2f2054016e\main.py Выполнение. Выполняемый шаг: Присвоить значение переменной. id: !ywK5=-Xf1I3.TZw{|wY
2026-05-23T03:20:38+0300 INFO: C:\Users\Ksenya\Desktop\hakaton\main\resource\f3efacb5-9480-468d-80b1-ce2f2054016e\main.py Старт. Выполняемый шаг: Отправить запрос в 1С. id: XwlC!5@Ta@JGRc)n~fg7
2026-05-23T03:20:38+0300 INFO: C:\Users\Ksenya\Desktop\hakaton\main\resource\f3efacb5-9480-468d-80b1-ce2f2054016e\main.py Завершение. Выполняемый шаг: Отправить запрос в 1С. id: XwlC!5@Ta@JGRc)n~fg7
2026-05-23T03:20:38+0300 INFO: C:\Users\Ksenya\Desktop\hakaton\main\resource\f3efacb5-9480-468d-80b1-ce2f2054016e\main.py Завершение. Выполняемый шаг: Присвоить значение переменной. id: !ywK5=-Xf1I3.TZw{|wY
2026-05-23T03:20:39+0300 INFO: C:\Users\Ksenya\Desktop\hakaton\main\resource\f3efacb5-9480-468d-80b1-ce2f2054016e\main.py Ответ получен. Сохраняю в файл
2026-05-23T03:20:39+0300 INFO: C:\Users\Ksenya\Desktop\hakaton\main\resource\f3efacb5-9480-468d-80b1-ce2f2054016e\main.py Старт. Выполняемый шаг: Присвоить значение переменной. id: jMBKenGW}MvB]@BLj|h;
2026-05-23T03:20:39+0300 INFO: C:\Users\Ksenya\Desktop\hakaton\main\resource\f3efacb5-9480-468d-80b1-ce2f2054016e\main.py Выполнение. Выполняемый шаг: Присвоить значение переменной. id: jMBKenGW}MvB]@BLj|h;
2026-05-23T03:20:39+0300 INFO: C:\Users\Ksenya\Desktop\hakaton\main\resource\f3efacb5-9480-468d-80b1-ce2f2054016e\main.py Завершение. Выполняемый шаг: Присвоить значение переменной. id: jMBKenGW}MvB]@BLj|h;
2026-05-23T03:20:40+0300 INFO: C:\Users\Ksenya\Desktop\hakaton\main\resource\f3efacb5-9480-468d-80b1-ce2f2054016e\main.py Ответ получен. Сохраняю файл
2026-05-23T03:20:40+0300 INFO: C:\Users\Ksenya\Desktop\hakaton\main\resource\f3efacb5-9480-468d-80b1-ce2f2054016e\main.py Старт. Выполняемый шаг: Присвоить значение переменной. id: MwpJ)h|(t;te{v8bJF/j
2026-05-23T03:20:45+0300 INFO: C:\Users\Ksenya\Desktop\hakaton\main\resource\f3efacb5-9480-468d-80b1-ce2f2054016e\main.py Выполнение. Выполняемый шаг: Присвоить значение переменной. id: MwpJ)h|(t;te{v8bJF/j
2026-05-23T03:20:45+0300 INFO: C:\Users\Ksenya\Desktop\hakaton\main\resource\f3efacb5-9480-468d-80b1-ce2f2054016e\main.py Старт. Выполняемый шаг: Создать dataframe. id: b4uw@2XpjXo[#oz,!{#Y
2026-05-23T03:20:45+0300 INFO: C:\Users\Ksenya\Desktop\hakaton\main\resource\f3efacb5-9480-468d-80b1-ce2f2054016e\main.py Завершение. Выполняемый шаг: Создать dataframe. id: b4uw@2XpjXo[#oz,!{#Y
2026-05-23T03:20:45+0300 INFO: C:\Users\Ksenya\Desktop\hakaton\main\resource\f3efacb5-9480-468d-80b1-ce2f2054016e\main.py Завершение. Выполняемый шаг: Присвоить значение переменной. id: MwpJ)h|(t;te{v8bJF/j
2026-05-23T03:20:45+0300 INFO: C:\Users\Ksenya\Desktop\hakaton\main\resource\f3efacb5-9480-468d-80b1-ce2f2054016e\main.py Старт. Выполняемый шаг: Записать в Excel. id: qJiAWVf9/jjT+tN|o0in
2026-05-23T03:21:42+0300 INFO: Запуск процесса из студии разработки. C:\Users\Ksenya\Desktop\hakaton\main\process\main.json
2026-05-23T03:21:45+0300 INFO: Старт робота: C:\Users\Ksenya\Desktop\hakaton\main\resource\ac42fe41-d832-4ccf-a85a-ef3e5f41c592\main.py
2026-05-23T03:21:45+0300 INFO: C:\Users\Ksenya\Desktop\hakaton\main\resource\ac42fe41-d832-4ccf-a85a-ef3e5f41c592\main.py Робот запущен
2026-05-23T03:21:45+0300 INFO: C:\Users\Ksenya\Desktop\hakaton\main\resource\ac42fe41-d832-4ccf-a85a-ef3e5f41c592\main.py Отправляю запрос в 1С
2026-05-23T03:21:46+0300 INFO: C:\Users\Ksenya\Desktop\hakaton\main\resource\ac42fe41-d832-4ccf-a85a-ef3e5f41c592\main.py Ответ получен. Сохраняю в файл
2026-05-23T03:21:46+0300 INFO: C:\Users\Ksenya\Desktop\hakaton\main\resource\ac42fe41-d832-4ccf-a85a-ef3e5f41c592\main.py Ответ получен. Сохраняю файл
2026-05-23T03:21:46+0300 INFO: C:\Users\Ksenya\Desktop\hakaton\main\resource\ac42fe41-d832-4ccf-a85a-ef3e5f41c592\main.py Файл создан:C:\Users\Ksenya\Desktop\hakaton\main\resource\outputosv_may_2026.xlsx
2026-05-23T03:21:46+0300 INFO: Завершение работы робота: C:\Users\Ksenya\Desktop\hakaton\main\resource\ac42fe41-d832-4ccf-a85a-ef3e5f41c592\main.py
2026-05-23T03:21:46+0300 INFO: Завершение выполнения процесса. C:\Users\Ksenya\Desktop\hakaton\main\process\main.json
2026-05-23T03:22:02+0300 INFO: Старт робота: C:\Users\Ksenya\Desktop\hakaton\main\resource\2bf06925-d2b8-4237-b529-58b23e565fab\main.py
2026-05-23T03:22:02+0300 INFO: C:\Users\Ksenya\Desktop\hakaton\main\resource\2bf06925-d2b8-4237-b529-58b23e565fab\main.py Старт. Выполняемый шаг: Обработка ошибки. id: E(ohZ?TiZWX5;}Gqu-r,
2026-05-23T03:22:02+0300 INFO: C:\Users\Ksenya\Desktop\hakaton\main\resource\2bf06925-d2b8-4237-b529-58b23e565fab\main.py Выполнение. Выполняемый шаг: Обработка ошибки. id: E(ohZ?TiZWX5;}Gqu-r,
2026-05-23T03:22:02+0300 INFO: C:\Users\Ksenya\Desktop\hakaton\main\resource\2bf06925-d2b8-4237-b529-58b23e565fab\main.py Робот запущен
2026-05-23T03:22:02+0300 INFO: C:\Users\Ksenya\Desktop\hakaton\main\resource\2bf06925-d2b8-4237-b529-58b23e565fab\main.py Старт. Выполняемый шаг: Присвоить значение переменной. id: uT8K_dR,wNXk4m?dkCsM
2026-05-23T03:22:04+0300 INFO: C:\Users\Ksenya\Desktop\hakaton\main\resource\2bf06925-d2b8-4237-b529-58b23e565fab\main.py Выполнение. Выполняемый шаг: Присвоить значение переменной. id: uT8K_dR,wNXk4m?dkCsM
2026-05-23T03:22:04+0300 INFO: C:\Users\Ksenya\Desktop\hakaton\main\resource\2bf06925-d2b8-4237-b529-58b23e565fab\main.py Завершение. Выполняемый шаг: Присвоить значение переменной. id: uT8K_dR,wNXk4m?dkCsM
2026-05-23T03:22:04+0300 INFO: C:\Users\Ksenya\Desktop\hakaton\main\resource\2bf06925-d2b8-4237-b529-58b23e565fab\main.py Старт. Выполняемый шаг: Присвоить значение переменной. id: :MAZ.Rz62:ZsFDl7vQQJ
2026-05-23T03:22:04+0300 INFO: C:\Users\Ksenya\Desktop\hakaton\main\resource\2bf06925-d2b8-4237-b529-58b23e565fab\main.py Выполнение. Выполняемый шаг: Присвоить значение переменной. id: :MAZ.Rz62:ZsFDl7vQQJ
2026-05-23T03:22:04+0300 INFO: C:\Users\Ksenya\Desktop\hakaton\main\resource\2bf06925-d2b8-4237-b529-58b23e565fab\main.py Завершение. Выполняемый шаг: Присвоить значение переменной. id: :MAZ.Rz62:ZsFDl7vQQJ
2026-05-23T03:22:04+0300 INFO: C:\Users\Ksenya\Desktop\hakaton\main\resource\2bf06925-d2b8-4237-b529-58b23e565fab\main.py Старт. Выполняемый шаг: Присвоить значение переменной. id: WBqw15|Z#}dx_{yM[UJS
2026-05-23T03:22:04+0300 INFO: C:\Users\Ksenya\Desktop\hakaton\main\resource\2bf06925-d2b8-4237-b529-58b23e565fab\main.py Выполнение. Выполняемый шаг: Присвоить значение переменной. id: WBqw15|Z#}dx_{yM[UJS
2026-05-23T03:22:04+0300 INFO: C:\Users\Ksenya\Desktop\hakaton\main\resource\2bf06925-d2b8-4237-b529-58b23e565fab\main.py Завершение. Выполняемый шаг: Присвоить значение переменной. id: WBqw15|Z#}dx_{yM[UJS
2026-05-23T03:22:04+0300 INFO: C:\Users\Ksenya\Desktop\hakaton\main\resource\2bf06925-d2b8-4237-b529-58b23e565fab\main.py Старт. Выполняемый шаг: Присвоить значение переменной. id: ZD}VS]B8yU%7IR$_1:gx
2026-05-23T03:22:04+0300 INFO: C:\Users\Ksenya\Desktop\hakaton\main\resource\2bf06925-d2b8-4237-b529-58b23e565fab\main.py Выполнение. Выполняемый шаг: Присвоить значение переменной. id: ZD}VS]B8yU%7IR$_1:gx
2026-05-23T03:22:04+0300 INFO: C:\Users\Ksenya\Desktop\hakaton\main\resource\2bf06925-d2b8-4237-b529-58b23e565fab\main.py Старт. Выполняемый шаг: Прочитать файл. id: h-7qLFMP}Ex#VZ)Ao@jd
2026-05-23T03:22:04+0300 INFO: C:\Users\Ksenya\Desktop\hakaton\main\resource\2bf06925-d2b8-4237-b529-58b23e565fab\main.py Завершение. Выполняемый шаг: Прочитать файл. id: h-7qLFMP}Ex#VZ)Ao@jd
2026-05-23T03:22:04+0300 INFO: C:\Users\Ksenya\Desktop\hakaton\main\resource\2bf06925-d2b8-4237-b529-58b23e565fab\main.py Завершение. Выполняемый шаг: Присвоить значение переменной. id: ZD}VS]B8yU%7IR$_1:gx
2026-05-23T03:22:04+0300 INFO: C:\Users\Ksenya\Desktop\hakaton\main\resource\2bf06925-d2b8-4237-b529-58b23e565fab\main.py Старт. Выполняемый шаг: Присвоить значение переменной. id: ^0R|78#C*6Lo31|B;%K9
2026-05-23T03:22:05+0300 INFO: C:\Users\Ksenya\Desktop\hakaton\main\resource\2bf06925-d2b8-4237-b529-58b23e565fab\main.py Выполнение. Выполняемый шаг: Присвоить значение переменной. id: ^0R|78#C*6Lo31|B;%K9
2026-05-23T03:22:05+0300 INFO: C:\Users\Ksenya\Desktop\hakaton\main\resource\2bf06925-d2b8-4237-b529-58b23e565fab\main.py Завершение. Выполняемый шаг: Присвоить значение переменной. id: ^0R|78#C*6Lo31|B;%K9
2026-05-23T03:22:05+0300 INFO: C:\Users\Ksenya\Desktop\hakaton\main\resource\2bf06925-d2b8-4237-b529-58b23e565fab\main.py Старт. Выполняемый шаг: Присвоить значение переменной. id: p$O:QoI+|4ux$8{ysFr:
2026-05-23T03:22:05+0300 INFO: C:\Users\Ksenya\Desktop\hakaton\main\resource\2bf06925-d2b8-4237-b529-58b23e565fab\main.py Выполнение. Выполняемый шаг: Присвоить значение переменной. id: p$O:QoI+|4ux$8{ysFr:
2026-05-23T03:22:05+0300 INFO: C:\Users\Ksenya\Desktop\hakaton\main\resource\2bf06925-d2b8-4237-b529-58b23e565fab\main.py Завершение. Выполняемый шаг: Присвоить значение переменной. id: p$O:QoI+|4ux$8{ysFr:
2026-05-23T03:22:05+0300 INFO: C:\Users\Ksenya\Desktop\hakaton\main\resource\2bf06925-d2b8-4237-b529-58b23e565fab\main.py Старт. Выполняемый шаг: Присвоить значение переменной. id: ]Nwow_`34-zY1snYsMa=
2026-05-23T03:22:05+0300 INFO: C:\Users\Ksenya\Desktop\hakaton\main\resource\2bf06925-d2b8-4237-b529-58b23e565fab\main.py Выполнение. Выполняемый шаг: Присвоить значение переменной. id: ]Nwow_`34-zY1snYsMa=
2026-05-23T03:22:05+0300 INFO: C:\Users\Ksenya\Desktop\hakaton\main\resource\2bf06925-d2b8-4237-b529-58b23e565fab\main.py Завершение. Выполняемый шаг: Присвоить значение переменной. id: ]Nwow_`34-zY1snYsMa=
2026-05-23T03:22:05+0300 INFO: C:\Users\Ksenya\Desktop\hakaton\main\resource\2bf06925-d2b8-4237-b529-58b23e565fab\main.py Старт. Выполняемый шаг: Присвоить значение переменной. id: 7qHD^~+B#bUSw)9hi;V5
2026-05-23T03:22:05+0300 INFO: C:\Users\Ksenya\Desktop\hakaton\main\resource\2bf06925-d2b8-4237-b529-58b23e565fab\main.py Выполнение. Выполняемый шаг: Присвоить значение переменной. id: 7qHD^~+B#bUSw)9hi;V5
2026-05-23T03:22:05+0300 INFO: C:\Users\Ksenya\Desktop\hakaton\main\resource\2bf06925-d2b8-4237-b529-58b23e565fab\main.py Завершение. Выполняемый шаг: Присвоить значение переменной. id: 7qHD^~+B#bUSw)9hi;V5
2026-05-23T03:22:05+0300 INFO: C:\Users\Ksenya\Desktop\hakaton\main\resource\2bf06925-d2b8-4237-b529-58b23e565fab\main.py Старт. Выполняемый шаг: Присвоить значение переменной. id: 3oGjmJ`CaVRVz9#qu*_m
2026-05-23T03:22:06+0300 INFO: C:\Users\Ksenya\Desktop\hakaton\main\resource\2bf06925-d2b8-4237-b529-58b23e565fab\main.py Выполнение. Выполняемый шаг: Присвоить значение переменной. id: 3oGjmJ`CaVRVz9#qu*_m
2026-05-23T03:22:06+0300 INFO: C:\Users\Ksenya\Desktop\hakaton\main\resource\2bf06925-d2b8-4237-b529-58b23e565fab\main.py Завершение. Выполняемый шаг: Присвоить значение переменной. id: 3oGjmJ`CaVRVz9#qu*_m
2026-05-23T03:22:06+0300 INFO: C:\Users\Ksenya\Desktop\hakaton\main\resource\2bf06925-d2b8-4237-b529-58b23e565fab\main.py Старт. Выполняемый шаг: Присвоить значение переменной. id: :kF]*7FA#}yI!L)At3D0
2026-05-23T03:22:06+0300 INFO: C:\Users\Ksenya\Desktop\hakaton\main\resource\2bf06925-d2b8-4237-b529-58b23e565fab\main.py Выполнение. Выполняемый шаг: Присвоить значение переменной. id: :kF]*7FA#}yI!L)At3D0
2026-05-23T03:22:06+0300 INFO: C:\Users\Ksenya\Desktop\hakaton\main\resource\2bf06925-d2b8-4237-b529-58b23e565fab\main.py Завершение. Выполняемый шаг: Присвоить значение переменной. id: :kF]*7FA#}yI!L)At3D0
2026-05-23T03:22:06+0300 INFO: C:\Users\Ksenya\Desktop\hakaton\main\resource\2bf06925-d2b8-4237-b529-58b23e565fab\main.py Отправляю запрос в 1С
2026-05-23T03:22:06+0300 INFO: C:\Users\Ksenya\Desktop\hakaton\main\resource\2bf06925-d2b8-4237-b529-58b23e565fab\main.py Старт. Выполняемый шаг: Присвоить значение переменной. id: !ywK5=-Xf1I3.TZw{|wY
2026-05-23T03:22:06+0300 INFO: C:\Users\Ksenya\Desktop\hakaton\main\resource\2bf06925-d2b8-4237-b529-58b23e565fab\main.py Выполнение. Выполняемый шаг: Присвоить значение переменной. id: !ywK5=-Xf1I3.TZw{|wY
2026-05-23T03:22:06+0300 INFO: C:\Users\Ksenya\Desktop\hakaton\main\resource\2bf06925-d2b8-4237-b529-58b23e565fab\main.py Старт. Выполняемый шаг: Отправить запрос в 1С. id: XwlC!5@Ta@JGRc)n~fg7
2026-05-23T03:22:07+0300 INFO: C:\Users\Ksenya\Desktop\hakaton\main\resource\2bf06925-d2b8-4237-b529-58b23e565fab\main.py Завершение. Выполняемый шаг: Отправить запрос в 1С. id: XwlC!5@Ta@JGRc)n~fg7
2026-05-23T03:22:07+0300 INFO: C:\Users\Ksenya\Desktop\hakaton\main\resource\2bf06925-d2b8-4237-b529-58b23e565fab\main.py Завершение. Выполняемый шаг: Присвоить значение переменной. id: !ywK5=-Xf1I3.TZw{|wY
2026-05-23T03:22:07+0300 INFO: C:\Users\Ksenya\Desktop\hakaton\main\resource\2bf06925-d2b8-4237-b529-58b23e565fab\main.py Ответ получен. Сохраняю в файл
2026-05-23T03:22:07+0300 INFO: C:\Users\Ksenya\Desktop\hakaton\main\resource\2bf06925-d2b8-4237-b529-58b23e565fab\main.py Старт. Выполняемый шаг: Присвоить значение переменной. id: jMBKenGW}MvB]@BLj|h;
2026-05-23T03:22:09+0300 INFO: C:\Users\Ksenya\Desktop\hakaton\main\resource\2bf06925-d2b8-4237-b529-58b23e565fab\main.py Выполнение. Выполняемый шаг: Присвоить значение переменной. id: jMBKenGW}MvB]@BLj|h;
2026-05-23T03:22:09+0300 INFO: C:\Users\Ksenya\Desktop\hakaton\main\resource\2bf06925-d2b8-4237-b529-58b23e565fab\main.py Завершение. Выполняемый шаг: Присвоить значение переменной. id: jMBKenGW}MvB]@BLj|h;
2026-05-23T03:22:10+0300 INFO: C:\Users\Ksenya\Desktop\hakaton\main\resource\2bf06925-d2b8-4237-b529-58b23e565fab\main.py Ответ получен. Сохраняю файл
2026-05-23T03:22:10+0300 INFO: C:\Users\Ksenya\Desktop\hakaton\main\resource\2bf06925-d2b8-4237-b529-58b23e565fab\main.py Старт. Выполняемый шаг: Присвоить значение переменной. id: MwpJ)h|(t;te{v8bJF/j
2026-05-23T03:22:11+0300 INFO: C:\Users\Ksenya\Desktop\hakaton\main\resource\2bf06925-d2b8-4237-b529-58b23e565fab\main.py Выполнение. Выполняемый шаг: Присвоить значение переменной. id: MwpJ)h|(t;te{v8bJF/j
2026-05-23T03:22:11+0300 INFO: C:\Users\Ksenya\Desktop\hakaton\main\resource\2bf06925-d2b8-4237-b529-58b23e565fab\main.py Старт. Выполняемый шаг: Создать dataframe. id: b4uw@2XpjXo[#oz,!{#Y
2026-05-23T03:22:11+0300 INFO: C:\Users\Ksenya\Desktop\hakaton\main\resource\2bf06925-d2b8-4237-b529-58b23e565fab\main.py Завершение. Выполняемый шаг: Создать dataframe. id: b4uw@2XpjXo[#oz,!{#Y
2026-05-23T03:22:11+0300 INFO: C:\Users\Ksenya\Desktop\hakaton\main\resource\2bf06925-d2b8-4237-b529-58b23e565fab\main.py Завершение. Выполняемый шаг: Присвоить значение переменной. id: MwpJ)h|(t;te{v8bJF/j
2026-05-23T03:22:11+0300 INFO: C:\Users\Ksenya\Desktop\hakaton\main\resource\2bf06925-d2b8-4237-b529-58b23e565fab\main.py Старт. Выполняемый шаг: Записать в Excel. id: qJiAWVf9/jjT+tN|o0in
2026-05-23T03:22:12+0300 INFO: C:\Users\Ksenya\Desktop\hakaton\main\resource\2bf06925-d2b8-4237-b529-58b23e565fab\main.py Выполнение. Выполняемый шаг: Записать в Excel. id: qJiAWVf9/jjT+tN|o0in
2026-05-23T03:22:12+0300 INFO: C:\Users\Ksenya\Desktop\hakaton\main\resource\2bf06925-d2b8-4237-b529-58b23e565fab\main.py Завершение. Выполняемый шаг: Записать в Excel. id: qJiAWVf9/jjT+tN|o0in
2026-05-23T03:26:49+0300 INFO: Старт робота: C:\Users\Ksenya\Desktop\hakaton\main\resource\47d55a77-aff9-4114-8f8f-e3e9c555998b\main.py
2026-05-23T03:26:49+0300 INFO: C:\Users\Ksenya\Desktop\hakaton\main\resource\47d55a77-aff9-4114-8f8f-e3e9c555998b\main.py Старт. Выполняемый шаг: Обработка ошибки. id: E(ohZ?TiZWX5;}Gqu-r,
2026-05-23T03:26:49+0300 INFO: C:\Users\Ksenya\Desktop\hakaton\main\resource\47d55a77-aff9-4114-8f8f-e3e9c555998b\main.py Выполнение. Выполняемый шаг: Обработка ошибки. id: E(ohZ?TiZWX5;}Gqu-r,
2026-05-23T03:26:49+0300 INFO: C:\Users\Ksenya\Desktop\hakaton\main\resource\47d55a77-aff9-4114-8f8f-e3e9c555998b\main.py Робот запущен
2026-05-23T03:26:49+0300 INFO: C:\Users\Ksenya\Desktop\hakaton\main\resource\47d55a77-aff9-4114-8f8f-e3e9c555998b\main.py Старт. Выполняемый шаг: Присвоить значение переменной. id: uT8K_dR,wNXk4m?dkCsM
2026-05-23T03:26:49+0300 INFO: C:\Users\Ksenya\Desktop\hakaton\main\resource\47d55a77-aff9-4114-8f8f-e3e9c555998b\main.py Выполнение. Выполняемый шаг: Присвоить значение переменной. id: uT8K_dR,wNXk4m?dkCsM
2026-05-23T03:26:49+0300 INFO: C:\Users\Ksenya\Desktop\hakaton\main\resource\47d55a77-aff9-4114-8f8f-e3e9c555998b\main.py Завершение. Выполняемый шаг: Присвоить значение переменной. id: uT8K_dR,wNXk4m?dkCsM
2026-05-23T03:26:49+0300 INFO: C:\Users\Ksenya\Desktop\hakaton\main\resource\47d55a77-aff9-4114-8f8f-e3e9c555998b\main.py Старт. Выполняемый шаг: Присвоить значение переменной. id: :MAZ.Rz62:ZsFDl7vQQJ
2026-05-23T03:26:49+0300 INFO: C:\Users\Ksenya\Desktop\hakaton\main\resource\47d55a77-aff9-4114-8f8f-e3e9c555998b\main.py Выполнение. Выполняемый шаг: Присвоить значение переменной. id: :MAZ.Rz62:ZsFDl7vQQJ
2026-05-23T03:26:49+0300 INFO: C:\Users\Ksenya\Desktop\hakaton\main\resource\47d55a77-aff9-4114-8f8f-e3e9c555998b\main.py Завершение. Выполняемый шаг: Присвоить значение переменной. id: :MAZ.Rz62:ZsFDl7vQQJ
2026-05-23T03:26:49+0300 INFO: C:\Users\Ksenya\Desktop\hakaton\main\resource\47d55a77-aff9-4114-8f8f-e3e9c555998b\main.py Старт. Выполняемый шаг: Присвоить значение переменной. id: WBqw15|Z#}dx_{yM[UJS
2026-05-23T03:26:50+0300 INFO: C:\Users\Ksenya\Desktop\hakaton\main\resource\47d55a77-aff9-4114-8f8f-e3e9c555998b\main.py Выполнение. Выполняемый шаг: Присвоить значение переменной. id: WBqw15|Z#}dx_{yM[UJS
2026-05-23T03:26:50+0300 INFO: C:\Users\Ksenya\Desktop\hakaton\main\resource\47d55a77-aff9-4114-8f8f-e3e9c555998b\main.py Завершение. Выполняемый шаг: Присвоить значение переменной. id: WBqw15|Z#}dx_{yM[UJS
2026-05-23T03:26:50+0300 INFO: C:\Users\Ksenya\Desktop\hakaton\main\resource\47d55a77-aff9-4114-8f8f-e3e9c555998b\main.py Старт. Выполняемый шаг: Присвоить значение переменной. id: ZD}VS]B8yU%7IR$_1:gx
2026-05-23T03:26:50+0300 INFO: C:\Users\Ksenya\Desktop\hakaton\main\resource\47d55a77-aff9-4114-8f8f-e3e9c555998b\main.py Выполнение. Выполняемый шаг: Присвоить значение переменной. id: ZD}VS]B8yU%7IR$_1:gx
2026-05-23T03:26:50+0300 INFO: C:\Users\Ksenya\Desktop\hakaton\main\resource\47d55a77-aff9-4114-8f8f-e3e9c555998b\main.py Старт. Выполняемый шаг: Прочитать файл. id: h-7qLFMP}Ex#VZ)Ao@jd
2026-05-23T03:26:50+0300 INFO: C:\Users\Ksenya\Desktop\hakaton\main\resource\47d55a77-aff9-4114-8f8f-e3e9c555998b\main.py Завершение. Выполняемый шаг: Прочитать файл. id: h-7qLFMP}Ex#VZ)Ao@jd
2026-05-23T03:26:50+0300 INFO: C:\Users\Ksenya\Desktop\hakaton\main\resource\47d55a77-aff9-4114-8f8f-e3e9c555998b\main.py Завершение. Выполняемый шаг: Присвоить значение переменной. id: ZD}VS]B8yU%7IR$_1:gx
2026-05-23T03:26:50+0300 INFO: C:\Users\Ksenya\Desktop\hakaton\main\resource\47d55a77-aff9-4114-8f8f-e3e9c555998b\main.py Старт. Выполняемый шаг: Присвоить значение переменной. id: ^0R|78#C*6Lo31|B;%K9
2026-05-23T03:26:50+0300 INFO: C:\Users\Ksenya\Desktop\hakaton\main\resource\47d55a77-aff9-4114-8f8f-e3e9c555998b\main.py Выполнение. Выполняемый шаг: Присвоить значение переменной. id: ^0R|78#C*6Lo31|B;%K9
2026-05-23T03:26:50+0300 INFO: C:\Users\Ksenya\Desktop\hakaton\main\resource\47d55a77-aff9-4114-8f8f-e3e9c555998b\main.py Завершение. Выполняемый шаг: Присвоить значение переменной. id: ^0R|78#C*6Lo31|B;%K9
2026-05-23T03:26:50+0300 INFO: C:\Users\Ksenya\Desktop\hakaton\main\resource\47d55a77-aff9-4114-8f8f-e3e9c555998b\main.py Старт. Выполняемый шаг: Присвоить значение переменной. id: p$O:QoI+|4ux$8{ysFr:
2026-05-23T03:26:50+0300 INFO: C:\Users\Ksenya\Desktop\hakaton\main\resource\47d55a77-aff9-4114-8f8f-e3e9c555998b\main.py Выполнение. Выполняемый шаг: Присвоить значение переменной. id: p$O:QoI+|4ux$8{ysFr:
2026-05-23T03:26:50+0300 INFO: C:\Users\Ksenya\Desktop\hakaton\main\resource\47d55a77-aff9-4114-8f8f-e3e9c555998b\main.py Завершение. Выполняемый шаг: Присвоить значение переменной. id: p$O:QoI+|4ux$8{ysFr:
2026-05-23T03:26:50+0300 INFO: C:\Users\Ksenya\Desktop\hakaton\main\resource\47d55a77-aff9-4114-8f8f-e3e9c555998b\main.py Старт. Выполняемый шаг: Присвоить значение переменной. id: ]Nwow_`34-zY1snYsMa=
2026-05-23T03:26:51+0300 INFO: C:\Users\Ksenya\Desktop\hakaton\main\resource\47d55a77-aff9-4114-8f8f-e3e9c555998b\main.py Выполнение. Выполняемый шаг: Присвоить значение переменной. id: ]Nwow_`34-zY1snYsMa=
2026-05-23T03:26:51+0300 INFO: C:\Users\Ksenya\Desktop\hakaton\main\resource\47d55a77-aff9-4114-8f8f-e3e9c555998b\main.py Завершение. Выполняемый шаг: Присвоить значение переменной. id: ]Nwow_`34-zY1snYsMa=
2026-05-23T03:26:51+0300 INFO: C:\Users\Ksenya\Desktop\hakaton\main\resource\47d55a77-aff9-4114-8f8f-e3e9c555998b\main.py Старт. Выполняемый шаг: Присвоить значение переменной. id: 7qHD^~+B#bUSw)9hi;V5
2026-05-23T03:26:51+0300 INFO: C:\Users\Ksenya\Desktop\hakaton\main\resource\47d55a77-aff9-4114-8f8f-e3e9c555998b\main.py Выполнение. Выполняемый шаг: Присвоить значение переменной. id: 7qHD^~+B#bUSw)9hi;V5
2026-05-23T03:26:51+0300 INFO: C:\Users\Ksenya\Desktop\hakaton\main\resource\47d55a77-aff9-4114-8f8f-e3e9c555998b\main.py Завершение. Выполняемый шаг: Присвоить значение переменной. id: 7qHD^~+B#bUSw)9hi;V5
2026-05-23T03:26:51+0300 INFO: C:\Users\Ksenya\Desktop\hakaton\main\resource\47d55a77-aff9-4114-8f8f-e3e9c555998b\main.py Старт. Выполняемый шаг: Присвоить значение переменной. id: 3oGjmJ`CaVRVz9#qu*_m
2026-05-23T03:26:51+0300 INFO: C:\Users\Ksenya\Desktop\hakaton\main\resource\47d55a77-aff9-4114-8f8f-e3e9c555998b\main.py Выполнение. Выполняемый шаг: Присвоить значение переменной. id: 3oGjmJ`CaVRVz9#qu*_m
2026-05-23T03:26:51+0300 INFO: C:\Users\Ksenya\Desktop\hakaton\main\resource\47d55a77-aff9-4114-8f8f-e3e9c555998b\main.py Завершение. Выполняемый шаг: Присвоить значение переменной. id: 3oGjmJ`CaVRVz9#qu*_m
2026-05-23T03:26:51+0300 INFO: C:\Users\Ksenya\Desktop\hakaton\main\resource\47d55a77-aff9-4114-8f8f-e3e9c555998b\main.py Старт. Выполняемый шаг: Присвоить значение переменной. id: :kF]*7FA#}yI!L)At3D0
2026-05-23T03:26:51+0300 INFO: C:\Users\Ksenya\Desktop\hakaton\main\resource\47d55a77-aff9-4114-8f8f-e3e9c555998b\main.py Выполнение. Выполняемый шаг: Присвоить значение переменной. id: :kF]*7FA#}yI!L)At3D0
2026-05-23T03:26:51+0300 INFO: C:\Users\Ksenya\Desktop\hakaton\main\resource\47d55a77-aff9-4114-8f8f-e3e9c555998b\main.py Завершение. Выполняемый шаг: Присвоить значение переменной. id: :kF]*7FA#}yI!L)At3D0
2026-05-23T03:26:51+0300 INFO: C:\Users\Ksenya\Desktop\hakaton\main\resource\47d55a77-aff9-4114-8f8f-e3e9c555998b\main.py Отправляю запрос в 1С
2026-05-23T03:26:51+0300 INFO: C:\Users\Ksenya\Desktop\hakaton\main\resource\47d55a77-aff9-4114-8f8f-e3e9c555998b\main.py Старт. Выполняемый шаг: Присвоить значение переменной. id: !ywK5=-Xf1I3.TZw{|wY
2026-05-23T03:26:51+0300 INFO: C:\Users\Ksenya\Desktop\hakaton\main\resource\47d55a77-aff9-4114-8f8f-e3e9c555998b\main.py Выполнение. Выполняемый шаг: Присвоить значение переменной. id: !ywK5=-Xf1I3.TZw{|wY
2026-05-23T03:26:51+0300 INFO: C:\Users\Ksenya\Desktop\hakaton\main\resource\47d55a77-aff9-4114-8f8f-e3e9c555998b\main.py Старт. Выполняемый шаг: Отправить запрос в 1С. id: XwlC!5@Ta@JGRc)n~fg7
2026-05-23T03:26:52+0300 INFO: C:\Users\Ksenya\Desktop\hakaton\main\resource\47d55a77-aff9-4114-8f8f-e3e9c555998b\main.py Завершение. Выполняемый шаг: Отправить запрос в 1С. id: XwlC!5@Ta@JGRc)n~fg7
2026-05-23T03:26:52+0300 INFO: C:\Users\Ksenya\Desktop\hakaton\main\resource\47d55a77-aff9-4114-8f8f-e3e9c555998b\main.py Завершение. Выполняемый шаг: Присвоить значение переменной. id: !ywK5=-Xf1I3.TZw{|wY
2026-05-23T03:26:53+0300 INFO: C:\Users\Ksenya\Desktop\hakaton\main\resource\47d55a77-aff9-4114-8f8f-e3e9c555998b\main.py Ответ получен. Сохраняю в файл
2026-05-23T03:26:53+0300 INFO: C:\Users\Ksenya\Desktop\hakaton\main\resource\47d55a77-aff9-4114-8f8f-e3e9c555998b\main.py Старт. Выполняемый шаг: Присвоить значение переменной. id: jMBKenGW}MvB]@BLj|h;
2026-05-23T03:26:54+0300 INFO: C:\Users\Ksenya\Desktop\hakaton\main\resource\47d55a77-aff9-4114-8f8f-e3e9c555998b\main.py Выполнение. Выполняемый шаг: Присвоить значение переменной. id: jMBKenGW}MvB]@BLj|h;
2026-05-23T03:26:54+0300 INFO: C:\Users\Ksenya\Desktop\hakaton\main\resource\47d55a77-aff9-4114-8f8f-e3e9c555998b\main.py Завершение. Выполняемый шаг: Присвоить значение переменной. id: jMBKenGW}MvB]@BLj|h;
2026-05-23T03:26:55+0300 INFO: C:\Users\Ksenya\Desktop\hakaton\main\resource\47d55a77-aff9-4114-8f8f-e3e9c555998b\main.py Ответ получен. Сохраняю файл
2026-05-23T03:26:55+0300 INFO: C:\Users\Ksenya\Desktop\hakaton\main\resource\47d55a77-aff9-4114-8f8f-e3e9c555998b\main.py Старт. Выполняемый шаг: Присвоить значение переменной. id: MwpJ)h|(t;te{v8bJF/j
2026-05-23T03:26:57+0300 INFO: C:\Users\Ksenya\Desktop\hakaton\main\resource\47d55a77-aff9-4114-8f8f-e3e9c555998b\main.py Выполнение. Выполняемый шаг: Присвоить значение переменной. id: MwpJ)h|(t;te{v8bJF/j
2026-05-23T03:26:57+0300 INFO: C:\Users\Ksenya\Desktop\hakaton\main\resource\47d55a77-aff9-4114-8f8f-e3e9c555998b\main.py Старт. Выполняемый шаг: Создать dataframe. id: b4uw@2XpjXo[#oz,!{#Y
2026-05-23T03:26:57+0300 INFO: C:\Users\Ksenya\Desktop\hakaton\main\resource\47d55a77-aff9-4114-8f8f-e3e9c555998b\main.py Завершение. Выполняемый шаг: Создать dataframe. id: b4uw@2XpjXo[#oz,!{#Y
2026-05-23T03:26:57+0300 INFO: C:\Users\Ksenya\Desktop\hakaton\main\resource\47d55a77-aff9-4114-8f8f-e3e9c555998b\main.py Завершение. Выполняемый шаг: Присвоить значение переменной. id: MwpJ)h|(t;te{v8bJF/j
2026-05-23T03:26:57+0300 INFO: C:\Users\Ksenya\Desktop\hakaton\main\resource\47d55a77-aff9-4114-8f8f-e3e9c555998b\main.py Старт. Выполняемый шаг: Записать в Excel. id: qJiAWVf9/jjT+tN|o0in
2026-05-23T03:27:58+0300 INFO: Старт робота: C:\Users\Ksenya\Desktop\hakaton\main\resource\afe47b4f-491b-48be-90a6-fc816d65f3c0\main.py
2026-05-23T03:27:58+0300 INFO: C:\Users\Ksenya\Desktop\hakaton\main\resource\afe47b4f-491b-48be-90a6-fc816d65f3c0\main.py Старт. Выполняемый шаг: Обработка ошибки. id: E(ohZ?TiZWX5;}Gqu-r,
2026-05-23T03:27:58+0300 INFO: C:\Users\Ksenya\Desktop\hakaton\main\resource\afe47b4f-491b-48be-90a6-fc816d65f3c0\main.py Выполнение. Выполняемый шаг: Обработка ошибки. id: E(ohZ?TiZWX5;}Gqu-r,
2026-05-23T03:27:58+0300 INFO: C:\Users\Ksenya\Desktop\hakaton\main\resource\afe47b4f-491b-48be-90a6-fc816d65f3c0\main.py Робот запущен
2026-05-23T03:27:58+0300 INFO: C:\Users\Ksenya\Desktop\hakaton\main\resource\afe47b4f-491b-48be-90a6-fc816d65f3c0\main.py Старт. Выполняемый шаг: Присвоить значение переменной. id: uT8K_dR,wNXk4m?dkCsM
2026-05-23T03:27:58+0300 INFO: C:\Users\Ksenya\Desktop\hakaton\main\resource\afe47b4f-491b-48be-90a6-fc816d65f3c0\main.py Выполнение. Выполняемый шаг: Присвоить значение переменной. id: uT8K_dR,wNXk4m?dkCsM
2026-05-23T03:27:58+0300 INFO: C:\Users\Ksenya\Desktop\hakaton\main\resource\afe47b4f-491b-48be-90a6-fc816d65f3c0\main.py Завершение. Выполняемый шаг: Присвоить значение переменной. id: uT8K_dR,wNXk4m?dkCsM
2026-05-23T03:27:58+0300 INFO: C:\Users\Ksenya\Desktop\hakaton\main\resource\afe47b4f-491b-48be-90a6-fc816d65f3c0\main.py Старт. Выполняемый шаг: Присвоить значение переменной. id: :MAZ.Rz62:ZsFDl7vQQJ
2026-05-23T03:27:58+0300 INFO: C:\Users\Ksenya\Desktop\hakaton\main\resource\afe47b4f-491b-48be-90a6-fc816d65f3c0\main.py Выполнение. Выполняемый шаг: Присвоить значение переменной. id: :MAZ.Rz62:ZsFDl7vQQJ
2026-05-23T03:27:58+0300 INFO: C:\Users\Ksenya\Desktop\hakaton\main\resource\afe47b4f-491b-48be-90a6-fc816d65f3c0\main.py Завершение. Выполняемый шаг: Присвоить значение переменной. id: :MAZ.Rz62:ZsFDl7vQQJ
2026-05-23T03:27:58+0300 INFO: C:\Users\Ksenya\Desktop\hakaton\main\resource\afe47b4f-491b-48be-90a6-fc816d65f3c0\main.py Старт. Выполняемый шаг: Присвоить значение переменной. id: WBqw15|Z#}dx_{yM[UJS
2026-05-23T03:27:58+0300 INFO: C:\Users\Ksenya\Desktop\hakaton\main\resource\afe47b4f-491b-48be-90a6-fc816d65f3c0\main.py Выполнение. Выполняемый шаг: Присвоить значение переменной. id: WBqw15|Z#}dx_{yM[UJS
2026-05-23T03:27:58+0300 INFO: C:\Users\Ksenya\Desktop\hakaton\main\resource\afe47b4f-491b-48be-90a6-fc816d65f3c0\main.py Завершение. Выполняемый шаг: Присвоить значение переменной. id: WBqw15|Z#}dx_{yM[UJS
2026-05-23T03:27:58+0300 INFO: C:\Users\Ksenya\Desktop\hakaton\main\resource\afe47b4f-491b-48be-90a6-fc816d65f3c0\main.py Старт. Выполняемый шаг: Присвоить значение переменной. id: ZD}VS]B8yU%7IR$_1:gx
2026-05-23T03:27:58+0300 INFO: C:\Users\Ksenya\Desktop\hakaton\main\resource\afe47b4f-491b-48be-90a6-fc816d65f3c0\main.py Выполнение. Выполняемый шаг: Присвоить значение переменной. id: ZD}VS]B8yU%7IR$_1:gx
2026-05-23T03:27:58+0300 INFO: C:\Users\Ksenya\Desktop\hakaton\main\resource\afe47b4f-491b-48be-90a6-fc816d65f3c0\main.py Старт. Выполняемый шаг: Прочитать файл. id: h-7qLFMP}Ex#VZ)Ao@jd
2026-05-23T03:27:58+0300 INFO: C:\Users\Ksenya\Desktop\hakaton\main\resource\afe47b4f-491b-48be-90a6-fc816d65f3c0\main.py Завершение. Выполняемый шаг: Прочитать файл. id: h-7qLFMP}Ex#VZ)Ao@jd
2026-05-23T03:27:58+0300 INFO: C:\Users\Ksenya\Desktop\hakaton\main\resource\afe47b4f-491b-48be-90a6-fc816d65f3c0\main.py Завершение. Выполняемый шаг: Присвоить значение переменной. id: ZD}VS]B8yU%7IR$_1:gx
2026-05-23T03:27:58+0300 INFO: C:\Users\Ksenya\Desktop\hakaton\main\resource\afe47b4f-491b-48be-90a6-fc816d65f3c0\main.py Старт. Выполняемый шаг: Присвоить значение переменной. id: ^0R|78#C*6Lo31|B;%K9
2026-05-23T03:27:58+0300 INFO: C:\Users\Ksenya\Desktop\hakaton\main\resource\afe47b4f-491b-48be-90a6-fc816d65f3c0\main.py Выполнение. Выполняемый шаг: Присвоить значение переменной. id: ^0R|78#C*6Lo31|B;%K9
2026-05-23T03:27:58+0300 INFO: C:\Users\Ksenya\Desktop\hakaton\main\resource\afe47b4f-491b-48be-90a6-fc816d65f3c0\main.py Завершение. Выполняемый шаг: Присвоить значение переменной. id: ^0R|78#C*6Lo31|B;%K9
2026-05-23T03:27:58+0300 INFO: C:\Users\Ksenya\Desktop\hakaton\main\resource\afe47b4f-491b-48be-90a6-fc816d65f3c0\main.py Старт. Выполняемый шаг: Присвоить значение переменной. id: p$O:QoI+|4ux$8{ysFr:
2026-05-23T03:28:00+0300 INFO: C:\Users\Ksenya\Desktop\hakaton\main\resource\afe47b4f-491b-48be-90a6-fc816d65f3c0\main.py Выполнение. Выполняемый шаг: Присвоить значение переменной. id: p$O:QoI+|4ux$8{ysFr:
2026-05-23T03:28:00+0300 INFO: C:\Users\Ksenya\Desktop\hakaton\main\resource\afe47b4f-491b-48be-90a6-fc816d65f3c0\main.py Завершение. Выполняемый шаг: Присвоить значение переменной. id: p$O:QoI+|4ux$8{ysFr:
2026-05-23T03:28:00+0300 INFO: C:\Users\Ksenya\Desktop\hakaton\main\resource\afe47b4f-491b-48be-90a6-fc816d65f3c0\main.py Старт. Выполняемый шаг: Присвоить значение переменной. id: ]Nwow_`34-zY1snYsMa=
2026-05-23T03:28:00+0300 INFO: C:\Users\Ksenya\Desktop\hakaton\main\resource\afe47b4f-491b-48be-90a6-fc816d65f3c0\main.py Выполнение. Выполняемый шаг: Присвоить значение переменной. id: ]Nwow_`34-zY1snYsMa=
2026-05-23T03:28:00+0300 INFO: C:\Users\Ksenya\Desktop\hakaton\main\resource\afe47b4f-491b-48be-90a6-fc816d65f3c0\main.py Завершение. Выполняемый шаг: Присвоить значение переменной. id: ]Nwow_`34-zY1snYsMa=
2026-05-23T03:28:00+0300 INFO: C:\Users\Ksenya\Desktop\hakaton\main\resource\afe47b4f-491b-48be-90a6-fc816d65f3c0\main.py Старт. Выполняемый шаг: Присвоить значение переменной. id: 7qHD^~+B#bUSw)9hi;V5
2026-05-23T03:28:01+0300 INFO: C:\Users\Ksenya\Desktop\hakaton\main\resource\afe47b4f-491b-48be-90a6-fc816d65f3c0\main.py Выполнение. Выполняемый шаг: Присвоить значение переменной. id: 7qHD^~+B#bUSw)9hi;V5
2026-05-23T03:28:01+0300 INFO: C:\Users\Ksenya\Desktop\hakaton\main\resource\afe47b4f-491b-48be-90a6-fc816d65f3c0\main.py Завершение. Выполняемый шаг: Присвоить значение переменной. id: 7qHD^~+B#bUSw)9hi;V5
2026-05-23T03:28:01+0300 INFO: C:\Users\Ksenya\Desktop\hakaton\main\resource\afe47b4f-491b-48be-90a6-fc816d65f3c0\main.py Старт. Выполняемый шаг: Присвоить значение переменной. id: 3oGjmJ`CaVRVz9#qu*_m
2026-05-23T03:28:01+0300 INFO: C:\Users\Ksenya\Desktop\hakaton\main\resource\afe47b4f-491b-48be-90a6-fc816d65f3c0\main.py Выполнение. Выполняемый шаг: Присвоить значение переменной. id: 3oGjmJ`CaVRVz9#qu*_m
2026-05-23T03:28:01+0300 INFO: C:\Users\Ksenya\Desktop\hakaton\main\resource\afe47b4f-491b-48be-90a6-fc816d65f3c0\main.py Завершение. Выполняемый шаг: Присвоить значение переменной. id: 3oGjmJ`CaVRVz9#qu*_m
2026-05-23T03:28:01+0300 INFO: C:\Users\Ksenya\Desktop\hakaton\main\resource\afe47b4f-491b-48be-90a6-fc816d65f3c0\main.py Старт. Выполняемый шаг: Присвоить значение переменной. id: :kF]*7FA#}yI!L)At3D0
2026-05-23T03:28:01+0300 INFO: C:\Users\Ksenya\Desktop\hakaton\main\resource\afe47b4f-491b-48be-90a6-fc816d65f3c0\main.py Выполнение. Выполняемый шаг: Присвоить значение переменной. id: :kF]*7FA#}yI!L)At3D0
2026-05-23T03:28:01+0300 INFO: C:\Users\Ksenya\Desktop\hakaton\main\resource\afe47b4f-491b-48be-90a6-fc816d65f3c0\main.py Завершение. Выполняемый шаг: Присвоить значение переменной. id: :kF]*7FA#}yI!L)At3D0
2026-05-23T03:28:02+0300 INFO: C:\Users\Ksenya\Desktop\hakaton\main\resource\afe47b4f-491b-48be-90a6-fc816d65f3c0\main.py Отправляю запрос в 1С
2026-05-23T03:28:02+0300 INFO: C:\Users\Ksenya\Desktop\hakaton\main\resource\afe47b4f-491b-48be-90a6-fc816d65f3c0\main.py Старт. Выполняемый шаг: Присвоить значение переменной. id: !ywK5=-Xf1I3.TZw{|wY
2026-05-23T03:28:02+0300 INFO: C:\Users\Ksenya\Desktop\hakaton\main\resource\afe47b4f-491b-48be-90a6-fc816d65f3c0\main.py Выполнение. Выполняемый шаг: Присвоить значение переменной. id: !ywK5=-Xf1I3.TZw{|wY
2026-05-23T03:28:02+0300 INFO: C:\Users\Ksenya\Desktop\hakaton\main\resource\afe47b4f-491b-48be-90a6-fc816d65f3c0\main.py Старт. Выполняемый шаг: Отправить запрос в 1С. id: XwlC!5@Ta@JGRc)n~fg7
2026-05-23T03:28:02+0300 INFO: C:\Users\Ksenya\Desktop\hakaton\main\resource\afe47b4f-491b-48be-90a6-fc816d65f3c0\main.py Завершение. Выполняемый шаг: Отправить запрос в 1С. id: XwlC!5@Ta@JGRc)n~fg7
2026-05-23T03:28:02+0300 INFO: C:\Users\Ksenya\Desktop\hakaton\main\resource\afe47b4f-491b-48be-90a6-fc816d65f3c0\main.py Завершение. Выполняемый шаг: Присвоить значение переменной. id: !ywK5=-Xf1I3.TZw{|wY
2026-05-23T03:28:03+0300 INFO: C:\Users\Ksenya\Desktop\hakaton\main\resource\afe47b4f-491b-48be-90a6-fc816d65f3c0\main.py Ответ получен. Сохраняю в файл
2026-05-23T03:28:03+0300 INFO: C:\Users\Ksenya\Desktop\hakaton\main\resource\afe47b4f-491b-48be-90a6-fc816d65f3c0\main.py Старт. Выполняемый шаг: Присвоить значение переменной. id: jMBKenGW}MvB]@BLj|h;
2026-05-23T03:28:04+0300 INFO: C:\Users\Ksenya\Desktop\hakaton\main\resource\afe47b4f-491b-48be-90a6-fc816d65f3c0\main.py Выполнение. Выполняемый шаг: Присвоить значение переменной. id: jMBKenGW}MvB]@BLj|h;
2026-05-23T03:28:04+0300 INFO: C:\Users\Ksenya\Desktop\hakaton\main\resource\afe47b4f-491b-48be-90a6-fc816d65f3c0\main.py Завершение. Выполняемый шаг: Присвоить значение переменной. id: jMBKenGW}MvB]@BLj|h;
2026-05-23T03:28:05+0300 INFO: C:\Users\Ksenya\Desktop\hakaton\main\resource\afe47b4f-491b-48be-90a6-fc816d65f3c0\main.py Ответ получен. Сохраняю файл
2026-05-23T03:28:05+0300 INFO: C:\Users\Ksenya\Desktop\hakaton\main\resource\afe47b4f-491b-48be-90a6-fc816d65f3c0\main.py Старт. Выполняемый шаг: Присвоить значение переменной. id: MwpJ)h|(t;te{v8bJF/j
2026-05-23T03:28:06+0300 INFO: C:\Users\Ksenya\Desktop\hakaton\main\resource\afe47b4f-491b-48be-90a6-fc816d65f3c0\main.py Выполнение. Выполняемый шаг: Присвоить значение переменной. id: MwpJ)h|(t;te{v8bJF/j
2026-05-23T03:28:06+0300 INFO: C:\Users\Ksenya\Desktop\hakaton\main\resource\afe47b4f-491b-48be-90a6-fc816d65f3c0\main.py Старт. Выполняемый шаг: Создать dataframe. id: b4uw@2XpjXo[#oz,!{#Y
2026-05-23T03:28:06+0300 INFO: C:\Users\Ksenya\Desktop\hakaton\main\resource\afe47b4f-491b-48be-90a6-fc816d65f3c0\main.py Завершение. Выполняемый шаг: Создать dataframe. id: b4uw@2XpjXo[#oz,!{#Y
2026-05-23T03:28:06+0300 INFO: C:\Users\Ksenya\Desktop\hakaton\main\resource\afe47b4f-491b-48be-90a6-fc816d65f3c0\main.py Завершение. Выполняемый шаг: Присвоить значение переменной. id: MwpJ)h|(t;te{v8bJF/j
2026-05-23T03:28:06+0300 INFO: C:\Users\Ksenya\Desktop\hakaton\main\resource\afe47b4f-491b-48be-90a6-fc816d65f3c0\main.py Старт. Выполняемый шаг: Записать в Excel. id: qJiAWVf9/jjT+tN|o0in
2026-05-23T10:07:12+0300 INFO: Запуск процесса из студии разработки. C:\Users\Ksenya\Desktop\hakaton\main\process\main.json
2026-05-23T10:07:19+0300 INFO: Старт робота: C:\Users\Ksenya\Desktop\hakaton\main\resource\8249130c-5340-45ac-aa7e-9d0c876c18b4\main.py
2026-05-23T10:07:19+0300 INFO: C:\Users\Ksenya\Desktop\hakaton\main\resource\8249130c-5340-45ac-aa7e-9d0c876c18b4\main.py Робот запущен
2026-05-23T10:07:19+0300 INFO: C:\Users\Ksenya\Desktop\hakaton\main\resource\8249130c-5340-45ac-aa7e-9d0c876c18b4\main.py Отправляю запрос в 1С
2026-05-23T10:07:19+0300 ERROR: C:\Users\Ksenya\Desktop\hakaton\main\resource\8249130c-5340-45ac-aa7e-9d0c876c18b4\main.py Ошибка выполнения робота
2026-05-23T10:07:21+0300 INFO: Завершение работы робота: C:\Users\Ksenya\Desktop\hakaton\main\resource\8249130c-5340-45ac-aa7e-9d0c876c18b4\main.py
2026-05-23T10:07:21+0300 INFO: Завершение выполнения процесса. C:\Users\Ksenya\Desktop\hakaton\main\process\main.json
2026-05-23T10:09:35+0300 INFO: Запуск процесса из студии разработки. C:\Users\Ksenya\Desktop\hakaton\main\process\main.json
2026-05-23T10:09:37+0300 INFO: Старт робота: C:\Users\Ksenya\Desktop\hakaton\main\resource\30c2d037-85b2-480f-b9b0-91227c70f02e\main.py
2026-05-23T10:09:37+0300 INFO: C:\Users\Ksenya\Desktop\hakaton\main\resource\30c2d037-85b2-480f-b9b0-91227c70f02e\main.py Робот запущен
2026-05-23T10:09:37+0300 INFO: C:\Users\Ksenya\Desktop\hakaton\main\resource\30c2d037-85b2-480f-b9b0-91227c70f02e\main.py Отправляю запрос в 1С
2026-05-23T10:09:37+0300 ERROR: C:\Users\Ksenya\Desktop\hakaton\main\resource\30c2d037-85b2-480f-b9b0-91227c70f02e\main.py Ошибка выполнения робота
2026-05-23T10:09:37+0300 INFO: Завершение работы робота: C:\Users\Ksenya\Desktop\hakaton\main\resource\30c2d037-85b2-480f-b9b0-91227c70f02e\main.py
2026-05-23T10:09:37+0300 INFO: Завершение выполнения процесса. C:\Users\Ksenya\Desktop\hakaton\main\process\main.json
2026-05-23T10:10:06+0300 INFO: Старт робота: C:\Users\Ksenya\Desktop\hakaton\main\resource\191697c0-acf2-437b-87e8-37a95e48f846\main.py
2026-05-23T10:10:06+0300 INFO: C:\Users\Ksenya\Desktop\hakaton\main\resource\191697c0-acf2-437b-87e8-37a95e48f846\main.py Старт. Выполняемый шаг: Обработка ошибки. id: E(ohZ?TiZWX5;}Gqu-r,
2026-05-23T10:10:09+0300 INFO: C:\Users\Ksenya\Desktop\hakaton\main\resource\191697c0-acf2-437b-87e8-37a95e48f846\main.py Выполнение. Выполняемый шаг: Обработка ошибки. id: E(ohZ?TiZWX5;}Gqu-r,
2026-05-23T10:10:09+0300 INFO: C:\Users\Ksenya\Desktop\hakaton\main\resource\191697c0-acf2-437b-87e8-37a95e48f846\main.py Робот запущен
2026-05-23T10:10:09+0300 INFO: C:\Users\Ksenya\Desktop\hakaton\main\resource\191697c0-acf2-437b-87e8-37a95e48f846\main.py Старт. Выполняемый шаг: Присвоить значение переменной. id: uT8K_dR,wNXk4m?dkCsM
2026-05-23T10:10:12+0300 INFO: C:\Users\Ksenya\Desktop\hakaton\main\resource\191697c0-acf2-437b-87e8-37a95e48f846\main.py Выполнение. Выполняемый шаг: Присвоить значение переменной. id: uT8K_dR,wNXk4m?dkCsM
2026-05-23T10:10:12+0300 INFO: C:\Users\Ksenya\Desktop\hakaton\main\resource\191697c0-acf2-437b-87e8-37a95e48f846\main.py Завершение. Выполняемый шаг: Присвоить значение переменной. id: uT8K_dR,wNXk4m?dkCsM
2026-05-23T10:10:12+0300 INFO: C:\Users\Ksenya\Desktop\hakaton\main\resource\191697c0-acf2-437b-87e8-37a95e48f846\main.py Старт. Выполняемый шаг: Присвоить значение переменной. id: :MAZ.Rz62:ZsFDl7vQQJ
2026-05-23T10:10:12+0300 INFO: C:\Users\Ksenya\Desktop\hakaton\main\resource\191697c0-acf2-437b-87e8-37a95e48f846\main.py Выполнение. Выполняемый шаг: Присвоить значение переменной. id: :MAZ.Rz62:ZsFDl7vQQJ
2026-05-23T10:10:12+0300 INFO: C:\Users\Ksenya\Desktop\hakaton\main\resource\191697c0-acf2-437b-87e8-37a95e48f846\main.py Завершение. Выполняемый шаг: Присвоить значение переменной. id: :MAZ.Rz62:ZsFDl7vQQJ
2026-05-23T10:10:12+0300 INFO: C:\Users\Ksenya\Desktop\hakaton\main\resource\191697c0-acf2-437b-87e8-37a95e48f846\main.py Старт. Выполняемый шаг: Присвоить значение переменной. id: WBqw15|Z#}dx_{yM[UJS
2026-05-23T10:10:13+0300 INFO: C:\Users\Ksenya\Desktop\hakaton\main\resource\191697c0-acf2-437b-87e8-37a95e48f846\main.py Выполнение. Выполняемый шаг: Присвоить значение переменной. id: WBqw15|Z#}dx_{yM[UJS
2026-05-23T10:10:13+0300 INFO: C:\Users\Ksenya\Desktop\hakaton\main\resource\191697c0-acf2-437b-87e8-37a95e48f846\main.py Завершение. Выполняемый шаг: Присвоить значение переменной. id: WBqw15|Z#}dx_{yM[UJS
2026-05-23T10:10:13+0300 INFO: C:\Users\Ksenya\Desktop\hakaton\main\resource\191697c0-acf2-437b-87e8-37a95e48f846\main.py Старт. Выполняемый шаг: Присвоить значение переменной. id: ZD}VS]B8yU%7IR$_1:gx
2026-05-23T10:10:14+0300 INFO: C:\Users\Ksenya\Desktop\hakaton\main\resource\191697c0-acf2-437b-87e8-37a95e48f846\main.py Выполнение. Выполняемый шаг: Присвоить значение переменной. id: ZD}VS]B8yU%7IR$_1:gx
2026-05-23T10:10:14+0300 INFO: C:\Users\Ksenya\Desktop\hakaton\main\resource\191697c0-acf2-437b-87e8-37a95e48f846\main.py Старт. Выполняемый шаг: Прочитать файл. id: h-7qLFMP}Ex#VZ)Ao@jd
2026-05-23T10:10:14+0300 INFO: C:\Users\Ksenya\Desktop\hakaton\main\resource\191697c0-acf2-437b-87e8-37a95e48f846\main.py Завершение. Выполняемый шаг: Прочитать файл. id: h-7qLFMP}Ex#VZ)Ao@jd
2026-05-23T10:10:14+0300 INFO: C:\Users\Ksenya\Desktop\hakaton\main\resource\191697c0-acf2-437b-87e8-37a95e48f846\main.py Завершение. Выполняемый шаг: Присвоить значение переменной. id: ZD}VS]B8yU%7IR$_1:gx
2026-05-23T10:10:14+0300 INFO: C:\Users\Ksenya\Desktop\hakaton\main\resource\191697c0-acf2-437b-87e8-37a95e48f846\main.py Старт. Выполняемый шаг: Присвоить значение переменной. id: ^0R|78#C*6Lo31|B;%K9
2026-05-23T10:10:15+0300 INFO: C:\Users\Ksenya\Desktop\hakaton\main\resource\191697c0-acf2-437b-87e8-37a95e48f846\main.py Выполнение. Выполняемый шаг: Присвоить значение переменной. id: ^0R|78#C*6Lo31|B;%K9
2026-05-23T10:10:15+0300 INFO: C:\Users\Ksenya\Desktop\hakaton\main\resource\191697c0-acf2-437b-87e8-37a95e48f846\main.py Завершение. Выполняемый шаг: Присвоить значение переменной. id: ^0R|78#C*6Lo31|B;%K9
2026-05-23T10:10:15+0300 INFO: C:\Users\Ksenya\Desktop\hakaton\main\resource\191697c0-acf2-437b-87e8-37a95e48f846\main.py Старт. Выполняемый шаг: Присвоить значение переменной. id: p$O:QoI+|4ux$8{ysFr:
2026-05-23T10:10:16+0300 INFO: C:\Users\Ksenya\Desktop\hakaton\main\resource\191697c0-acf2-437b-87e8-37a95e48f846\main.py Выполнение. Выполняемый шаг: Присвоить значение переменной. id: p$O:QoI+|4ux$8{ysFr:
2026-05-23T10:10:16+0300 INFO: C:\Users\Ksenya\Desktop\hakaton\main\resource\191697c0-acf2-437b-87e8-37a95e48f846\main.py Завершение. Выполняемый шаг: Присвоить значение переменной. id: p$O:QoI+|4ux$8{ysFr:
2026-05-23T10:10:16+0300 INFO: C:\Users\Ksenya\Desktop\hakaton\main\resource\191697c0-acf2-437b-87e8-37a95e48f846\main.py Старт. Выполняемый шаг: Присвоить значение переменной. id: ]Nwow_`34-zY1snYsMa=
2026-05-23T10:10:16+0300 INFO: C:\Users\Ksenya\Desktop\hakaton\main\resource\191697c0-acf2-437b-87e8-37a95e48f846\main.py Выполнение. Выполняемый шаг: Присвоить значение переменной. id: ]Nwow_`34-zY1snYsMa=
2026-05-23T10:10:16+0300 INFO: C:\Users\Ksenya\Desktop\hakaton\main\resource\191697c0-acf2-437b-87e8-37a95e48f846\main.py Завершение. Выполняемый шаг: Присвоить значение переменной. id: ]Nwow_`34-zY1snYsMa=
2026-05-23T10:10:16+0300 INFO: C:\Users\Ksenya\Desktop\hakaton\main\resource\191697c0-acf2-437b-87e8-37a95e48f846\main.py Старт. Выполняемый шаг: Присвоить значение переменной. id: 7qHD^~+B#bUSw)9hi;V5
2026-05-23T10:10:17+0300 INFO: C:\Users\Ksenya\Desktop\hakaton\main\resource\191697c0-acf2-437b-87e8-37a95e48f846\main.py Выполнение. Выполняемый шаг: Присвоить значение переменной. id: 7qHD^~+B#bUSw)9hi;V5
2026-05-23T10:10:17+0300 INFO: C:\Users\Ksenya\Desktop\hakaton\main\resource\191697c0-acf2-437b-87e8-37a95e48f846\main.py Завершение. Выполняемый шаг: Присвоить значение переменной. id: 7qHD^~+B#bUSw)9hi;V5
2026-05-23T10:10:17+0300 INFO: C:\Users\Ksenya\Desktop\hakaton\main\resource\191697c0-acf2-437b-87e8-37a95e48f846\main.py Старт. Выполняемый шаг: Присвоить значение переменной. id: 3oGjmJ`CaVRVz9#qu*_m
2026-05-23T10:10:18+0300 INFO: C:\Users\Ksenya\Desktop\hakaton\main\resource\191697c0-acf2-437b-87e8-37a95e48f846\main.py Выполнение. Выполняемый шаг: Присвоить значение переменной. id: 3oGjmJ`CaVRVz9#qu*_m
2026-05-23T10:10:18+0300 INFO: C:\Users\Ksenya\Desktop\hakaton\main\resource\191697c0-acf2-437b-87e8-37a95e48f846\main.py Завершение. Выполняемый шаг: Присвоить значение переменной. id: 3oGjmJ`CaVRVz9#qu*_m
2026-05-23T10:10:18+0300 INFO: C:\Users\Ksenya\Desktop\hakaton\main\resource\191697c0-acf2-437b-87e8-37a95e48f846\main.py Старт. Выполняемый шаг: Присвоить значение переменной. id: :kF]*7FA#}yI!L)At3D0
2026-05-23T10:10:19+0300 INFO: C:\Users\Ksenya\Desktop\hakaton\main\resource\191697c0-acf2-437b-87e8-37a95e48f846\main.py Выполнение. Выполняемый шаг: Присвоить значение переменной. id: :kF]*7FA#}yI!L)At3D0
2026-05-23T10:10:19+0300 INFO: C:\Users\Ksenya\Desktop\hakaton\main\resource\191697c0-acf2-437b-87e8-37a95e48f846\main.py Завершение. Выполняемый шаг: Присвоить значение переменной. id: :kF]*7FA#}yI!L)At3D0
2026-05-23T10:10:20+0300 INFO: C:\Users\Ksenya\Desktop\hakaton\main\resource\191697c0-acf2-437b-87e8-37a95e48f846\main.py Отправляю запрос в 1С
2026-05-23T10:10:20+0300 INFO: C:\Users\Ksenya\Desktop\hakaton\main\resource\191697c0-acf2-437b-87e8-37a95e48f846\main.py Старт. Выполняемый шаг: Авторизация в 1C-веб. id: 3.IJr?`!co]+noK}9t}x
2026-05-23T10:10:21+0300 INFO: C:\Users\Ksenya\Desktop\hakaton\main\resource\191697c0-acf2-437b-87e8-37a95e48f846\main.py Выполнение. Выполняемый шаг: Авторизация в 1C-веб. id: 3.IJr?`!co]+noK}9t}x
2026-05-23T10:13:03+0300 INFO: Запуск процесса из студии разработки. C:\Users\Ksenya\Desktop\hakaton\main\process\main.json
2026-05-23T10:13:16+0300 INFO: Старт робота: C:\Users\Ksenya\Desktop\hakaton\main\resource\29a08015-9ec1-4969-b2c2-425bb61511e3\main.py
2026-05-23T10:13:16+0300 INFO: C:\Users\Ksenya\Desktop\hakaton\main\resource\29a08015-9ec1-4969-b2c2-425bb61511e3\main.py Робот запущен
2026-05-23T10:13:16+0300 INFO: C:\Users\Ksenya\Desktop\hakaton\main\resource\29a08015-9ec1-4969-b2c2-425bb61511e3\main.py Отправляю запрос в 1С
2026-05-23T10:13:16+0300 ERROR: C:\Users\Ksenya\Desktop\hakaton\main\resource\29a08015-9ec1-4969-b2c2-425bb61511e3\main.py Ошибка выполнения робота
2026-05-23T10:13:16+0300 INFO: Завершение работы робота: C:\Users\Ksenya\Desktop\hakaton\main\resource\29a08015-9ec1-4969-b2c2-425bb61511e3\main.py
2026-05-23T10:13:16+0300 INFO: Завершение выполнения процесса. C:\Users\Ksenya\Desktop\hakaton\main\process\main.json
2026-05-23T10:13:23+0300 INFO: Старт робота: C:\Users\Ksenya\Desktop\hakaton\main\resource\ef8bdf91-d7f3-439b-8ad5-4b922b5a58e1\main.py
2026-05-23T10:13:23+0300 INFO: C:\Users\Ksenya\Desktop\hakaton\main\resource\ef8bdf91-d7f3-439b-8ad5-4b922b5a58e1\main.py Старт. Выполняемый шаг: Обработка ошибки. id: E(ohZ?TiZWX5;}Gqu-r,
2026-05-23T10:13:23+0300 INFO: C:\Users\Ksenya\Desktop\hakaton\main\resource\ef8bdf91-d7f3-439b-8ad5-4b922b5a58e1\main.py Выполнение. Выполняемый шаг: Обработка ошибки. id: E(ohZ?TiZWX5;}Gqu-r,
2026-05-23T10:13:23+0300 INFO: C:\Users\Ksenya\Desktop\hakaton\main\resource\ef8bdf91-d7f3-439b-8ad5-4b922b5a58e1\main.py Робот запущен
2026-05-23T10:13:23+0300 INFO: C:\Users\Ksenya\Desktop\hakaton\main\resource\ef8bdf91-d7f3-439b-8ad5-4b922b5a58e1\main.py Старт. Выполняемый шаг: Присвоить значение переменной. id: uT8K_dR,wNXk4m?dkCsM
2026-05-23T10:13:26+0300 INFO: C:\Users\Ksenya\Desktop\hakaton\main\resource\ef8bdf91-d7f3-439b-8ad5-4b922b5a58e1\main.py Выполнение. Выполняемый шаг: Присвоить значение переменной. id: uT8K_dR,wNXk4m?dkCsM
2026-05-23T10:13:26+0300 INFO: C:\Users\Ksenya\Desktop\hakaton\main\resource\ef8bdf91-d7f3-439b-8ad5-4b922b5a58e1\main.py Завершение. Выполняемый шаг: Присвоить значение переменной. id: uT8K_dR,wNXk4m?dkCsM
2026-05-23T10:13:26+0300 INFO: C:\Users\Ksenya\Desktop\hakaton\main\resource\ef8bdf91-d7f3-439b-8ad5-4b922b5a58e1\main.py Старт. Выполняемый шаг: Присвоить значение переменной. id: :MAZ.Rz62:ZsFDl7vQQJ
2026-05-23T10:13:26+0300 INFO: C:\Users\Ksenya\Desktop\hakaton\main\resource\ef8bdf91-d7f3-439b-8ad5-4b922b5a58e1\main.py Выполнение. Выполняемый шаг: Присвоить значение переменной. id: :MAZ.Rz62:ZsFDl7vQQJ
2026-05-23T10:13:26+0300 INFO: C:\Users\Ksenya\Desktop\hakaton\main\resource\ef8bdf91-d7f3-439b-8ad5-4b922b5a58e1\main.py Завершение. Выполняемый шаг: Присвоить значение переменной. id: :MAZ.Rz62:ZsFDl7vQQJ
2026-05-23T10:13:26+0300 INFO: C:\Users\Ksenya\Desktop\hakaton\main\resource\ef8bdf91-d7f3-439b-8ad5-4b922b5a58e1\main.py Старт. Выполняемый шаг: Присвоить значение переменной. id: WBqw15|Z#}dx_{yM[UJS
2026-05-23T10:13:26+0300 INFO: C:\Users\Ksenya\Desktop\hakaton\main\resource\ef8bdf91-d7f3-439b-8ad5-4b922b5a58e1\main.py Выполнение. Выполняемый шаг: Присвоить значение переменной. id: WBqw15|Z#}dx_{yM[UJS
2026-05-23T10:13:26+0300 INFO: C:\Users\Ksenya\Desktop\hakaton\main\resource\ef8bdf91-d7f3-439b-8ad5-4b922b5a58e1\main.py Завершение. Выполняемый шаг: Присвоить значение переменной. id: WBqw15|Z#}dx_{yM[UJS
2026-05-23T10:13:26+0300 INFO: C:\Users\Ksenya\Desktop\hakaton\main\resource\ef8bdf91-d7f3-439b-8ad5-4b922b5a58e1\main.py Старт. Выполняемый шаг: Присвоить значение переменной. id: ZD}VS]B8yU%7IR$_1:gx
2026-05-23T10:13:27+0300 INFO: C:\Users\Ksenya\Desktop\hakaton\main\resource\ef8bdf91-d7f3-439b-8ad5-4b922b5a58e1\main.py Выполнение. Выполняемый шаг: Присвоить значение переменной. id: ZD}VS]B8yU%7IR$_1:gx
2026-05-23T10:13:27+0300 INFO: C:\Users\Ksenya\Desktop\hakaton\main\resource\ef8bdf91-d7f3-439b-8ad5-4b922b5a58e1\main.py Старт. Выполняемый шаг: Прочитать файл. id: h-7qLFMP}Ex#VZ)Ao@jd
2026-05-23T10:13:27+0300 INFO: C:\Users\Ksenya\Desktop\hakaton\main\resource\ef8bdf91-d7f3-439b-8ad5-4b922b5a58e1\main.py Завершение. Выполняемый шаг: Прочитать файл. id: h-7qLFMP}Ex#VZ)Ao@jd
2026-05-23T10:13:27+0300 INFO: C:\Users\Ksenya\Desktop\hakaton\main\resource\ef8bdf91-d7f3-439b-8ad5-4b922b5a58e1\main.py Завершение. Выполняемый шаг: Присвоить значение переменной. id: ZD}VS]B8yU%7IR$_1:gx
2026-05-23T10:13:27+0300 INFO: C:\Users\Ksenya\Desktop\hakaton\main\resource\ef8bdf91-d7f3-439b-8ad5-4b922b5a58e1\main.py Старт. Выполняемый шаг: Присвоить значение переменной. id: ^0R|78#C*6Lo31|B;%K9
2026-05-23T10:13:28+0300 INFO: C:\Users\Ksenya\Desktop\hakaton\main\resource\ef8bdf91-d7f3-439b-8ad5-4b922b5a58e1\main.py Выполнение. Выполняемый шаг: Присвоить значение переменной. id: ^0R|78#C*6Lo31|B;%K9
2026-05-23T10:13:28+0300 INFO: C:\Users\Ksenya\Desktop\hakaton\main\resource\ef8bdf91-d7f3-439b-8ad5-4b922b5a58e1\main.py Завершение. Выполняемый шаг: Присвоить значение переменной. id: ^0R|78#C*6Lo31|B;%K9
2026-05-23T10:13:28+0300 INFO: C:\Users\Ksenya\Desktop\hakaton\main\resource\ef8bdf91-d7f3-439b-8ad5-4b922b5a58e1\main.py Старт. Выполняемый шаг: Присвоить значение переменной. id: p$O:QoI+|4ux$8{ysFr:
2026-05-23T10:13:29+0300 INFO: C:\Users\Ksenya\Desktop\hakaton\main\resource\ef8bdf91-d7f3-439b-8ad5-4b922b5a58e1\main.py Выполнение. Выполняемый шаг: Присвоить значение переменной. id: p$O:QoI+|4ux$8{ysFr:
2026-05-23T10:13:29+0300 INFO: C:\Users\Ksenya\Desktop\hakaton\main\resource\ef8bdf91-d7f3-439b-8ad5-4b922b5a58e1\main.py Завершение. Выполняемый шаг: Присвоить значение переменной. id: p$O:QoI+|4ux$8{ysFr:
2026-05-23T10:13:29+0300 INFO: C:\Users\Ksenya\Desktop\hakaton\main\resource\ef8bdf91-d7f3-439b-8ad5-4b922b5a58e1\main.py Старт. Выполняемый шаг: Присвоить значение переменной. id: ]Nwow_`34-zY1snYsMa=
2026-05-23T10:13:30+0300 INFO: C:\Users\Ksenya\Desktop\hakaton\main\resource\ef8bdf91-d7f3-439b-8ad5-4b922b5a58e1\main.py Выполнение. Выполняемый шаг: Присвоить значение переменной. id: ]Nwow_`34-zY1snYsMa=
2026-05-23T10:13:30+0300 INFO: C:\Users\Ksenya\Desktop\hakaton\main\resource\ef8bdf91-d7f3-439b-8ad5-4b922b5a58e1\main.py Завершение. Выполняемый шаг: Присвоить значение переменной. id: ]Nwow_`34-zY1snYsMa=
2026-05-23T10:13:30+0300 INFO: C:\Users\Ksenya\Desktop\hakaton\main\resource\ef8bdf91-d7f3-439b-8ad5-4b922b5a58e1\main.py Старт. Выполняемый шаг: Присвоить значение переменной. id: 7qHD^~+B#bUSw)9hi;V5
2026-05-23T10:13:30+0300 INFO: C:\Users\Ksenya\Desktop\hakaton\main\resource\ef8bdf91-d7f3-439b-8ad5-4b922b5a58e1\main.py Выполнение. Выполняемый шаг: Присвоить значение переменной. id: 7qHD^~+B#bUSw)9hi;V5
2026-05-23T10:13:30+0300 INFO: C:\Users\Ksenya\Desktop\hakaton\main\resource\ef8bdf91-d7f3-439b-8ad5-4b922b5a58e1\main.py Завершение. Выполняемый шаг: Присвоить значение переменной. id: 7qHD^~+B#bUSw)9hi;V5
2026-05-23T10:13:30+0300 INFO: C:\Users\Ksenya\Desktop\hakaton\main\resource\ef8bdf91-d7f3-439b-8ad5-4b922b5a58e1\main.py Старт. Выполняемый шаг: Присвоить значение переменной. id: 3oGjmJ`CaVRVz9#qu*_m
2026-05-23T10:13:31+0300 INFO: C:\Users\Ksenya\Desktop\hakaton\main\resource\ef8bdf91-d7f3-439b-8ad5-4b922b5a58e1\main.py Выполнение. Выполняемый шаг: Присвоить значение переменной. id: 3oGjmJ`CaVRVz9#qu*_m
2026-05-23T10:13:31+0300 INFO: C:\Users\Ksenya\Desktop\hakaton\main\resource\ef8bdf91-d7f3-439b-8ad5-4b922b5a58e1\main.py Завершение. Выполняемый шаг: Присвоить значение переменной. id: 3oGjmJ`CaVRVz9#qu*_m
2026-05-23T10:13:31+0300 INFO: C:\Users\Ksenya\Desktop\hakaton\main\resource\ef8bdf91-d7f3-439b-8ad5-4b922b5a58e1\main.py Старт. Выполняемый шаг: Присвоить значение переменной. id: :kF]*7FA#}yI!L)At3D0
2026-05-23T10:13:32+0300 INFO: C:\Users\Ksenya\Desktop\hakaton\main\resource\ef8bdf91-d7f3-439b-8ad5-4b922b5a58e1\main.py Выполнение. Выполняемый шаг: Присвоить значение переменной. id: :kF]*7FA#}yI!L)At3D0
2026-05-23T10:13:32+0300 INFO: C:\Users\Ksenya\Desktop\hakaton\main\resource\ef8bdf91-d7f3-439b-8ad5-4b922b5a58e1\main.py Завершение. Выполняемый шаг: Присвоить значение переменной. id: :kF]*7FA#}yI!L)At3D0
2026-05-23T10:13:33+0300 INFO: C:\Users\Ksenya\Desktop\hakaton\main\resource\ef8bdf91-d7f3-439b-8ad5-4b922b5a58e1\main.py Отправляю запрос в 1С
2026-05-23T10:13:33+0300 INFO: C:\Users\Ksenya\Desktop\hakaton\main\resource\ef8bdf91-d7f3-439b-8ad5-4b922b5a58e1\main.py Старт. Выполняемый шаг: Присвоить значение переменной. id: 5Ew%Wt$JK+7d7TXLxId_
2026-05-23T10:13:34+0300 INFO: C:\Users\Ksenya\Desktop\hakaton\main\resource\ef8bdf91-d7f3-439b-8ad5-4b922b5a58e1\main.py Выполнение. Выполняемый шаг: Присвоить значение переменной. id: 5Ew%Wt$JK+7d7TXLxId_
2026-05-23T10:13:34+0300 INFO: C:\Users\Ksenya\Desktop\hakaton\main\resource\ef8bdf91-d7f3-439b-8ad5-4b922b5a58e1\main.py Старт. Выполняемый шаг: Создать сессию браузера. id: 4#bM-7PYt%bTkrSh8bfZ
2026-05-23T10:14:42+0300 INFO: Старт робота: C:\Users\Ksenya\Desktop\hakaton\main\resource\9751ff1d-9e3d-4416-a3b5-ff61373cfb0b\main.py
2026-05-23T10:14:42+0300 INFO: C:\Users\Ksenya\Desktop\hakaton\main\resource\9751ff1d-9e3d-4416-a3b5-ff61373cfb0b\main.py Старт. Выполняемый шаг: Обработка ошибки. id: E(ohZ?TiZWX5;}Gqu-r,
2026-05-23T10:14:42+0300 INFO: C:\Users\Ksenya\Desktop\hakaton\main\resource\9751ff1d-9e3d-4416-a3b5-ff61373cfb0b\main.py Выполнение. Выполняемый шаг: Обработка ошибки. id: E(ohZ?TiZWX5;}Gqu-r,
2026-05-23T10:14:42+0300 INFO: C:\Users\Ksenya\Desktop\hakaton\main\resource\9751ff1d-9e3d-4416-a3b5-ff61373cfb0b\main.py Робот запущен
2026-05-23T10:14:42+0300 INFO: C:\Users\Ksenya\Desktop\hakaton\main\resource\9751ff1d-9e3d-4416-a3b5-ff61373cfb0b\main.py Старт. Выполняемый шаг: Присвоить значение переменной. id: uT8K_dR,wNXk4m?dkCsM
2026-05-23T10:14:44+0300 INFO: C:\Users\Ksenya\Desktop\hakaton\main\resource\9751ff1d-9e3d-4416-a3b5-ff61373cfb0b\main.py Выполнение. Выполняемый шаг: Присвоить значение переменной. id: uT8K_dR,wNXk4m?dkCsM
2026-05-23T10:14:44+0300 INFO: C:\Users\Ksenya\Desktop\hakaton\main\resource\9751ff1d-9e3d-4416-a3b5-ff61373cfb0b\main.py Завершение. Выполняемый шаг: Присвоить значение переменной. id: uT8K_dR,wNXk4m?dkCsM
2026-05-23T10:14:44+0300 INFO: C:\Users\Ksenya\Desktop\hakaton\main\resource\9751ff1d-9e3d-4416-a3b5-ff61373cfb0b\main.py Старт. Выполняемый шаг: Присвоить значение переменной. id: :MAZ.Rz62:ZsFDl7vQQJ
2026-05-23T10:14:44+0300 INFO: C:\Users\Ksenya\Desktop\hakaton\main\resource\9751ff1d-9e3d-4416-a3b5-ff61373cfb0b\main.py Выполнение. Выполняемый шаг: Присвоить значение переменной. id: :MAZ.Rz62:ZsFDl7vQQJ
2026-05-23T10:14:44+0300 INFO: C:\Users\Ksenya\Desktop\hakaton\main\resource\9751ff1d-9e3d-4416-a3b5-ff61373cfb0b\main.py Завершение. Выполняемый шаг: Присвоить значение переменной. id: :MAZ.Rz62:ZsFDl7vQQJ
2026-05-23T10:14:44+0300 INFO: C:\Users\Ksenya\Desktop\hakaton\main\resource\9751ff1d-9e3d-4416-a3b5-ff61373cfb0b\main.py Старт. Выполняемый шаг: Присвоить значение переменной. id: WBqw15|Z#}dx_{yM[UJS
2026-05-23T10:14:44+0300 INFO: C:\Users\Ksenya\Desktop\hakaton\main\resource\9751ff1d-9e3d-4416-a3b5-ff61373cfb0b\main.py Выполнение. Выполняемый шаг: Присвоить значение переменной. id: WBqw15|Z#}dx_{yM[UJS
2026-05-23T10:14:44+0300 INFO: C:\Users\Ksenya\Desktop\hakaton\main\resource\9751ff1d-9e3d-4416-a3b5-ff61373cfb0b\main.py Завершение. Выполняемый шаг: Присвоить значение переменной. id: WBqw15|Z#}dx_{yM[UJS
2026-05-23T10:14:44+0300 INFO: C:\Users\Ksenya\Desktop\hakaton\main\resource\9751ff1d-9e3d-4416-a3b5-ff61373cfb0b\main.py Старт. Выполняемый шаг: Присвоить значение переменной. id: ZD}VS]B8yU%7IR$_1:gx
2026-05-23T10:14:44+0300 INFO: C:\Users\Ksenya\Desktop\hakaton\main\resource\9751ff1d-9e3d-4416-a3b5-ff61373cfb0b\main.py Выполнение. Выполняемый шаг: Присвоить значение переменной. id: ZD}VS]B8yU%7IR$_1:gx
2026-05-23T10:14:44+0300 INFO: C:\Users\Ksenya\Desktop\hakaton\main\resource\9751ff1d-9e3d-4416-a3b5-ff61373cfb0b\main.py Старт. Выполняемый шаг: Прочитать файл. id: h-7qLFMP}Ex#VZ)Ao@jd
2026-05-23T10:14:44+0300 INFO: C:\Users\Ksenya\Desktop\hakaton\main\resource\9751ff1d-9e3d-4416-a3b5-ff61373cfb0b\main.py Завершение. Выполняемый шаг: Прочитать файл. id: h-7qLFMP}Ex#VZ)Ao@jd
2026-05-23T10:14:44+0300 INFO: C:\Users\Ksenya\Desktop\hakaton\main\resource\9751ff1d-9e3d-4416-a3b5-ff61373cfb0b\main.py Завершение. Выполняемый шаг: Присвоить значение переменной. id: ZD}VS]B8yU%7IR$_1:gx
2026-05-23T10:14:44+0300 INFO: C:\Users\Ksenya\Desktop\hakaton\main\resource\9751ff1d-9e3d-4416-a3b5-ff61373cfb0b\main.py Старт. Выполняемый шаг: Присвоить значение переменной. id: ^0R|78#C*6Lo31|B;%K9
2026-05-23T10:14:45+0300 INFO: C:\Users\Ksenya\Desktop\hakaton\main\resource\9751ff1d-9e3d-4416-a3b5-ff61373cfb0b\main.py Выполнение. Выполняемый шаг: Присвоить значение переменной. id: ^0R|78#C*6Lo31|B;%K9
2026-05-23T10:14:45+0300 INFO: C:\Users\Ksenya\Desktop\hakaton\main\resource\9751ff1d-9e3d-4416-a3b5-ff61373cfb0b\main.py Завершение. Выполняемый шаг: Присвоить значение переменной. id: ^0R|78#C*6Lo31|B;%K9
2026-05-23T10:14:45+0300 INFO: C:\Users\Ksenya\Desktop\hakaton\main\resource\9751ff1d-9e3d-4416-a3b5-ff61373cfb0b\main.py Старт. Выполняемый шаг: Присвоить значение переменной. id: p$O:QoI+|4ux$8{ysFr:
2026-05-23T10:14:45+0300 INFO: C:\Users\Ksenya\Desktop\hakaton\main\resource\9751ff1d-9e3d-4416-a3b5-ff61373cfb0b\main.py Выполнение. Выполняемый шаг: Присвоить значение переменной. id: p$O:QoI+|4ux$8{ysFr:
2026-05-23T10:14:45+0300 INFO: C:\Users\Ksenya\Desktop\hakaton\main\resource\9751ff1d-9e3d-4416-a3b5-ff61373cfb0b\main.py Завершение. Выполняемый шаг: Присвоить значение переменной. id: p$O:QoI+|4ux$8{ysFr:
2026-05-23T10:14:45+0300 INFO: C:\Users\Ksenya\Desktop\hakaton\main\resource\9751ff1d-9e3d-4416-a3b5-ff61373cfb0b\main.py Старт. Выполняемый шаг: Присвоить значение переменной. id: ]Nwow_`34-zY1snYsMa=
2026-05-23T10:14:46+0300 INFO: C:\Users\Ksenya\Desktop\hakaton\main\resource\9751ff1d-9e3d-4416-a3b5-ff61373cfb0b\main.py Выполнение. Выполняемый шаг: Присвоить значение переменной. id: ]Nwow_`34-zY1snYsMa=
2026-05-23T10:14:46+0300 INFO: C:\Users\Ksenya\Desktop\hakaton\main\resource\9751ff1d-9e3d-4416-a3b5-ff61373cfb0b\main.py Завершение. Выполняемый шаг: Присвоить значение переменной. id: ]Nwow_`34-zY1snYsMa=
2026-05-23T10:14:46+0300 INFO: C:\Users\Ksenya\Desktop\hakaton\main\resource\9751ff1d-9e3d-4416-a3b5-ff61373cfb0b\main.py Старт. Выполняемый шаг: Присвоить значение переменной. id: 7qHD^~+B#bUSw)9hi;V5
2026-05-23T10:14:47+0300 INFO: C:\Users\Ksenya\Desktop\hakaton\main\resource\9751ff1d-9e3d-4416-a3b5-ff61373cfb0b\main.py Выполнение. Выполняемый шаг: Присвоить значение переменной. id: 7qHD^~+B#bUSw)9hi;V5
2026-05-23T10:14:47+0300 INFO: C:\Users\Ksenya\Desktop\hakaton\main\resource\9751ff1d-9e3d-4416-a3b5-ff61373cfb0b\main.py Завершение. Выполняемый шаг: Присвоить значение переменной. id: 7qHD^~+B#bUSw)9hi;V5
2026-05-23T10:14:47+0300 INFO: C:\Users\Ksenya\Desktop\hakaton\main\resource\9751ff1d-9e3d-4416-a3b5-ff61373cfb0b\main.py Старт. Выполняемый шаг: Присвоить значение переменной. id: 3oGjmJ`CaVRVz9#qu*_m
2026-05-23T10:14:47+0300 INFO: C:\Users\Ksenya\Desktop\hakaton\main\resource\9751ff1d-9e3d-4416-a3b5-ff61373cfb0b\main.py Выполнение. Выполняемый шаг: Присвоить значение переменной. id: 3oGjmJ`CaVRVz9#qu*_m
2026-05-23T10:14:47+0300 INFO: C:\Users\Ksenya\Desktop\hakaton\main\resource\9751ff1d-9e3d-4416-a3b5-ff61373cfb0b\main.py Завершение. Выполняемый шаг: Присвоить значение переменной. id: 3oGjmJ`CaVRVz9#qu*_m
2026-05-23T10:14:47+0300 INFO: C:\Users\Ksenya\Desktop\hakaton\main\resource\9751ff1d-9e3d-4416-a3b5-ff61373cfb0b\main.py Старт. Выполняемый шаг: Присвоить значение переменной. id: :kF]*7FA#}yI!L)At3D0
2026-05-23T10:14:48+0300 INFO: C:\Users\Ksenya\Desktop\hakaton\main\resource\9751ff1d-9e3d-4416-a3b5-ff61373cfb0b\main.py Выполнение. Выполняемый шаг: Присвоить значение переменной. id: :kF]*7FA#}yI!L)At3D0
2026-05-23T10:14:48+0300 INFO: C:\Users\Ksenya\Desktop\hakaton\main\resource\9751ff1d-9e3d-4416-a3b5-ff61373cfb0b\main.py Завершение. Выполняемый шаг: Присвоить значение переменной. id: :kF]*7FA#}yI!L)At3D0
2026-05-23T10:14:49+0300 INFO: C:\Users\Ksenya\Desktop\hakaton\main\resource\9751ff1d-9e3d-4416-a3b5-ff61373cfb0b\main.py Отправляю запрос в 1С
2026-05-23T10:14:49+0300 INFO: C:\Users\Ksenya\Desktop\hakaton\main\resource\9751ff1d-9e3d-4416-a3b5-ff61373cfb0b\main.py Старт. Выполняемый шаг: Присвоить значение переменной. id: 5Ew%Wt$JK+7d7TXLxId_
2026-05-23T10:14:50+0300 INFO: C:\Users\Ksenya\Desktop\hakaton\main\resource\9751ff1d-9e3d-4416-a3b5-ff61373cfb0b\main.py Выполнение. Выполняемый шаг: Присвоить значение переменной. id: 5Ew%Wt$JK+7d7TXLxId_
2026-05-23T10:14:50+0300 INFO: C:\Users\Ksenya\Desktop\hakaton\main\resource\9751ff1d-9e3d-4416-a3b5-ff61373cfb0b\main.py Старт. Выполняемый шаг: Создать сессию браузера. id: 4#bM-7PYt%bTkrSh8bfZ
2026-05-23T10:15:30+0300 INFO: Старт робота: C:\Users\Ksenya\Desktop\hakaton\main\resource\36c47b5f-7e7d-46b5-8f7c-b6c9405d07eb\main.py
2026-05-23T10:15:30+0300 INFO: C:\Users\Ksenya\Desktop\hakaton\main\resource\36c47b5f-7e7d-46b5-8f7c-b6c9405d07eb\main.py Старт. Выполняемый шаг: Обработка ошибки. id: E(ohZ?TiZWX5;}Gqu-r,
2026-05-23T10:15:36+0300 INFO: C:\Users\Ksenya\Desktop\hakaton\main\resource\36c47b5f-7e7d-46b5-8f7c-b6c9405d07eb\main.py Выполнение. Выполняемый шаг: Обработка ошибки. id: E(ohZ?TiZWX5;}Gqu-r,
2026-05-23T10:15:36+0300 INFO: C:\Users\Ksenya\Desktop\hakaton\main\resource\36c47b5f-7e7d-46b5-8f7c-b6c9405d07eb\main.py Робот запущен
2026-05-23T10:15:36+0300 INFO: C:\Users\Ksenya\Desktop\hakaton\main\resource\36c47b5f-7e7d-46b5-8f7c-b6c9405d07eb\main.py Старт. Выполняемый шаг: Присвоить значение переменной. id: uT8K_dR,wNXk4m?dkCsM
2026-05-23T10:15:38+0300 INFO: C:\Users\Ksenya\Desktop\hakaton\main\resource\36c47b5f-7e7d-46b5-8f7c-b6c9405d07eb\main.py Выполнение. Выполняемый шаг: Присвоить значение переменной. id: uT8K_dR,wNXk4m?dkCsM
2026-05-23T10:15:38+0300 INFO: C:\Users\Ksenya\Desktop\hakaton\main\resource\36c47b5f-7e7d-46b5-8f7c-b6c9405d07eb\main.py Завершение. Выполняемый шаг: Присвоить значение переменной. id: uT8K_dR,wNXk4m?dkCsM
2026-05-23T10:15:38+0300 INFO: C:\Users\Ksenya\Desktop\hakaton\main\resource\36c47b5f-7e7d-46b5-8f7c-b6c9405d07eb\main.py Старт. Выполняемый шаг: Присвоить значение переменной. id: :MAZ.Rz62:ZsFDl7vQQJ
2026-05-23T10:15:38+0300 INFO: C:\Users\Ksenya\Desktop\hakaton\main\resource\36c47b5f-7e7d-46b5-8f7c-b6c9405d07eb\main.py Выполнение. Выполняемый шаг: Присвоить значение переменной. id: :MAZ.Rz62:ZsFDl7vQQJ
2026-05-23T10:15:38+0300 INFO: C:\Users\Ksenya\Desktop\hakaton\main\resource\36c47b5f-7e7d-46b5-8f7c-b6c9405d07eb\main.py Завершение. Выполняемый шаг: Присвоить значение переменной. id: :MAZ.Rz62:ZsFDl7vQQJ
2026-05-23T10:15:38+0300 INFO: C:\Users\Ksenya\Desktop\hakaton\main\resource\36c47b5f-7e7d-46b5-8f7c-b6c9405d07eb\main.py Старт. Выполняемый шаг: Присвоить значение переменной. id: WBqw15|Z#}dx_{yM[UJS
2026-05-23T10:15:39+0300 INFO: C:\Users\Ksenya\Desktop\hakaton\main\resource\36c47b5f-7e7d-46b5-8f7c-b6c9405d07eb\main.py Выполнение. Выполняемый шаг: Присвоить значение переменной. id: WBqw15|Z#}dx_{yM[UJS
2026-05-23T10:15:39+0300 INFO: C:\Users\Ksenya\Desktop\hakaton\main\resource\36c47b5f-7e7d-46b5-8f7c-b6c9405d07eb\main.py Завершение. Выполняемый шаг: Присвоить значение переменной. id: WBqw15|Z#}dx_{yM[UJS
2026-05-23T10:15:39+0300 INFO: C:\Users\Ksenya\Desktop\hakaton\main\resource\36c47b5f-7e7d-46b5-8f7c-b6c9405d07eb\main.py Старт. Выполняемый шаг: Присвоить значение переменной. id: ZD}VS]B8yU%7IR$_1:gx
2026-05-23T10:15:39+0300 INFO: C:\Users\Ksenya\Desktop\hakaton\main\resource\36c47b5f-7e7d-46b5-8f7c-b6c9405d07eb\main.py Выполнение. Выполняемый шаг: Присвоить значение переменной. id: ZD}VS]B8yU%7IR$_1:gx
2026-05-23T10:15:39+0300 INFO: C:\Users\Ksenya\Desktop\hakaton\main\resource\36c47b5f-7e7d-46b5-8f7c-b6c9405d07eb\main.py Старт. Выполняемый шаг: Прочитать файл. id: h-7qLFMP}Ex#VZ)Ao@jd
2026-05-23T10:15:39+0300 INFO: C:\Users\Ksenya\Desktop\hakaton\main\resource\36c47b5f-7e7d-46b5-8f7c-b6c9405d07eb\main.py Завершение. Выполняемый шаг: Прочитать файл. id: h-7qLFMP}Ex#VZ)Ao@jd
2026-05-23T10:15:39+0300 INFO: C:\Users\Ksenya\Desktop\hakaton\main\resource\36c47b5f-7e7d-46b5-8f7c-b6c9405d07eb\main.py Завершение. Выполняемый шаг: Присвоить значение переменной. id: ZD}VS]B8yU%7IR$_1:gx
2026-05-23T10:15:39+0300 INFO: C:\Users\Ksenya\Desktop\hakaton\main\resource\36c47b5f-7e7d-46b5-8f7c-b6c9405d07eb\main.py Старт. Выполняемый шаг: Присвоить значение переменной. id: ^0R|78#C*6Lo31|B;%K9
2026-05-23T10:15:40+0300 INFO: C:\Users\Ksenya\Desktop\hakaton\main\resource\36c47b5f-7e7d-46b5-8f7c-b6c9405d07eb\main.py Выполнение. Выполняемый шаг: Присвоить значение переменной. id: ^0R|78#C*6Lo31|B;%K9
2026-05-23T10:15:40+0300 INFO: C:\Users\Ksenya\Desktop\hakaton\main\resource\36c47b5f-7e7d-46b5-8f7c-b6c9405d07eb\main.py Завершение. Выполняемый шаг: Присвоить значение переменной. id: ^0R|78#C*6Lo31|B;%K9
2026-05-23T10:15:40+0300 INFO: C:\Users\Ksenya\Desktop\hakaton\main\resource\36c47b5f-7e7d-46b5-8f7c-b6c9405d07eb\main.py Старт. Выполняемый шаг: Присвоить значение переменной. id: p$O:QoI+|4ux$8{ysFr:
2026-05-23T10:15:40+0300 INFO: C:\Users\Ksenya\Desktop\hakaton\main\resource\36c47b5f-7e7d-46b5-8f7c-b6c9405d07eb\main.py Выполнение. Выполняемый шаг: Присвоить значение переменной. id: p$O:QoI+|4ux$8{ysFr:
2026-05-23T10:15:40+0300 INFO: C:\Users\Ksenya\Desktop\hakaton\main\resource\36c47b5f-7e7d-46b5-8f7c-b6c9405d07eb\main.py Завершение. Выполняемый шаг: Присвоить значение переменной. id: p$O:QoI+|4ux$8{ysFr:
2026-05-23T10:15:40+0300 INFO: C:\Users\Ksenya\Desktop\hakaton\main\resource\36c47b5f-7e7d-46b5-8f7c-b6c9405d07eb\main.py Старт. Выполняемый шаг: Присвоить значение переменной. id: ]Nwow_`34-zY1snYsMa=
2026-05-23T10:15:41+0300 INFO: C:\Users\Ksenya\Desktop\hakaton\main\resource\36c47b5f-7e7d-46b5-8f7c-b6c9405d07eb\main.py Выполнение. Выполняемый шаг: Присвоить значение переменной. id: ]Nwow_`34-zY1snYsMa=
2026-05-23T10:15:41+0300 INFO: C:\Users\Ksenya\Desktop\hakaton\main\resource\36c47b5f-7e7d-46b5-8f7c-b6c9405d07eb\main.py Завершение. Выполняемый шаг: Присвоить значение переменной. id: ]Nwow_`34-zY1snYsMa=
2026-05-23T10:15:41+0300 INFO: C:\Users\Ksenya\Desktop\hakaton\main\resource\36c47b5f-7e7d-46b5-8f7c-b6c9405d07eb\main.py Старт. Выполняемый шаг: Присвоить значение переменной. id: 7qHD^~+B#bUSw)9hi;V5
2026-05-23T10:15:41+0300 INFO: C:\Users\Ksenya\Desktop\hakaton\main\resource\36c47b5f-7e7d-46b5-8f7c-b6c9405d07eb\main.py Выполнение. Выполняемый шаг: Присвоить значение переменной. id: 7qHD^~+B#bUSw)9hi;V5
2026-05-23T10:15:41+0300 INFO: C:\Users\Ksenya\Desktop\hakaton\main\resource\36c47b5f-7e7d-46b5-8f7c-b6c9405d07eb\main.py Завершение. Выполняемый шаг: Присвоить значение переменной. id: 7qHD^~+B#bUSw)9hi;V5
2026-05-23T10:15:41+0300 INFO: C:\Users\Ksenya\Desktop\hakaton\main\resource\36c47b5f-7e7d-46b5-8f7c-b6c9405d07eb\main.py Старт. Выполняемый шаг: Присвоить значение переменной. id: 3oGjmJ`CaVRVz9#qu*_m
2026-05-23T10:15:42+0300 INFO: C:\Users\Ksenya\Desktop\hakaton\main\resource\36c47b5f-7e7d-46b5-8f7c-b6c9405d07eb\main.py Выполнение. Выполняемый шаг: Присвоить значение переменной. id: 3oGjmJ`CaVRVz9#qu*_m
2026-05-23T10:15:42+0300 INFO: C:\Users\Ksenya\Desktop\hakaton\main\resource\36c47b5f-7e7d-46b5-8f7c-b6c9405d07eb\main.py Завершение. Выполняемый шаг: Присвоить значение переменной. id: 3oGjmJ`CaVRVz9#qu*_m
2026-05-23T10:15:42+0300 INFO: C:\Users\Ksenya\Desktop\hakaton\main\resource\36c47b5f-7e7d-46b5-8f7c-b6c9405d07eb\main.py Старт. Выполняемый шаг: Присвоить значение переменной. id: :kF]*7FA#}yI!L)At3D0
2026-05-23T10:15:42+0300 INFO: C:\Users\Ksenya\Desktop\hakaton\main\resource\36c47b5f-7e7d-46b5-8f7c-b6c9405d07eb\main.py Выполнение. Выполняемый шаг: Присвоить значение переменной. id: :kF]*7FA#}yI!L)At3D0
2026-05-23T10:15:42+0300 INFO: C:\Users\Ksenya\Desktop\hakaton\main\resource\36c47b5f-7e7d-46b5-8f7c-b6c9405d07eb\main.py Завершение. Выполняемый шаг: Присвоить значение переменной. id: :kF]*7FA#}yI!L)At3D0
2026-05-23T10:15:43+0300 INFO: C:\Users\Ksenya\Desktop\hakaton\main\resource\36c47b5f-7e7d-46b5-8f7c-b6c9405d07eb\main.py Отправляю запрос в 1С
2026-05-23T10:15:43+0300 INFO: C:\Users\Ksenya\Desktop\hakaton\main\resource\36c47b5f-7e7d-46b5-8f7c-b6c9405d07eb\main.py Старт. Выполняемый шаг: Присвоить значение переменной. id: 5Ew%Wt$JK+7d7TXLxId_
2026-05-23T10:15:44+0300 INFO: C:\Users\Ksenya\Desktop\hakaton\main\resource\36c47b5f-7e7d-46b5-8f7c-b6c9405d07eb\main.py Выполнение. Выполняемый шаг: Присвоить значение переменной. id: 5Ew%Wt$JK+7d7TXLxId_
2026-05-23T10:15:44+0300 INFO: C:\Users\Ksenya\Desktop\hakaton\main\resource\36c47b5f-7e7d-46b5-8f7c-b6c9405d07eb\main.py Старт. Выполняемый шаг: Создать сессию браузера. id: 4#bM-7PYt%bTkrSh8bfZ
2026-05-23T10:15:50+0300 INFO: C:\Users\Ksenya\Desktop\hakaton\main\resource\36c47b5f-7e7d-46b5-8f7c-b6c9405d07eb\main.py Завершение. Выполняемый шаг: Создать сессию браузера. id: 4#bM-7PYt%bTkrSh8bfZ
2026-05-23T10:15:50+0300 INFO: C:\Users\Ksenya\Desktop\hakaton\main\resource\36c47b5f-7e7d-46b5-8f7c-b6c9405d07eb\main.py Завершение. Выполняемый шаг: Присвоить значение переменной. id: 5Ew%Wt$JK+7d7TXLxId_
2026-05-23T10:15:50+0300 INFO: C:\Users\Ksenya\Desktop\hakaton\main\resource\36c47b5f-7e7d-46b5-8f7c-b6c9405d07eb\main.py Старт. Выполняемый шаг: Авторизация в 1C-веб. id: 3.IJr?`!co]+noK}9t}x
2026-05-23T10:15:56+0300 INFO: C:\Users\Ksenya\Desktop\hakaton\main\resource\36c47b5f-7e7d-46b5-8f7c-b6c9405d07eb\main.py Выполнение. Выполняемый шаг: Авторизация в 1C-веб. id: 3.IJr?`!co]+noK}9t}x
2026-05-23T10:16:33+0300 INFO: Старт робота: C:\Users\Ksenya\Desktop\hakaton\main\resource\81a6cd8a-5249-45ae-9ebb-abe6a617c4e5\main.py
2026-05-23T10:16:33+0300 INFO: C:\Users\Ksenya\Desktop\hakaton\main\resource\81a6cd8a-5249-45ae-9ebb-abe6a617c4e5\main.py Старт. Выполняемый шаг: Обработка ошибки. id: E(ohZ?TiZWX5;}Gqu-r,
2026-05-23T10:16:33+0300 INFO: C:\Users\Ksenya\Desktop\hakaton\main\resource\81a6cd8a-5249-45ae-9ebb-abe6a617c4e5\main.py Выполнение. Выполняемый шаг: Обработка ошибки. id: E(ohZ?TiZWX5;}Gqu-r,
2026-05-23T10:16:33+0300 INFO: C:\Users\Ksenya\Desktop\hakaton\main\resource\81a6cd8a-5249-45ae-9ebb-abe6a617c4e5\main.py Робот запущен
2026-05-23T10:16:33+0300 INFO: C:\Users\Ksenya\Desktop\hakaton\main\resource\81a6cd8a-5249-45ae-9ebb-abe6a617c4e5\main.py Старт. Выполняемый шаг: Присвоить значение переменной. id: uT8K_dR,wNXk4m?dkCsM
2026-05-23T10:16:35+0300 INFO: C:\Users\Ksenya\Desktop\hakaton\main\resource\81a6cd8a-5249-45ae-9ebb-abe6a617c4e5\main.py Выполнение. Выполняемый шаг: Присвоить значение переменной. id: uT8K_dR,wNXk4m?dkCsM
2026-05-23T10:16:35+0300 INFO: C:\Users\Ksenya\Desktop\hakaton\main\resource\81a6cd8a-5249-45ae-9ebb-abe6a617c4e5\main.py Завершение. Выполняемый шаг: Присвоить значение переменной. id: uT8K_dR,wNXk4m?dkCsM
2026-05-23T10:16:35+0300 INFO: C:\Users\Ksenya\Desktop\hakaton\main\resource\81a6cd8a-5249-45ae-9ebb-abe6a617c4e5\main.py Старт. Выполняемый шаг: Присвоить значение переменной. id: :MAZ.Rz62:ZsFDl7vQQJ
2026-05-23T10:16:35+0300 INFO: C:\Users\Ksenya\Desktop\hakaton\main\resource\81a6cd8a-5249-45ae-9ebb-abe6a617c4e5\main.py Выполнение. Выполняемый шаг: Присвоить значение переменной. id: :MAZ.Rz62:ZsFDl7vQQJ
2026-05-23T10:16:35+0300 INFO: C:\Users\Ksenya\Desktop\hakaton\main\resource\81a6cd8a-5249-45ae-9ebb-abe6a617c4e5\main.py Завершение. Выполняемый шаг: Присвоить значение переменной. id: :MAZ.Rz62:ZsFDl7vQQJ
2026-05-23T10:16:35+0300 INFO: C:\Users\Ksenya\Desktop\hakaton\main\resource\81a6cd8a-5249-45ae-9ebb-abe6a617c4e5\main.py Старт. Выполняемый шаг: Присвоить значение переменной. id: WBqw15|Z#}dx_{yM[UJS
2026-05-23T10:16:35+0300 INFO: C:\Users\Ksenya\Desktop\hakaton\main\resource\81a6cd8a-5249-45ae-9ebb-abe6a617c4e5\main.py Выполнение. Выполняемый шаг: Присвоить значение переменной. id: WBqw15|Z#}dx_{yM[UJS
2026-05-23T10:16:35+0300 INFO: C:\Users\Ksenya\Desktop\hakaton\main\resource\81a6cd8a-5249-45ae-9ebb-abe6a617c4e5\main.py Завершение. Выполняемый шаг: Присвоить значение переменной. id: WBqw15|Z#}dx_{yM[UJS
2026-05-23T10:16:35+0300 INFO: C:\Users\Ksenya\Desktop\hakaton\main\resource\81a6cd8a-5249-45ae-9ebb-abe6a617c4e5\main.py Старт. Выполняемый шаг: Присвоить значение переменной. id: ZD}VS]B8yU%7IR$_1:gx
2026-05-23T10:16:35+0300 INFO: C:\Users\Ksenya\Desktop\hakaton\main\resource\81a6cd8a-5249-45ae-9ebb-abe6a617c4e5\main.py Выполнение. Выполняемый шаг: Присвоить значение переменной. id: ZD}VS]B8yU%7IR$_1:gx
2026-05-23T10:16:35+0300 INFO: C:\Users\Ksenya\Desktop\hakaton\main\resource\81a6cd8a-5249-45ae-9ebb-abe6a617c4e5\main.py Старт. Выполняемый шаг: Прочитать файл. id: h-7qLFMP}Ex#VZ)Ao@jd
2026-05-23T10:16:35+0300 INFO: C:\Users\Ksenya\Desktop\hakaton\main\resource\81a6cd8a-5249-45ae-9ebb-abe6a617c4e5\main.py Завершение. Выполняемый шаг: Прочитать файл. id: h-7qLFMP}Ex#VZ)Ao@jd
2026-05-23T10:16:35+0300 INFO: C:\Users\Ksenya\Desktop\hakaton\main\resource\81a6cd8a-5249-45ae-9ebb-abe6a617c4e5\main.py Завершение. Выполняемый шаг: Присвоить значение переменной. id: ZD}VS]B8yU%7IR$_1:gx
2026-05-23T10:16:35+0300 INFO: C:\Users\Ksenya\Desktop\hakaton\main\resource\81a6cd8a-5249-45ae-9ebb-abe6a617c4e5\main.py Старт. Выполняемый шаг: Присвоить значение переменной. id: ^0R|78#C*6Lo31|B;%K9
2026-05-23T10:16:36+0300 INFO: C:\Users\Ksenya\Desktop\hakaton\main\resource\81a6cd8a-5249-45ae-9ebb-abe6a617c4e5\main.py Выполнение. Выполняемый шаг: Присвоить значение переменной. id: ^0R|78#C*6Lo31|B;%K9
2026-05-23T10:16:36+0300 INFO: C:\Users\Ksenya\Desktop\hakaton\main\resource\81a6cd8a-5249-45ae-9ebb-abe6a617c4e5\main.py Завершение. Выполняемый шаг: Присвоить значение переменной. id: ^0R|78#C*6Lo31|B;%K9
2026-05-23T10:16:36+0300 INFO: C:\Users\Ksenya\Desktop\hakaton\main\resource\81a6cd8a-5249-45ae-9ebb-abe6a617c4e5\main.py Старт. Выполняемый шаг: Присвоить значение переменной. id: p$O:QoI+|4ux$8{ysFr:
2026-05-23T10:16:36+0300 INFO: C:\Users\Ksenya\Desktop\hakaton\main\resource\81a6cd8a-5249-45ae-9ebb-abe6a617c4e5\main.py Выполнение. Выполняемый шаг: Присвоить значение переменной. id: p$O:QoI+|4ux$8{ysFr:
2026-05-23T10:16:36+0300 INFO: C:\Users\Ksenya\Desktop\hakaton\main\resource\81a6cd8a-5249-45ae-9ebb-abe6a617c4e5\main.py Завершение. Выполняемый шаг: Присвоить значение переменной. id: p$O:QoI+|4ux$8{ysFr:
2026-05-23T10:16:36+0300 INFO: C:\Users\Ksenya\Desktop\hakaton\main\resource\81a6cd8a-5249-45ae-9ebb-abe6a617c4e5\main.py Старт. Выполняемый шаг: Присвоить значение переменной. id: ]Nwow_`34-zY1snYsMa=
2026-05-23T10:16:37+0300 INFO: C:\Users\Ksenya\Desktop\hakaton\main\resource\81a6cd8a-5249-45ae-9ebb-abe6a617c4e5\main.py Выполнение. Выполняемый шаг: Присвоить значение переменной. id: ]Nwow_`34-zY1snYsMa=
2026-05-23T10:16:37+0300 INFO: C:\Users\Ksenya\Desktop\hakaton\main\resource\81a6cd8a-5249-45ae-9ebb-abe6a617c4e5\main.py Завершение. Выполняемый шаг: Присвоить значение переменной. id: ]Nwow_`34-zY1snYsMa=
2026-05-23T10:16:37+0300 INFO: C:\Users\Ksenya\Desktop\hakaton\main\resource\81a6cd8a-5249-45ae-9ebb-abe6a617c4e5\main.py Старт. Выполняемый шаг: Присвоить значение переменной. id: 7qHD^~+B#bUSw)9hi;V5
2026-05-23T10:16:37+0300 INFO: C:\Users\Ksenya\Desktop\hakaton\main\resource\81a6cd8a-5249-45ae-9ebb-abe6a617c4e5\main.py Выполнение. Выполняемый шаг: Присвоить значение переменной. id: 7qHD^~+B#bUSw)9hi;V5
2026-05-23T10:16:37+0300 INFO: C:\Users\Ksenya\Desktop\hakaton\main\resource\81a6cd8a-5249-45ae-9ebb-abe6a617c4e5\main.py Завершение. Выполняемый шаг: Присвоить значение переменной. id: 7qHD^~+B#bUSw)9hi;V5
2026-05-23T10:16:37+0300 INFO: C:\Users\Ksenya\Desktop\hakaton\main\resource\81a6cd8a-5249-45ae-9ebb-abe6a617c4e5\main.py Старт. Выполняемый шаг: Присвоить значение переменной. id: 3oGjmJ`CaVRVz9#qu*_m
2026-05-23T10:16:38+0300 INFO: C:\Users\Ksenya\Desktop\hakaton\main\resource\81a6cd8a-5249-45ae-9ebb-abe6a617c4e5\main.py Выполнение. Выполняемый шаг: Присвоить значение переменной. id: 3oGjmJ`CaVRVz9#qu*_m
2026-05-23T10:16:38+0300 INFO: C:\Users\Ksenya\Desktop\hakaton\main\resource\81a6cd8a-5249-45ae-9ebb-abe6a617c4e5\main.py Завершение. Выполняемый шаг: Присвоить значение переменной. id: 3oGjmJ`CaVRVz9#qu*_m
2026-05-23T10:16:38+0300 INFO: C:\Users\Ksenya\Desktop\hakaton\main\resource\81a6cd8a-5249-45ae-9ebb-abe6a617c4e5\main.py Старт. Выполняемый шаг: Присвоить значение переменной. id: :kF]*7FA#}yI!L)At3D0
2026-05-23T10:16:38+0300 INFO: C:\Users\Ksenya\Desktop\hakaton\main\resource\81a6cd8a-5249-45ae-9ebb-abe6a617c4e5\main.py Выполнение. Выполняемый шаг: Присвоить значение переменной. id: :kF]*7FA#}yI!L)At3D0
2026-05-23T10:16:38+0300 INFO: C:\Users\Ksenya\Desktop\hakaton\main\resource\81a6cd8a-5249-45ae-9ebb-abe6a617c4e5\main.py Завершение. Выполняемый шаг: Присвоить значение переменной. id: :kF]*7FA#}yI!L)At3D0
2026-05-23T10:16:39+0300 INFO: C:\Users\Ksenya\Desktop\hakaton\main\resource\81a6cd8a-5249-45ae-9ebb-abe6a617c4e5\main.py Отправляю запрос в 1С
2026-05-23T10:16:39+0300 INFO: C:\Users\Ksenya\Desktop\hakaton\main\resource\81a6cd8a-5249-45ae-9ebb-abe6a617c4e5\main.py Старт. Выполняемый шаг: Присвоить значение переменной. id: 5Ew%Wt$JK+7d7TXLxId_
2026-05-23T10:16:40+0300 INFO: C:\Users\Ksenya\Desktop\hakaton\main\resource\81a6cd8a-5249-45ae-9ebb-abe6a617c4e5\main.py Выполнение. Выполняемый шаг: Присвоить значение переменной. id: 5Ew%Wt$JK+7d7TXLxId_
2026-05-23T10:16:40+0300 INFO: C:\Users\Ksenya\Desktop\hakaton\main\resource\81a6cd8a-5249-45ae-9ebb-abe6a617c4e5\main.py Старт. Выполняемый шаг: Создать сессию браузера. id: 4#bM-7PYt%bTkrSh8bfZ
2026-05-23T10:16:46+0300 INFO: C:\Users\Ksenya\Desktop\hakaton\main\resource\81a6cd8a-5249-45ae-9ebb-abe6a617c4e5\main.py Завершение. Выполняемый шаг: Создать сессию браузера. id: 4#bM-7PYt%bTkrSh8bfZ
2026-05-23T10:16:46+0300 INFO: C:\Users\Ksenya\Desktop\hakaton\main\resource\81a6cd8a-5249-45ae-9ebb-abe6a617c4e5\main.py Завершение. Выполняемый шаг: Присвоить значение переменной. id: 5Ew%Wt$JK+7d7TXLxId_
2026-05-23T10:16:46+0300 INFO: C:\Users\Ksenya\Desktop\hakaton\main\resource\81a6cd8a-5249-45ae-9ebb-abe6a617c4e5\main.py Старт. Выполняемый шаг: Авторизация в 1C-веб. id: 3.IJr?`!co]+noK}9t}x
2026-05-23T10:16:51+0300 INFO: C:\Users\Ksenya\Desktop\hakaton\main\resource\81a6cd8a-5249-45ae-9ebb-abe6a617c4e5\main.py Выполнение. Выполняемый шаг: Авторизация в 1C-веб. id: 3.IJr?`!co]+noK}9t}x
2026-05-23T10:19:43+0300 INFO: Запуск процесса из студии разработки. C:\Users\Ksenya\Desktop\hakaton\main\process\main.json
2026-05-23T10:19:47+0300 INFO: Старт робота: C:\Users\Ksenya\Desktop\hakaton\main\resource\e09cc421-7eab-4945-aa89-9c058f7db94a\main.py
2026-05-23T10:19:47+0300 INFO: C:\Users\Ksenya\Desktop\hakaton\main\resource\e09cc421-7eab-4945-aa89-9c058f7db94a\main.py Робот запущен
2026-05-23T10:19:47+0300 INFO: C:\Users\Ksenya\Desktop\hakaton\main\resource\e09cc421-7eab-4945-aa89-9c058f7db94a\main.py Отправляю запрос в 1С
2026-05-23T10:20:52+0300 INFO: Завершение выполнения процесса. C:\Users\Ksenya\Desktop\hakaton\main\process\main.json
2026-05-23T10:21:17+0300 INFO: Старт робота: C:\Users\Ksenya\Desktop\hakaton\main\resource\a4f836ef-ff02-49db-b6bd-3dc3fcb8a79e\main.py
2026-05-23T10:21:17+0300 INFO: C:\Users\Ksenya\Desktop\hakaton\main\resource\a4f836ef-ff02-49db-b6bd-3dc3fcb8a79e\main.py Старт. Выполняемый шаг: Обработка ошибки. id: E(ohZ?TiZWX5;}Gqu-r,
2026-05-23T10:21:17+0300 INFO: C:\Users\Ksenya\Desktop\hakaton\main\resource\a4f836ef-ff02-49db-b6bd-3dc3fcb8a79e\main.py Выполнение. Выполняемый шаг: Обработка ошибки. id: E(ohZ?TiZWX5;}Gqu-r,
2026-05-23T10:21:17+0300 INFO: C:\Users\Ksenya\Desktop\hakaton\main\resource\a4f836ef-ff02-49db-b6bd-3dc3fcb8a79e\main.py Робот запущен
2026-05-23T10:21:17+0300 INFO: C:\Users\Ksenya\Desktop\hakaton\main\resource\a4f836ef-ff02-49db-b6bd-3dc3fcb8a79e\main.py Старт. Выполняемый шаг: Присвоить значение переменной. id: uT8K_dR,wNXk4m?dkCsM
2026-05-23T10:21:19+0300 INFO: C:\Users\Ksenya\Desktop\hakaton\main\resource\a4f836ef-ff02-49db-b6bd-3dc3fcb8a79e\main.py Выполнение. Выполняемый шаг: Присвоить значение переменной. id: uT8K_dR,wNXk4m?dkCsM
2026-05-23T10:21:19+0300 INFO: C:\Users\Ksenya\Desktop\hakaton\main\resource\a4f836ef-ff02-49db-b6bd-3dc3fcb8a79e\main.py Завершение. Выполняемый шаг: Присвоить значение переменной. id: uT8K_dR,wNXk4m?dkCsM
2026-05-23T10:21:19+0300 INFO: C:\Users\Ksenya\Desktop\hakaton\main\resource\a4f836ef-ff02-49db-b6bd-3dc3fcb8a79e\main.py Старт. Выполняемый шаг: Присвоить значение переменной. id: :MAZ.Rz62:ZsFDl7vQQJ
2026-05-23T10:21:19+0300 INFO: C:\Users\Ksenya\Desktop\hakaton\main\resource\a4f836ef-ff02-49db-b6bd-3dc3fcb8a79e\main.py Выполнение. Выполняемый шаг: Присвоить значение переменной. id: :MAZ.Rz62:ZsFDl7vQQJ
2026-05-23T10:21:19+0300 INFO: C:\Users\Ksenya\Desktop\hakaton\main\resource\a4f836ef-ff02-49db-b6bd-3dc3fcb8a79e\main.py Завершение. Выполняемый шаг: Присвоить значение переменной. id: :MAZ.Rz62:ZsFDl7vQQJ
2026-05-23T10:21:19+0300 INFO: C:\Users\Ksenya\Desktop\hakaton\main\resource\a4f836ef-ff02-49db-b6bd-3dc3fcb8a79e\main.py Старт. Выполняемый шаг: Присвоить значение переменной. id: WBqw15|Z#}dx_{yM[UJS
2026-05-23T10:21:19+0300 INFO: C:\Users\Ksenya\Desktop\hakaton\main\resource\a4f836ef-ff02-49db-b6bd-3dc3fcb8a79e\main.py Выполнение. Выполняемый шаг: Присвоить значение переменной. id: WBqw15|Z#}dx_{yM[UJS
2026-05-23T10:21:19+0300 INFO: C:\Users\Ksenya\Desktop\hakaton\main\resource\a4f836ef-ff02-49db-b6bd-3dc3fcb8a79e\main.py Завершение. Выполняемый шаг: Присвоить значение переменной. id: WBqw15|Z#}dx_{yM[UJS
2026-05-23T10:21:19+0300 INFO: C:\Users\Ksenya\Desktop\hakaton\main\resource\a4f836ef-ff02-49db-b6bd-3dc3fcb8a79e\main.py Старт. Выполняемый шаг: Присвоить значение переменной. id: ZD}VS]B8yU%7IR$_1:gx
2026-05-23T10:21:19+0300 INFO: C:\Users\Ksenya\Desktop\hakaton\main\resource\a4f836ef-ff02-49db-b6bd-3dc3fcb8a79e\main.py Выполнение. Выполняемый шаг: Присвоить значение переменной. id: ZD}VS]B8yU%7IR$_1:gx
2026-05-23T10:21:19+0300 INFO: C:\Users\Ksenya\Desktop\hakaton\main\resource\a4f836ef-ff02-49db-b6bd-3dc3fcb8a79e\main.py Старт. Выполняемый шаг: Прочитать файл. id: h-7qLFMP}Ex#VZ)Ao@jd
2026-05-23T10:21:19+0300 INFO: C:\Users\Ksenya\Desktop\hakaton\main\resource\a4f836ef-ff02-49db-b6bd-3dc3fcb8a79e\main.py Завершение. Выполняемый шаг: Прочитать файл. id: h-7qLFMP}Ex#VZ)Ao@jd
2026-05-23T10:21:19+0300 INFO: C:\Users\Ksenya\Desktop\hakaton\main\resource\a4f836ef-ff02-49db-b6bd-3dc3fcb8a79e\main.py Завершение. Выполняемый шаг: Присвоить значение переменной. id: ZD}VS]B8yU%7IR$_1:gx
2026-05-23T10:21:19+0300 INFO: C:\Users\Ksenya\Desktop\hakaton\main\resource\a4f836ef-ff02-49db-b6bd-3dc3fcb8a79e\main.py Старт. Выполняемый шаг: Присвоить значение переменной. id: ^0R|78#C*6Lo31|B;%K9
2026-05-23T10:21:20+0300 INFO: C:\Users\Ksenya\Desktop\hakaton\main\resource\a4f836ef-ff02-49db-b6bd-3dc3fcb8a79e\main.py Выполнение. Выполняемый шаг: Присвоить значение переменной. id: ^0R|78#C*6Lo31|B;%K9
2026-05-23T10:21:20+0300 INFO: C:\Users\Ksenya\Desktop\hakaton\main\resource\a4f836ef-ff02-49db-b6bd-3dc3fcb8a79e\main.py Завершение. Выполняемый шаг: Присвоить значение переменной. id: ^0R|78#C*6Lo31|B;%K9
2026-05-23T10:21:20+0300 INFO: C:\Users\Ksenya\Desktop\hakaton\main\resource\a4f836ef-ff02-49db-b6bd-3dc3fcb8a79e\main.py Старт. Выполняемый шаг: Присвоить значение переменной. id: p$O:QoI+|4ux$8{ysFr:
2026-05-23T10:21:21+0300 INFO: C:\Users\Ksenya\Desktop\hakaton\main\resource\a4f836ef-ff02-49db-b6bd-3dc3fcb8a79e\main.py Выполнение. Выполняемый шаг: Присвоить значение переменной. id: p$O:QoI+|4ux$8{ysFr:
2026-05-23T10:21:21+0300 INFO: C:\Users\Ksenya\Desktop\hakaton\main\resource\a4f836ef-ff02-49db-b6bd-3dc3fcb8a79e\main.py Завершение. Выполняемый шаг: Присвоить значение переменной. id: p$O:QoI+|4ux$8{ysFr:
2026-05-23T10:21:21+0300 INFO: C:\Users\Ksenya\Desktop\hakaton\main\resource\a4f836ef-ff02-49db-b6bd-3dc3fcb8a79e\main.py Старт. Выполняемый шаг: Присвоить значение переменной. id: ]Nwow_`34-zY1snYsMa=
2026-05-23T10:21:21+0300 INFO: C:\Users\Ksenya\Desktop\hakaton\main\resource\a4f836ef-ff02-49db-b6bd-3dc3fcb8a79e\main.py Выполнение. Выполняемый шаг: Присвоить значение переменной. id: ]Nwow_`34-zY1snYsMa=
2026-05-23T10:21:21+0300 INFO: C:\Users\Ksenya\Desktop\hakaton\main\resource\a4f836ef-ff02-49db-b6bd-3dc3fcb8a79e\main.py Завершение. Выполняемый шаг: Присвоить значение переменной. id: ]Nwow_`34-zY1snYsMa=
2026-05-23T10:21:21+0300 INFO: C:\Users\Ksenya\Desktop\hakaton\main\resource\a4f836ef-ff02-49db-b6bd-3dc3fcb8a79e\main.py Старт. Выполняемый шаг: Присвоить значение переменной. id: 7qHD^~+B#bUSw)9hi;V5
2026-05-23T10:21:22+0300 INFO: C:\Users\Ksenya\Desktop\hakaton\main\resource\a4f836ef-ff02-49db-b6bd-3dc3fcb8a79e\main.py Выполнение. Выполняемый шаг: Присвоить значение переменной. id: 7qHD^~+B#bUSw)9hi;V5
2026-05-23T10:21:22+0300 INFO: C:\Users\Ksenya\Desktop\hakaton\main\resource\a4f836ef-ff02-49db-b6bd-3dc3fcb8a79e\main.py Завершение. Выполняемый шаг: Присвоить значение переменной. id: 7qHD^~+B#bUSw)9hi;V5
2026-05-23T10:21:22+0300 INFO: C:\Users\Ksenya\Desktop\hakaton\main\resource\a4f836ef-ff02-49db-b6bd-3dc3fcb8a79e\main.py Старт. Выполняемый шаг: Присвоить значение переменной. id: 3oGjmJ`CaVRVz9#qu*_m
2026-05-23T10:21:23+0300 INFO: C:\Users\Ksenya\Desktop\hakaton\main\resource\a4f836ef-ff02-49db-b6bd-3dc3fcb8a79e\main.py Выполнение. Выполняемый шаг: Присвоить значение переменной. id: 3oGjmJ`CaVRVz9#qu*_m
2026-05-23T10:21:23+0300 INFO: C:\Users\Ksenya\Desktop\hakaton\main\resource\a4f836ef-ff02-49db-b6bd-3dc3fcb8a79e\main.py Завершение. Выполняемый шаг: Присвоить значение переменной. id: 3oGjmJ`CaVRVz9#qu*_m
2026-05-23T10:21:23+0300 INFO: C:\Users\Ksenya\Desktop\hakaton\main\resource\a4f836ef-ff02-49db-b6bd-3dc3fcb8a79e\main.py Старт. Выполняемый шаг: Присвоить значение переменной. id: :kF]*7FA#}yI!L)At3D0
2026-05-23T10:21:24+0300 INFO: C:\Users\Ksenya\Desktop\hakaton\main\resource\a4f836ef-ff02-49db-b6bd-3dc3fcb8a79e\main.py Выполнение. Выполняемый шаг: Присвоить значение переменной. id: :kF]*7FA#}yI!L)At3D0
2026-05-23T10:21:24+0300 INFO: C:\Users\Ksenya\Desktop\hakaton\main\resource\a4f836ef-ff02-49db-b6bd-3dc3fcb8a79e\main.py Завершение. Выполняемый шаг: Присвоить значение переменной. id: :kF]*7FA#}yI!L)At3D0
2026-05-23T10:21:24+0300 INFO: C:\Users\Ksenya\Desktop\hakaton\main\resource\a4f836ef-ff02-49db-b6bd-3dc3fcb8a79e\main.py Отправляю запрос в 1С
2026-05-23T10:21:24+0300 INFO: C:\Users\Ksenya\Desktop\hakaton\main\resource\a4f836ef-ff02-49db-b6bd-3dc3fcb8a79e\main.py Старт. Выполняемый шаг: Присвоить значение переменной. id: 5Ew%Wt$JK+7d7TXLxId_
2026-05-23T10:21:25+0300 INFO: C:\Users\Ksenya\Desktop\hakaton\main\resource\a4f836ef-ff02-49db-b6bd-3dc3fcb8a79e\main.py Выполнение. Выполняемый шаг: Присвоить значение переменной. id: 5Ew%Wt$JK+7d7TXLxId_
2026-05-23T10:21:25+0300 INFO: C:\Users\Ksenya\Desktop\hakaton\main\resource\a4f836ef-ff02-49db-b6bd-3dc3fcb8a79e\main.py Старт. Выполняемый шаг: Создать сессию браузера. id: 4#bM-7PYt%bTkrSh8bfZ
2026-05-23T10:21:31+0300 INFO: C:\Users\Ksenya\Desktop\hakaton\main\resource\a4f836ef-ff02-49db-b6bd-3dc3fcb8a79e\main.py Завершение. Выполняемый шаг: Создать сессию браузера. id: 4#bM-7PYt%bTkrSh8bfZ
2026-05-23T10:21:31+0300 INFO: C:\Users\Ksenya\Desktop\hakaton\main\resource\a4f836ef-ff02-49db-b6bd-3dc3fcb8a79e\main.py Завершение. Выполняемый шаг: Присвоить значение переменной. id: 5Ew%Wt$JK+7d7TXLxId_
2026-05-23T10:21:31+0300 INFO: C:\Users\Ksenya\Desktop\hakaton\main\resource\a4f836ef-ff02-49db-b6bd-3dc3fcb8a79e\main.py Старт. Выполняемый шаг: Открыть страницу в браузере. id: _{QT4zD{Fqs69!/:|#zp
2026-05-23T10:21:38+0300 INFO: C:\Users\Ksenya\Desktop\hakaton\main\resource\a4f836ef-ff02-49db-b6bd-3dc3fcb8a79e\main.py Выполнение. Выполняемый шаг: Открыть страницу в браузере. id: _{QT4zD{Fqs69!/:|#zp
2026-05-23T10:21:40+0300 INFO: C:\Users\Ksenya\Desktop\hakaton\main\resource\a4f836ef-ff02-49db-b6bd-3dc3fcb8a79e\main.py Завершение. Выполняемый шаг: Открыть страницу в браузере. id: _{QT4zD{Fqs69!/:|#zp
2026-05-23T10:21:40+0300 INFO: C:\Users\Ksenya\Desktop\hakaton\main\resource\a4f836ef-ff02-49db-b6bd-3dc3fcb8a79e\main.py Старт. Выполняемый шаг: Авторизация в 1C-веб. id: 3.IJr?`!co]+noK}9t}x
2026-05-23T10:21:45+0300 INFO: C:\Users\Ksenya\Desktop\hakaton\main\resource\a4f836ef-ff02-49db-b6bd-3dc3fcb8a79e\main.py Выполнение. Выполняемый шаг: Авторизация в 1C-веб. id: 3.IJr?`!co]+noK}9t}x
2026-05-23T10:22:54+0300 INFO: Старт робота: C:\Users\Ksenya\Desktop\hakaton\main\resource\dbc3e9df-695c-4e7e-8004-4bcb2fdff076\main.py
2026-05-23T10:22:54+0300 INFO: C:\Users\Ksenya\Desktop\hakaton\main\resource\dbc3e9df-695c-4e7e-8004-4bcb2fdff076\main.py Старт. Выполняемый шаг: Обработка ошибки. id: E(ohZ?TiZWX5;}Gqu-r,
2026-05-23T10:22:56+0300 INFO: C:\Users\Ksenya\Desktop\hakaton\main\resource\dbc3e9df-695c-4e7e-8004-4bcb2fdff076\main.py Выполнение. Выполняемый шаг: Обработка ошибки. id: E(ohZ?TiZWX5;}Gqu-r,
2026-05-23T10:22:56+0300 INFO: C:\Users\Ksenya\Desktop\hakaton\main\resource\dbc3e9df-695c-4e7e-8004-4bcb2fdff076\main.py Робот запущен
2026-05-23T10:22:56+0300 INFO: C:\Users\Ksenya\Desktop\hakaton\main\resource\dbc3e9df-695c-4e7e-8004-4bcb2fdff076\main.py Старт. Выполняемый шаг: Присвоить значение переменной. id: uT8K_dR,wNXk4m?dkCsM
2026-05-23T10:22:59+0300 INFO: C:\Users\Ksenya\Desktop\hakaton\main\resource\dbc3e9df-695c-4e7e-8004-4bcb2fdff076\main.py Выполнение. Выполняемый шаг: Присвоить значение переменной. id: uT8K_dR,wNXk4m?dkCsM
2026-05-23T10:22:59+0300 INFO: C:\Users\Ksenya\Desktop\hakaton\main\resource\dbc3e9df-695c-4e7e-8004-4bcb2fdff076\main.py Завершение. Выполняемый шаг: Присвоить значение переменной. id: uT8K_dR,wNXk4m?dkCsM
2026-05-23T10:22:59+0300 INFO: C:\Users\Ksenya\Desktop\hakaton\main\resource\dbc3e9df-695c-4e7e-8004-4bcb2fdff076\main.py Старт. Выполняемый шаг: Присвоить значение переменной. id: :MAZ.Rz62:ZsFDl7vQQJ
2026-05-23T10:22:59+0300 INFO: C:\Users\Ksenya\Desktop\hakaton\main\resource\dbc3e9df-695c-4e7e-8004-4bcb2fdff076\main.py Выполнение. Выполняемый шаг: Присвоить значение переменной. id: :MAZ.Rz62:ZsFDl7vQQJ
2026-05-23T10:22:59+0300 INFO: C:\Users\Ksenya\Desktop\hakaton\main\resource\dbc3e9df-695c-4e7e-8004-4bcb2fdff076\main.py Завершение. Выполняемый шаг: Присвоить значение переменной. id: :MAZ.Rz62:ZsFDl7vQQJ
2026-05-23T10:22:59+0300 INFO: C:\Users\Ksenya\Desktop\hakaton\main\resource\dbc3e9df-695c-4e7e-8004-4bcb2fdff076\main.py Старт. Выполняемый шаг: Присвоить значение переменной. id: WBqw15|Z#}dx_{yM[UJS
2026-05-23T10:22:59+0300 INFO: C:\Users\Ksenya\Desktop\hakaton\main\resource\dbc3e9df-695c-4e7e-8004-4bcb2fdff076\main.py Выполнение. Выполняемый шаг: Присвоить значение переменной. id: WBqw15|Z#}dx_{yM[UJS
2026-05-23T10:22:59+0300 INFO: C:\Users\Ksenya\Desktop\hakaton\main\resource\dbc3e9df-695c-4e7e-8004-4bcb2fdff076\main.py Завершение. Выполняемый шаг: Присвоить значение переменной. id: WBqw15|Z#}dx_{yM[UJS
2026-05-23T10:22:59+0300 INFO: C:\Users\Ksenya\Desktop\hakaton\main\resource\dbc3e9df-695c-4e7e-8004-4bcb2fdff076\main.py Старт. Выполняемый шаг: Присвоить значение переменной. id: ZD}VS]B8yU%7IR$_1:gx
2026-05-23T10:22:59+0300 INFO: C:\Users\Ksenya\Desktop\hakaton\main\resource\dbc3e9df-695c-4e7e-8004-4bcb2fdff076\main.py Выполнение. Выполняемый шаг: Присвоить значение переменной. id: ZD}VS]B8yU%7IR$_1:gx
2026-05-23T10:22:59+0300 INFO: C:\Users\Ksenya\Desktop\hakaton\main\resource\dbc3e9df-695c-4e7e-8004-4bcb2fdff076\main.py Старт. Выполняемый шаг: Прочитать файл. id: h-7qLFMP}Ex#VZ)Ao@jd
2026-05-23T10:22:59+0300 INFO: C:\Users\Ksenya\Desktop\hakaton\main\resource\dbc3e9df-695c-4e7e-8004-4bcb2fdff076\main.py Завершение. Выполняемый шаг: Прочитать файл. id: h-7qLFMP}Ex#VZ)Ao@jd
2026-05-23T10:22:59+0300 INFO: C:\Users\Ksenya\Desktop\hakaton\main\resource\dbc3e9df-695c-4e7e-8004-4bcb2fdff076\main.py Завершение. Выполняемый шаг: Присвоить значение переменной. id: ZD}VS]B8yU%7IR$_1:gx
2026-05-23T10:22:59+0300 INFO: C:\Users\Ksenya\Desktop\hakaton\main\resource\dbc3e9df-695c-4e7e-8004-4bcb2fdff076\main.py Старт. Выполняемый шаг: Присвоить значение переменной. id: ^0R|78#C*6Lo31|B;%K9
2026-05-23T10:23:00+0300 INFO: C:\Users\Ksenya\Desktop\hakaton\main\resource\dbc3e9df-695c-4e7e-8004-4bcb2fdff076\main.py Выполнение. Выполняемый шаг: Присвоить значение переменной. id: ^0R|78#C*6Lo31|B;%K9
2026-05-23T10:23:00+0300 INFO: C:\Users\Ksenya\Desktop\hakaton\main\resource\dbc3e9df-695c-4e7e-8004-4bcb2fdff076\main.py Завершение. Выполняемый шаг: Присвоить значение переменной. id: ^0R|78#C*6Lo31|B;%K9
2026-05-23T10:23:00+0300 INFO: C:\Users\Ksenya\Desktop\hakaton\main\resource\dbc3e9df-695c-4e7e-8004-4bcb2fdff076\main.py Старт. Выполняемый шаг: Присвоить значение переменной. id: p$O:QoI+|4ux$8{ysFr:
2026-05-23T10:23:00+0300 INFO: C:\Users\Ksenya\Desktop\hakaton\main\resource\dbc3e9df-695c-4e7e-8004-4bcb2fdff076\main.py Выполнение. Выполняемый шаг: Присвоить значение переменной. id: p$O:QoI+|4ux$8{ysFr:
2026-05-23T10:23:00+0300 INFO: C:\Users\Ksenya\Desktop\hakaton\main\resource\dbc3e9df-695c-4e7e-8004-4bcb2fdff076\main.py Завершение. Выполняемый шаг: Присвоить значение переменной. id: p$O:QoI+|4ux$8{ysFr:
2026-05-23T10:23:00+0300 INFO: C:\Users\Ksenya\Desktop\hakaton\main\resource\dbc3e9df-695c-4e7e-8004-4bcb2fdff076\main.py Старт. Выполняемый шаг: Присвоить значение переменной. id: ]Nwow_`34-zY1snYsMa=
2026-05-23T10:23:01+0300 INFO: C:\Users\Ksenya\Desktop\hakaton\main\resource\dbc3e9df-695c-4e7e-8004-4bcb2fdff076\main.py Выполнение. Выполняемый шаг: Присвоить значение переменной. id: ]Nwow_`34-zY1snYsMa=
2026-05-23T10:23:01+0300 INFO: C:\Users\Ksenya\Desktop\hakaton\main\resource\dbc3e9df-695c-4e7e-8004-4bcb2fdff076\main.py Завершение. Выполняемый шаг: Присвоить значение переменной. id: ]Nwow_`34-zY1snYsMa=
2026-05-23T10:23:01+0300 INFO: C:\Users\Ksenya\Desktop\hakaton\main\resource\dbc3e9df-695c-4e7e-8004-4bcb2fdff076\main.py Старт. Выполняемый шаг: Присвоить значение переменной. id: 7qHD^~+B#bUSw)9hi;V5
2026-05-23T10:23:02+0300 INFO: C:\Users\Ksenya\Desktop\hakaton\main\resource\dbc3e9df-695c-4e7e-8004-4bcb2fdff076\main.py Выполнение. Выполняемый шаг: Присвоить значение переменной. id: 7qHD^~+B#bUSw)9hi;V5
2026-05-23T10:23:02+0300 INFO: C:\Users\Ksenya\Desktop\hakaton\main\resource\dbc3e9df-695c-4e7e-8004-4bcb2fdff076\main.py Завершение. Выполняемый шаг: Присвоить значение переменной. id: 7qHD^~+B#bUSw)9hi;V5
2026-05-23T10:23:02+0300 INFO: C:\Users\Ksenya\Desktop\hakaton\main\resource\dbc3e9df-695c-4e7e-8004-4bcb2fdff076\main.py Старт. Выполняемый шаг: Присвоить значение переменной. id: 3oGjmJ`CaVRVz9#qu*_m
2026-05-23T10:23:02+0300 INFO: C:\Users\Ksenya\Desktop\hakaton\main\resource\dbc3e9df-695c-4e7e-8004-4bcb2fdff076\main.py Выполнение. Выполняемый шаг: Присвоить значение переменной. id: 3oGjmJ`CaVRVz9#qu*_m
2026-05-23T10:23:02+0300 INFO: C:\Users\Ksenya\Desktop\hakaton\main\resource\dbc3e9df-695c-4e7e-8004-4bcb2fdff076\main.py Завершение. Выполняемый шаг: Присвоить значение переменной. id: 3oGjmJ`CaVRVz9#qu*_m
2026-05-23T10:23:02+0300 INFO: C:\Users\Ksenya\Desktop\hakaton\main\resource\dbc3e9df-695c-4e7e-8004-4bcb2fdff076\main.py Старт. Выполняемый шаг: Присвоить значение переменной. id: :kF]*7FA#}yI!L)At3D0
2026-05-23T10:23:03+0300 INFO: C:\Users\Ksenya\Desktop\hakaton\main\resource\dbc3e9df-695c-4e7e-8004-4bcb2fdff076\main.py Выполнение. Выполняемый шаг: Присвоить значение переменной. id: :kF]*7FA#}yI!L)At3D0
2026-05-23T10:23:03+0300 INFO: C:\Users\Ksenya\Desktop\hakaton\main\resource\dbc3e9df-695c-4e7e-8004-4bcb2fdff076\main.py Завершение. Выполняемый шаг: Присвоить значение переменной. id: :kF]*7FA#}yI!L)At3D0
2026-05-23T10:23:04+0300 INFO: C:\Users\Ksenya\Desktop\hakaton\main\resource\dbc3e9df-695c-4e7e-8004-4bcb2fdff076\main.py Отправляю запрос в 1С
2026-05-23T10:23:04+0300 INFO: C:\Users\Ksenya\Desktop\hakaton\main\resource\dbc3e9df-695c-4e7e-8004-4bcb2fdff076\main.py Старт. Выполняемый шаг: Присвоить значение переменной. id: 5Ew%Wt$JK+7d7TXLxId_
2026-05-23T10:23:05+0300 INFO: C:\Users\Ksenya\Desktop\hakaton\main\resource\dbc3e9df-695c-4e7e-8004-4bcb2fdff076\main.py Выполнение. Выполняемый шаг: Присвоить значение переменной. id: 5Ew%Wt$JK+7d7TXLxId_
2026-05-23T10:23:05+0300 INFO: C:\Users\Ksenya\Desktop\hakaton\main\resource\dbc3e9df-695c-4e7e-8004-4bcb2fdff076\main.py Старт. Выполняемый шаг: Создать сессию браузера. id: 4#bM-7PYt%bTkrSh8bfZ
2026-05-23T10:23:12+0300 INFO: C:\Users\Ksenya\Desktop\hakaton\main\resource\dbc3e9df-695c-4e7e-8004-4bcb2fdff076\main.py Завершение. Выполняемый шаг: Создать сессию браузера. id: 4#bM-7PYt%bTkrSh8bfZ
2026-05-23T10:23:12+0300 INFO: C:\Users\Ksenya\Desktop\hakaton\main\resource\dbc3e9df-695c-4e7e-8004-4bcb2fdff076\main.py Завершение. Выполняемый шаг: Присвоить значение переменной. id: 5Ew%Wt$JK+7d7TXLxId_
2026-05-23T10:23:12+0300 INFO: C:\Users\Ksenya\Desktop\hakaton\main\resource\dbc3e9df-695c-4e7e-8004-4bcb2fdff076\main.py Старт. Выполняемый шаг: Открыть страницу в браузере. id: _{QT4zD{Fqs69!/:|#zp
2026-05-23T10:23:15+0300 INFO: C:\Users\Ksenya\Desktop\hakaton\main\resource\dbc3e9df-695c-4e7e-8004-4bcb2fdff076\main.py Выполнение. Выполняемый шаг: Открыть страницу в браузере. id: _{QT4zD{Fqs69!/:|#zp
2026-05-23T10:23:17+0300 INFO: C:\Users\Ksenya\Desktop\hakaton\main\resource\dbc3e9df-695c-4e7e-8004-4bcb2fdff076\main.py Завершение. Выполняемый шаг: Открыть страницу в браузере. id: _{QT4zD{Fqs69!/:|#zp
2026-05-23T10:23:17+0300 INFO: C:\Users\Ksenya\Desktop\hakaton\main\resource\dbc3e9df-695c-4e7e-8004-4bcb2fdff076\main.py Старт. Выполняемый шаг: Авторизация в 1C-веб. id: 3.IJr?`!co]+noK}9t}x
2026-05-23T10:23:20+0300 INFO: C:\Users\Ksenya\Desktop\hakaton\main\resource\dbc3e9df-695c-4e7e-8004-4bcb2fdff076\main.py Выполнение. Выполняемый шаг: Авторизация в 1C-веб. id: 3.IJr?`!co]+noK}9t}x
2026-05-23T10:37:16+0300 INFO: Запуск процесса из студии разработки. C:\Users\Ksenya\Desktop\hakaton\main\process\main.json
2026-05-23T10:37:20+0300 INFO: Старт робота: C:\Users\Ksenya\Desktop\hakaton\main\resource\0c1a5ee2-73cb-4494-9eea-658da97e895b\main.py
2026-05-23T10:37:20+0300 INFO: C:\Users\Ksenya\Desktop\hakaton\main\resource\0c1a5ee2-73cb-4494-9eea-658da97e895b\main.py Робот запущен
2026-05-23T10:37:20+0300 INFO: C:\Users\Ksenya\Desktop\hakaton\main\resource\0c1a5ee2-73cb-4494-9eea-658da97e895b\main.py Отправляю запрос в 1С
2026-05-23T10:42:02+0300 ERROR: C:\Users\Ksenya\Desktop\hakaton\main\resource\0c1a5ee2-73cb-4494-9eea-658da97e895b\main.py Ошибка выполнения робота
2026-05-23T10:42:02+0300 INFO: Завершение работы робота: C:\Users\Ksenya\Desktop\hakaton\main\resource\0c1a5ee2-73cb-4494-9eea-658da97e895b\main.py
2026-05-23T10:42:02+0300 INFO: Завершение выполнения процесса. C:\Users\Ksenya\Desktop\hakaton\main\process\main.json
2026-05-23T10:58:36+0300 INFO: Старт робота: C:\Users\Ksenya\Desktop\hakaton\main\resource\80830d25-e303-4b4f-97d9-7351ffd83cb2\main.py
2026-05-23T10:58:36+0300 INFO: C:\Users\Ksenya\Desktop\hakaton\main\resource\80830d25-e303-4b4f-97d9-7351ffd83cb2\main.py Старт. Выполняемый шаг: Обработка ошибки. id: E(ohZ?TiZWX5;}Gqu-r,
2026-05-23T10:58:36+0300 INFO: C:\Users\Ksenya\Desktop\hakaton\main\resource\80830d25-e303-4b4f-97d9-7351ffd83cb2\main.py Выполнение. Выполняемый шаг: Обработка ошибки. id: E(ohZ?TiZWX5;}Gqu-r,
2026-05-23T10:58:36+0300 INFO: C:\Users\Ksenya\Desktop\hakaton\main\resource\80830d25-e303-4b4f-97d9-7351ffd83cb2\main.py Робот запущен
2026-05-23T10:58:36+0300 INFO: C:\Users\Ksenya\Desktop\hakaton\main\resource\80830d25-e303-4b4f-97d9-7351ffd83cb2\main.py Старт. Выполняемый шаг: Присвоить значение переменной. id: uT8K_dR,wNXk4m?dkCsM
2026-05-23T10:58:39+0300 INFO: C:\Users\Ksenya\Desktop\hakaton\main\resource\80830d25-e303-4b4f-97d9-7351ffd83cb2\main.py Выполнение. Выполняемый шаг: Присвоить значение переменной. id: uT8K_dR,wNXk4m?dkCsM
2026-05-23T10:58:39+0300 INFO: C:\Users\Ksenya\Desktop\hakaton\main\resource\80830d25-e303-4b4f-97d9-7351ffd83cb2\main.py Завершение. Выполняемый шаг: Присвоить значение переменной. id: uT8K_dR,wNXk4m?dkCsM
2026-05-23T10:58:39+0300 INFO: C:\Users\Ksenya\Desktop\hakaton\main\resource\80830d25-e303-4b4f-97d9-7351ffd83cb2\main.py Старт. Выполняемый шаг: Присвоить значение переменной. id: :MAZ.Rz62:ZsFDl7vQQJ
2026-05-23T10:58:39+0300 INFO: C:\Users\Ksenya\Desktop\hakaton\main\resource\80830d25-e303-4b4f-97d9-7351ffd83cb2\main.py Выполнение. Выполняемый шаг: Присвоить значение переменной. id: :MAZ.Rz62:ZsFDl7vQQJ
2026-05-23T10:58:39+0300 INFO: C:\Users\Ksenya\Desktop\hakaton\main\resource\80830d25-e303-4b4f-97d9-7351ffd83cb2\main.py Завершение. Выполняемый шаг: Присвоить значение переменной. id: :MAZ.Rz62:ZsFDl7vQQJ
2026-05-23T10:58:39+0300 INFO: C:\Users\Ksenya\Desktop\hakaton\main\resource\80830d25-e303-4b4f-97d9-7351ffd83cb2\main.py Старт. Выполняемый шаг: Присвоить значение переменной. id: WBqw15|Z#}dx_{yM[UJS
2026-05-23T10:58:39+0300 INFO: C:\Users\Ksenya\Desktop\hakaton\main\resource\80830d25-e303-4b4f-97d9-7351ffd83cb2\main.py Выполнение. Выполняемый шаг: Присвоить значение переменной. id: WBqw15|Z#}dx_{yM[UJS
2026-05-23T10:58:39+0300 INFO: C:\Users\Ksenya\Desktop\hakaton\main\resource\80830d25-e303-4b4f-97d9-7351ffd83cb2\main.py Завершение. Выполняемый шаг: Присвоить значение переменной. id: WBqw15|Z#}dx_{yM[UJS
2026-05-23T10:58:39+0300 INFO: C:\Users\Ksenya\Desktop\hakaton\main\resource\80830d25-e303-4b4f-97d9-7351ffd83cb2\main.py Старт. Выполняемый шаг: Присвоить значение переменной. id: ZD}VS]B8yU%7IR$_1:gx
2026-05-23T10:58:39+0300 INFO: C:\Users\Ksenya\Desktop\hakaton\main\resource\80830d25-e303-4b4f-97d9-7351ffd83cb2\main.py Выполнение. Выполняемый шаг: Присвоить значение переменной. id: ZD}VS]B8yU%7IR$_1:gx
2026-05-23T10:58:39+0300 INFO: C:\Users\Ksenya\Desktop\hakaton\main\resource\80830d25-e303-4b4f-97d9-7351ffd83cb2\main.py Старт. Выполняемый шаг: Прочитать файл. id: h-7qLFMP}Ex#VZ)Ao@jd
2026-05-23T10:58:39+0300 INFO: C:\Users\Ksenya\Desktop\hakaton\main\resource\80830d25-e303-4b4f-97d9-7351ffd83cb2\main.py Завершение. Выполняемый шаг: Прочитать файл. id: h-7qLFMP}Ex#VZ)Ao@jd
2026-05-23T10:58:39+0300 INFO: C:\Users\Ksenya\Desktop\hakaton\main\resource\80830d25-e303-4b4f-97d9-7351ffd83cb2\main.py Завершение. Выполняемый шаг: Присвоить значение переменной. id: ZD}VS]B8yU%7IR$_1:gx
2026-05-23T10:58:39+0300 INFO: C:\Users\Ksenya\Desktop\hakaton\main\resource\80830d25-e303-4b4f-97d9-7351ffd83cb2\main.py Старт. Выполняемый шаг: Присвоить значение переменной. id: ^0R|78#C*6Lo31|B;%K9
2026-05-23T10:58:40+0300 INFO: C:\Users\Ksenya\Desktop\hakaton\main\resource\80830d25-e303-4b4f-97d9-7351ffd83cb2\main.py Выполнение. Выполняемый шаг: Присвоить значение переменной. id: ^0R|78#C*6Lo31|B;%K9
2026-05-23T10:58:40+0300 INFO: C:\Users\Ksenya\Desktop\hakaton\main\resource\80830d25-e303-4b4f-97d9-7351ffd83cb2\main.py Завершение. Выполняемый шаг: Присвоить значение переменной. id: ^0R|78#C*6Lo31|B;%K9
2026-05-23T10:58:40+0300 INFO: C:\Users\Ksenya\Desktop\hakaton\main\resource\80830d25-e303-4b4f-97d9-7351ffd83cb2\main.py Старт. Выполняемый шаг: Присвоить значение переменной. id: p$O:QoI+|4ux$8{ysFr:
2026-05-23T10:58:40+0300 INFO: C:\Users\Ksenya\Desktop\hakaton\main\resource\80830d25-e303-4b4f-97d9-7351ffd83cb2\main.py Выполнение. Выполняемый шаг: Присвоить значение переменной. id: p$O:QoI+|4ux$8{ysFr:
2026-05-23T10:58:40+0300 INFO: C:\Users\Ksenya\Desktop\hakaton\main\resource\80830d25-e303-4b4f-97d9-7351ffd83cb2\main.py Завершение. Выполняемый шаг: Присвоить значение переменной. id: p$O:QoI+|4ux$8{ysFr:
2026-05-23T10:58:40+0300 INFO: C:\Users\Ksenya\Desktop\hakaton\main\resource\80830d25-e303-4b4f-97d9-7351ffd83cb2\main.py Старт. Выполняемый шаг: Присвоить значение переменной. id: ]Nwow_`34-zY1snYsMa=
2026-05-23T10:58:41+0300 INFO: C:\Users\Ksenya\Desktop\hakaton\main\resource\80830d25-e303-4b4f-97d9-7351ffd83cb2\main.py Выполнение. Выполняемый шаг: Присвоить значение переменной. id: ]Nwow_`34-zY1snYsMa=
2026-05-23T10:58:41+0300 INFO: C:\Users\Ksenya\Desktop\hakaton\main\resource\80830d25-e303-4b4f-97d9-7351ffd83cb2\main.py Завершение. Выполняемый шаг: Присвоить значение переменной. id: ]Nwow_`34-zY1snYsMa=
2026-05-23T10:58:41+0300 INFO: C:\Users\Ksenya\Desktop\hakaton\main\resource\80830d25-e303-4b4f-97d9-7351ffd83cb2\main.py Старт. Выполняемый шаг: Присвоить значение переменной. id: 7qHD^~+B#bUSw)9hi;V5
2026-05-23T10:58:41+0300 INFO: C:\Users\Ksenya\Desktop\hakaton\main\resource\80830d25-e303-4b4f-97d9-7351ffd83cb2\main.py Выполнение. Выполняемый шаг: Присвоить значение переменной. id: 7qHD^~+B#bUSw)9hi;V5
2026-05-23T10:58:41+0300 INFO: C:\Users\Ksenya\Desktop\hakaton\main\resource\80830d25-e303-4b4f-97d9-7351ffd83cb2\main.py Завершение. Выполняемый шаг: Присвоить значение переменной. id: 7qHD^~+B#bUSw)9hi;V5
2026-05-23T10:58:41+0300 INFO: C:\Users\Ksenya\Desktop\hakaton\main\resource\80830d25-e303-4b4f-97d9-7351ffd83cb2\main.py Старт. Выполняемый шаг: Присвоить значение переменной. id: 3oGjmJ`CaVRVz9#qu*_m
2026-05-23T10:58:42+0300 INFO: C:\Users\Ksenya\Desktop\hakaton\main\resource\80830d25-e303-4b4f-97d9-7351ffd83cb2\main.py Выполнение. Выполняемый шаг: Присвоить значение переменной. id: 3oGjmJ`CaVRVz9#qu*_m
2026-05-23T10:58:42+0300 INFO: C:\Users\Ksenya\Desktop\hakaton\main\resource\80830d25-e303-4b4f-97d9-7351ffd83cb2\main.py Завершение. Выполняемый шаг: Присвоить значение переменной. id: 3oGjmJ`CaVRVz9#qu*_m
2026-05-23T10:58:42+0300 INFO: C:\Users\Ksenya\Desktop\hakaton\main\resource\80830d25-e303-4b4f-97d9-7351ffd83cb2\main.py Старт. Выполняемый шаг: Присвоить значение переменной. id: :kF]*7FA#}yI!L)At3D0
2026-05-23T10:58:42+0300 INFO: C:\Users\Ksenya\Desktop\hakaton\main\resource\80830d25-e303-4b4f-97d9-7351ffd83cb2\main.py Выполнение. Выполняемый шаг: Присвоить значение переменной. id: :kF]*7FA#}yI!L)At3D0
2026-05-23T10:58:42+0300 INFO: C:\Users\Ksenya\Desktop\hakaton\main\resource\80830d25-e303-4b4f-97d9-7351ffd83cb2\main.py Завершение. Выполняемый шаг: Присвоить значение переменной. id: :kF]*7FA#}yI!L)At3D0
2026-05-23T10:58:43+0300 INFO: C:\Users\Ksenya\Desktop\hakaton\main\resource\80830d25-e303-4b4f-97d9-7351ffd83cb2\main.py Отправляю запрос в 1С
2026-05-23T10:58:43+0300 INFO: C:\Users\Ksenya\Desktop\hakaton\main\resource\80830d25-e303-4b4f-97d9-7351ffd83cb2\main.py Старт. Выполняемый шаг: Присвоить значение переменной. id: 5Ew%Wt$JK+7d7TXLxId_
2026-05-23T10:58:44+0300 INFO: C:\Users\Ksenya\Desktop\hakaton\main\resource\80830d25-e303-4b4f-97d9-7351ffd83cb2\main.py Выполнение. Выполняемый шаг: Присвоить значение переменной. id: 5Ew%Wt$JK+7d7TXLxId_
2026-05-23T10:58:44+0300 INFO: C:\Users\Ksenya\Desktop\hakaton\main\resource\80830d25-e303-4b4f-97d9-7351ffd83cb2\main.py Старт. Выполняемый шаг: Создать сессию браузера. id: 4#bM-7PYt%bTkrSh8bfZ
2026-05-23T10:58:51+0300 INFO: C:\Users\Ksenya\Desktop\hakaton\main\resource\80830d25-e303-4b4f-97d9-7351ffd83cb2\main.py Завершение. Выполняемый шаг: Создать сессию браузера. id: 4#bM-7PYt%bTkrSh8bfZ
2026-05-23T10:58:51+0300 INFO: C:\Users\Ksenya\Desktop\hakaton\main\resource\80830d25-e303-4b4f-97d9-7351ffd83cb2\main.py Завершение. Выполняемый шаг: Присвоить значение переменной. id: 5Ew%Wt$JK+7d7TXLxId_
2026-05-23T10:58:51+0300 INFO: C:\Users\Ksenya\Desktop\hakaton\main\resource\80830d25-e303-4b4f-97d9-7351ffd83cb2\main.py Старт. Выполняемый шаг: Открыть страницу в браузере. id: _{QT4zD{Fqs69!/:|#zp
2026-05-23T10:58:53+0300 INFO: C:\Users\Ksenya\Desktop\hakaton\main\resource\80830d25-e303-4b4f-97d9-7351ffd83cb2\main.py Выполнение. Выполняемый шаг: Открыть страницу в браузере. id: _{QT4zD{Fqs69!/:|#zp
2026-05-23T10:58:55+0300 INFO: C:\Users\Ksenya\Desktop\hakaton\main\resource\80830d25-e303-4b4f-97d9-7351ffd83cb2\main.py Завершение. Выполняемый шаг: Открыть страницу в браузере. id: _{QT4zD{Fqs69!/:|#zp
2026-05-23T10:58:55+0300 INFO: C:\Users\Ksenya\Desktop\hakaton\main\resource\80830d25-e303-4b4f-97d9-7351ffd83cb2\main.py Старт. Выполняемый шаг: Задержка. id: eytG5JTI[~Em-!%2}bd9
2026-05-23T10:58:58+0300 INFO: C:\Users\Ksenya\Desktop\hakaton\main\resource\80830d25-e303-4b4f-97d9-7351ffd83cb2\main.py Выполнение. Выполняемый шаг: Задержка. id: eytG5JTI[~Em-!%2}bd9
2026-05-23T10:58:58+0300 INFO: C:\Users\Ksenya\Desktop\hakaton\main\resource\80830d25-e303-4b4f-97d9-7351ffd83cb2\main.py Старт. Выполняемый шаг: Преобразовать строку в число. id: M2Op5HFm|7VLqTScp!g4
2026-05-23T10:58:58+0300 INFO: C:\Users\Ksenya\Desktop\hakaton\main\resource\80830d25-e303-4b4f-97d9-7351ffd83cb2\main.py Завершение. Выполняемый шаг: Преобразовать строку в число. id: M2Op5HFm|7VLqTScp!g4
2026-05-23T10:59:03+0300 INFO: C:\Users\Ksenya\Desktop\hakaton\main\resource\80830d25-e303-4b4f-97d9-7351ffd83cb2\main.py Завершение. Выполняемый шаг: Задержка. id: eytG5JTI[~Em-!%2}bd9
2026-05-23T10:59:03+0300 INFO: C:\Users\Ksenya\Desktop\hakaton\main\resource\80830d25-e303-4b4f-97d9-7351ffd83cb2\main.py Старт. Выполняемый шаг: Открыть/переключиться на страницу 1C-веб. id: xR!B}08YsGTbYYOj!6!~
2026-05-23T10:59:05+0300 INFO: C:\Users\Ksenya\Desktop\hakaton\main\resource\80830d25-e303-4b4f-97d9-7351ffd83cb2\main.py Выполнение. Выполняемый шаг: Открыть/переключиться на страницу 1C-веб. id: xR!B}08YsGTbYYOj!6!~
2026-05-23T11:01:56+0300 INFO: Запуск процесса из студии разработки. C:\Users\Ksenya\Desktop\hakaton\main\process\main.json
2026-05-23T11:02:00+0300 INFO: Старт робота: C:\Users\Ksenya\Desktop\hakaton\main\resource\fa34b70b-0d36-4f2b-a8a1-6fd57bc799db\main.py
2026-05-23T11:02:00+0300 INFO: C:\Users\Ksenya\Desktop\hakaton\main\resource\fa34b70b-0d36-4f2b-a8a1-6fd57bc799db\main.py Робот запущен
2026-05-23T11:02:00+0300 INFO: C:\Users\Ksenya\Desktop\hakaton\main\resource\fa34b70b-0d36-4f2b-a8a1-6fd57bc799db\main.py Отправляю запрос в 1С
2026-05-23T11:02:43+0300 ERROR: C:\Users\Ksenya\Desktop\hakaton\main\resource\fa34b70b-0d36-4f2b-a8a1-6fd57bc799db\main.py Ошибка выполнения робота
2026-05-23T11:02:43+0300 INFO: Завершение работы робота: C:\Users\Ksenya\Desktop\hakaton\main\resource\fa34b70b-0d36-4f2b-a8a1-6fd57bc799db\main.py
2026-05-23T11:02:43+0300 INFO: Завершение выполнения процесса. C:\Users\Ksenya\Desktop\hakaton\main\process\main.json
2026-05-23T11:03:39+0300 INFO: Запуск процесса из студии разработки. C:\Users\Ksenya\Desktop\hakaton\main\process\main.json
2026-05-23T11:03:42+0300 INFO: Старт робота: C:\Users\Ksenya\Desktop\hakaton\main\resource\25b42b0d-e1a3-4bb0-8b60-36222522b524\main.py
2026-05-23T11:03:42+0300 INFO: C:\Users\Ksenya\Desktop\hakaton\main\resource\25b42b0d-e1a3-4bb0-8b60-36222522b524\main.py Робот запущен
2026-05-23T11:03:42+0300 INFO: C:\Users\Ksenya\Desktop\hakaton\main\resource\25b42b0d-e1a3-4bb0-8b60-36222522b524\main.py Отправляю запрос в 1С
2026-05-23T11:04:25+0300 ERROR: C:\Users\Ksenya\Desktop\hakaton\main\resource\25b42b0d-e1a3-4bb0-8b60-36222522b524\main.py Ошибка выполнения робота
2026-05-23T11:04:25+0300 INFO: Завершение работы робота: C:\Users\Ksenya\Desktop\hakaton\main\resource\25b42b0d-e1a3-4bb0-8b60-36222522b524\main.py
2026-05-23T11:04:26+0300 INFO: Завершение выполнения процесса. C:\Users\Ksenya\Desktop\hakaton\main\process\main.json
2026-05-23T11:05:18+0300 INFO: Запуск процесса из студии разработки. C:\Users\Ksenya\Desktop\hakaton\main\process\main.json
2026-05-23T11:05:22+0300 INFO: Старт робота: C:\Users\Ksenya\Desktop\hakaton\main\resource\de250d4d-1559-4c1c-aa9b-e36b9677a9e7\main.py
2026-05-23T11:05:22+0300 INFO: C:\Users\Ksenya\Desktop\hakaton\main\resource\de250d4d-1559-4c1c-aa9b-e36b9677a9e7\main.py Робот запущен
2026-05-23T11:05:22+0300 INFO: C:\Users\Ksenya\Desktop\hakaton\main\resource\de250d4d-1559-4c1c-aa9b-e36b9677a9e7\main.py Отправляю запрос в 1С
2026-05-23T11:05:33+0300 ERROR: C:\Users\Ksenya\Desktop\hakaton\main\resource\de250d4d-1559-4c1c-aa9b-e36b9677a9e7\main.py Ошибка выполнения робота
2026-05-23T11:05:33+0300 INFO: Завершение работы робота: C:\Users\Ksenya\Desktop\hakaton\main\resource\de250d4d-1559-4c1c-aa9b-e36b9677a9e7\main.py
2026-05-23T11:05:33+0300 INFO: Завершение выполнения процесса. C:\Users\Ksenya\Desktop\hakaton\main\process\main.json
2026-05-23T11:05:43+0300 INFO: Запуск процесса из студии разработки. C:\Users\Ksenya\Desktop\hakaton\main\process\main.json
2026-05-23T11:05:46+0300 INFO: Завершение выполнения процесса. C:\Users\Ksenya\Desktop\hakaton\main\process\main.json
2026-05-23T11:05:54+0300 INFO: Старт робота: C:\Users\Ksenya\Desktop\hakaton\main\resource\ee679138-c32c-46f4-be12-fbcb9c107cdf\main.py
2026-05-23T11:05:54+0300 INFO: C:\Users\Ksenya\Desktop\hakaton\main\resource\ee679138-c32c-46f4-be12-fbcb9c107cdf\main.py Старт. Выполняемый шаг: Обработка ошибки. id: E(ohZ?TiZWX5;}Gqu-r,
2026-05-23T11:05:54+0300 INFO: C:\Users\Ksenya\Desktop\hakaton\main\resource\ee679138-c32c-46f4-be12-fbcb9c107cdf\main.py Выполнение. Выполняемый шаг: Обработка ошибки. id: E(ohZ?TiZWX5;}Gqu-r,
2026-05-23T11:05:54+0300 INFO: C:\Users\Ksenya\Desktop\hakaton\main\resource\ee679138-c32c-46f4-be12-fbcb9c107cdf\main.py Робот запущен
2026-05-23T11:05:54+0300 INFO: C:\Users\Ksenya\Desktop\hakaton\main\resource\ee679138-c32c-46f4-be12-fbcb9c107cdf\main.py Старт. Выполняемый шаг: Присвоить значение переменной. id: uT8K_dR,wNXk4m?dkCsM
2026-05-23T11:05:56+0300 INFO: C:\Users\Ksenya\Desktop\hakaton\main\resource\ee679138-c32c-46f4-be12-fbcb9c107cdf\main.py Выполнение. Выполняемый шаг: Присвоить значение переменной. id: uT8K_dR,wNXk4m?dkCsM
2026-05-23T11:05:56+0300 INFO: C:\Users\Ksenya\Desktop\hakaton\main\resource\ee679138-c32c-46f4-be12-fbcb9c107cdf\main.py Завершение. Выполняемый шаг: Присвоить значение переменной. id: uT8K_dR,wNXk4m?dkCsM
2026-05-23T11:05:56+0300 INFO: C:\Users\Ksenya\Desktop\hakaton\main\resource\ee679138-c32c-46f4-be12-fbcb9c107cdf\main.py Старт. Выполняемый шаг: Присвоить значение переменной. id: :MAZ.Rz62:ZsFDl7vQQJ
2026-05-23T11:05:56+0300 INFO: C:\Users\Ksenya\Desktop\hakaton\main\resource\ee679138-c32c-46f4-be12-fbcb9c107cdf\main.py Выполнение. Выполняемый шаг: Присвоить значение переменной. id: :MAZ.Rz62:ZsFDl7vQQJ
2026-05-23T11:05:56+0300 INFO: C:\Users\Ksenya\Desktop\hakaton\main\resource\ee679138-c32c-46f4-be12-fbcb9c107cdf\main.py Завершение. Выполняемый шаг: Присвоить значение переменной. id: :MAZ.Rz62:ZsFDl7vQQJ
2026-05-23T11:05:56+0300 INFO: C:\Users\Ksenya\Desktop\hakaton\main\resource\ee679138-c32c-46f4-be12-fbcb9c107cdf\main.py Старт. Выполняемый шаг: Присвоить значение переменной. id: WBqw15|Z#}dx_{yM[UJS
2026-05-23T11:05:56+0300 INFO: C:\Users\Ksenya\Desktop\hakaton\main\resource\ee679138-c32c-46f4-be12-fbcb9c107cdf\main.py Выполнение. Выполняемый шаг: Присвоить значение переменной. id: WBqw15|Z#}dx_{yM[UJS
2026-05-23T11:05:56+0300 INFO: C:\Users\Ksenya\Desktop\hakaton\main\resource\ee679138-c32c-46f4-be12-fbcb9c107cdf\main.py Завершение. Выполняемый шаг: Присвоить значение переменной. id: WBqw15|Z#}dx_{yM[UJS
2026-05-23T11:05:56+0300 INFO: C:\Users\Ksenya\Desktop\hakaton\main\resource\ee679138-c32c-46f4-be12-fbcb9c107cdf\main.py Старт. Выполняемый шаг: Присвоить значение переменной. id: ZD}VS]B8yU%7IR$_1:gx
2026-05-23T11:05:57+0300 INFO: C:\Users\Ksenya\Desktop\hakaton\main\resource\ee679138-c32c-46f4-be12-fbcb9c107cdf\main.py Выполнение. Выполняемый шаг: Присвоить значение переменной. id: ZD}VS]B8yU%7IR$_1:gx
2026-05-23T11:05:57+0300 INFO: C:\Users\Ksenya\Desktop\hakaton\main\resource\ee679138-c32c-46f4-be12-fbcb9c107cdf\main.py Старт. Выполняемый шаг: Прочитать файл. id: h-7qLFMP}Ex#VZ)Ao@jd
2026-05-23T11:05:57+0300 INFO: C:\Users\Ksenya\Desktop\hakaton\main\resource\ee679138-c32c-46f4-be12-fbcb9c107cdf\main.py Завершение. Выполняемый шаг: Прочитать файл. id: h-7qLFMP}Ex#VZ)Ao@jd
2026-05-23T11:05:57+0300 INFO: C:\Users\Ksenya\Desktop\hakaton\main\resource\ee679138-c32c-46f4-be12-fbcb9c107cdf\main.py Завершение. Выполняемый шаг: Присвоить значение переменной. id: ZD}VS]B8yU%7IR$_1:gx
2026-05-23T11:05:57+0300 INFO: C:\Users\Ksenya\Desktop\hakaton\main\resource\ee679138-c32c-46f4-be12-fbcb9c107cdf\main.py Старт. Выполняемый шаг: Присвоить значение переменной. id: ^0R|78#C*6Lo31|B;%K9
2026-05-23T11:05:57+0300 INFO: C:\Users\Ksenya\Desktop\hakaton\main\resource\ee679138-c32c-46f4-be12-fbcb9c107cdf\main.py Выполнение. Выполняемый шаг: Присвоить значение переменной. id: ^0R|78#C*6Lo31|B;%K9
2026-05-23T11:05:57+0300 INFO: C:\Users\Ksenya\Desktop\hakaton\main\resource\ee679138-c32c-46f4-be12-fbcb9c107cdf\main.py Завершение. Выполняемый шаг: Присвоить значение переменной. id: ^0R|78#C*6Lo31|B;%K9
2026-05-23T11:05:57+0300 INFO: C:\Users\Ksenya\Desktop\hakaton\main\resource\ee679138-c32c-46f4-be12-fbcb9c107cdf\main.py Старт. Выполняемый шаг: Присвоить значение переменной. id: p$O:QoI+|4ux$8{ysFr:
2026-05-23T11:05:57+0300 INFO: C:\Users\Ksenya\Desktop\hakaton\main\resource\ee679138-c32c-46f4-be12-fbcb9c107cdf\main.py Выполнение. Выполняемый шаг: Присвоить значение переменной. id: p$O:QoI+|4ux$8{ysFr:
2026-05-23T11:05:57+0300 INFO: C:\Users\Ksenya\Desktop\hakaton\main\resource\ee679138-c32c-46f4-be12-fbcb9c107cdf\main.py Завершение. Выполняемый шаг: Присвоить значение переменной. id: p$O:QoI+|4ux$8{ysFr:
2026-05-23T11:05:57+0300 INFO: C:\Users\Ksenya\Desktop\hakaton\main\resource\ee679138-c32c-46f4-be12-fbcb9c107cdf\main.py Старт. Выполняемый шаг: Присвоить значение переменной. id: ]Nwow_`34-zY1snYsMa=
2026-05-23T11:05:58+0300 INFO: C:\Users\Ksenya\Desktop\hakaton\main\resource\ee679138-c32c-46f4-be12-fbcb9c107cdf\main.py Выполнение. Выполняемый шаг: Присвоить значение переменной. id: ]Nwow_`34-zY1snYsMa=
2026-05-23T11:05:58+0300 INFO: C:\Users\Ksenya\Desktop\hakaton\main\resource\ee679138-c32c-46f4-be12-fbcb9c107cdf\main.py Завершение. Выполняемый шаг: Присвоить значение переменной. id: ]Nwow_`34-zY1snYsMa=
2026-05-23T11:05:58+0300 INFO: C:\Users\Ksenya\Desktop\hakaton\main\resource\ee679138-c32c-46f4-be12-fbcb9c107cdf\main.py Старт. Выполняемый шаг: Присвоить значение переменной. id: 7qHD^~+B#bUSw)9hi;V5
2026-05-23T11:05:58+0300 INFO: C:\Users\Ksenya\Desktop\hakaton\main\resource\ee679138-c32c-46f4-be12-fbcb9c107cdf\main.py Выполнение. Выполняемый шаг: Присвоить значение переменной. id: 7qHD^~+B#bUSw)9hi;V5
2026-05-23T11:05:58+0300 INFO: C:\Users\Ksenya\Desktop\hakaton\main\resource\ee679138-c32c-46f4-be12-fbcb9c107cdf\main.py Завершение. Выполняемый шаг: Присвоить значение переменной. id: 7qHD^~+B#bUSw)9hi;V5
2026-05-23T11:05:58+0300 INFO: C:\Users\Ksenya\Desktop\hakaton\main\resource\ee679138-c32c-46f4-be12-fbcb9c107cdf\main.py Старт. Выполняемый шаг: Присвоить значение переменной. id: 3oGjmJ`CaVRVz9#qu*_m
2026-05-23T11:05:58+0300 INFO: C:\Users\Ksenya\Desktop\hakaton\main\resource\ee679138-c32c-46f4-be12-fbcb9c107cdf\main.py Выполнение. Выполняемый шаг: Присвоить значение переменной. id: 3oGjmJ`CaVRVz9#qu*_m
2026-05-23T11:05:58+0300 INFO: C:\Users\Ksenya\Desktop\hakaton\main\resource\ee679138-c32c-46f4-be12-fbcb9c107cdf\main.py Завершение. Выполняемый шаг: Присвоить значение переменной. id: 3oGjmJ`CaVRVz9#qu*_m
2026-05-23T11:05:58+0300 INFO: C:\Users\Ksenya\Desktop\hakaton\main\resource\ee679138-c32c-46f4-be12-fbcb9c107cdf\main.py Старт. Выполняемый шаг: Присвоить значение переменной. id: :kF]*7FA#}yI!L)At3D0
2026-05-23T11:05:59+0300 INFO: C:\Users\Ksenya\Desktop\hakaton\main\resource\ee679138-c32c-46f4-be12-fbcb9c107cdf\main.py Выполнение. Выполняемый шаг: Присвоить значение переменной. id: :kF]*7FA#}yI!L)At3D0
2026-05-23T11:05:59+0300 INFO: C:\Users\Ksenya\Desktop\hakaton\main\resource\ee679138-c32c-46f4-be12-fbcb9c107cdf\main.py Завершение. Выполняемый шаг: Присвоить значение переменной. id: :kF]*7FA#}yI!L)At3D0
2026-05-23T11:05:59+0300 INFO: C:\Users\Ksenya\Desktop\hakaton\main\resource\ee679138-c32c-46f4-be12-fbcb9c107cdf\main.py Отправляю запрос в 1С
2026-05-23T11:05:59+0300 INFO: C:\Users\Ksenya\Desktop\hakaton\main\resource\ee679138-c32c-46f4-be12-fbcb9c107cdf\main.py Старт. Выполняемый шаг: Присвоить значение переменной. id: 5Ew%Wt$JK+7d7TXLxId_
2026-05-23T11:05:59+0300 INFO: C:\Users\Ksenya\Desktop\hakaton\main\resource\ee679138-c32c-46f4-be12-fbcb9c107cdf\main.py Выполнение. Выполняемый шаг: Присвоить значение переменной. id: 5Ew%Wt$JK+7d7TXLxId_
2026-05-23T11:05:59+0300 INFO: C:\Users\Ksenya\Desktop\hakaton\main\resource\ee679138-c32c-46f4-be12-fbcb9c107cdf\main.py Старт. Выполняемый шаг: Создать сессию браузера. id: 4#bM-7PYt%bTkrSh8bfZ
2026-05-23T11:06:06+0300 INFO: C:\Users\Ksenya\Desktop\hakaton\main\resource\ee679138-c32c-46f4-be12-fbcb9c107cdf\main.py Завершение. Выполняемый шаг: Создать сессию браузера. id: 4#bM-7PYt%bTkrSh8bfZ
2026-05-23T11:06:06+0300 INFO: C:\Users\Ksenya\Desktop\hakaton\main\resource\ee679138-c32c-46f4-be12-fbcb9c107cdf\main.py Завершение. Выполняемый шаг: Присвоить значение переменной. id: 5Ew%Wt$JK+7d7TXLxId_
2026-05-23T11:06:06+0300 INFO: C:\Users\Ksenya\Desktop\hakaton\main\resource\ee679138-c32c-46f4-be12-fbcb9c107cdf\main.py Старт. Выполняемый шаг: Открыть страницу в браузере. id: _{QT4zD{Fqs69!/:|#zp
2026-05-23T11:06:08+0300 INFO: C:\Users\Ksenya\Desktop\hakaton\main\resource\ee679138-c32c-46f4-be12-fbcb9c107cdf\main.py Выполнение. Выполняемый шаг: Открыть страницу в браузере. id: _{QT4zD{Fqs69!/:|#zp
2026-05-23T11:06:10+0300 INFO: C:\Users\Ksenya\Desktop\hakaton\main\resource\ee679138-c32c-46f4-be12-fbcb9c107cdf\main.py Завершение. Выполняемый шаг: Открыть страницу в браузере. id: _{QT4zD{Fqs69!/:|#zp
2026-05-23T11:06:10+0300 INFO: C:\Users\Ksenya\Desktop\hakaton\main\resource\ee679138-c32c-46f4-be12-fbcb9c107cdf\main.py Старт. Выполняемый шаг: Ввод в 1C-веб. id: Er~i3LQ$w^,Q,GJ4F%oW
2026-05-23T11:06:14+0300 INFO: C:\Users\Ksenya\Desktop\hakaton\main\resource\ee679138-c32c-46f4-be12-fbcb9c107cdf\main.py Выполнение. Выполняемый шаг: Ввод в 1C-веб. id: Er~i3LQ$w^,Q,GJ4F%oW
2026-05-23T11:06:59+0300 INFO: Старт робота: C:\Users\Ksenya\Desktop\hakaton\main\resource\1e3481c3-af06-43b7-bdf7-8c3fc693d66b\main.py
2026-05-23T11:06:59+0300 INFO: C:\Users\Ksenya\Desktop\hakaton\main\resource\1e3481c3-af06-43b7-bdf7-8c3fc693d66b\main.py Старт. Выполняемый шаг: Обработка ошибки. id: E(ohZ?TiZWX5;}Gqu-r,
2026-05-23T11:06:59+0300 INFO: C:\Users\Ksenya\Desktop\hakaton\main\resource\1e3481c3-af06-43b7-bdf7-8c3fc693d66b\main.py Выполнение. Выполняемый шаг: Обработка ошибки. id: E(ohZ?TiZWX5;}Gqu-r,
2026-05-23T11:06:59+0300 INFO: C:\Users\Ksenya\Desktop\hakaton\main\resource\1e3481c3-af06-43b7-bdf7-8c3fc693d66b\main.py Робот запущен
2026-05-23T11:06:59+0300 INFO: C:\Users\Ksenya\Desktop\hakaton\main\resource\1e3481c3-af06-43b7-bdf7-8c3fc693d66b\main.py Старт. Выполняемый шаг: Присвоить значение переменной. id: uT8K_dR,wNXk4m?dkCsM
2026-05-23T11:07:01+0300 INFO: C:\Users\Ksenya\Desktop\hakaton\main\resource\1e3481c3-af06-43b7-bdf7-8c3fc693d66b\main.py Выполнение. Выполняемый шаг: Присвоить значение переменной. id: uT8K_dR,wNXk4m?dkCsM
2026-05-23T11:07:01+0300 INFO: C:\Users\Ksenya\Desktop\hakaton\main\resource\1e3481c3-af06-43b7-bdf7-8c3fc693d66b\main.py Завершение. Выполняемый шаг: Присвоить значение переменной. id: uT8K_dR,wNXk4m?dkCsM
2026-05-23T11:07:01+0300 INFO: C:\Users\Ksenya\Desktop\hakaton\main\resource\1e3481c3-af06-43b7-bdf7-8c3fc693d66b\main.py Старт. Выполняемый шаг: Присвоить значение переменной. id: :MAZ.Rz62:ZsFDl7vQQJ
2026-05-23T11:07:01+0300 INFO: C:\Users\Ksenya\Desktop\hakaton\main\resource\1e3481c3-af06-43b7-bdf7-8c3fc693d66b\main.py Выполнение. Выполняемый шаг: Присвоить значение переменной. id: :MAZ.Rz62:ZsFDl7vQQJ
2026-05-23T11:07:01+0300 INFO: C:\Users\Ksenya\Desktop\hakaton\main\resource\1e3481c3-af06-43b7-bdf7-8c3fc693d66b\main.py Завершение. Выполняемый шаг: Присвоить значение переменной. id: :MAZ.Rz62:ZsFDl7vQQJ
2026-05-23T11:07:01+0300 INFO: C:\Users\Ksenya\Desktop\hakaton\main\resource\1e3481c3-af06-43b7-bdf7-8c3fc693d66b\main.py Старт. Выполняемый шаг: Присвоить значение переменной. id: WBqw15|Z#}dx_{yM[UJS
2026-05-23T11:07:01+0300 INFO: C:\Users\Ksenya\Desktop\hakaton\main\resource\1e3481c3-af06-43b7-bdf7-8c3fc693d66b\main.py Выполнение. Выполняемый шаг: Присвоить значение переменной. id: WBqw15|Z#}dx_{yM[UJS
2026-05-23T11:07:01+0300 INFO: C:\Users\Ksenya\Desktop\hakaton\main\resource\1e3481c3-af06-43b7-bdf7-8c3fc693d66b\main.py Завершение. Выполняемый шаг: Присвоить значение переменной. id: WBqw15|Z#}dx_{yM[UJS
2026-05-23T11:07:01+0300 INFO: C:\Users\Ksenya\Desktop\hakaton\main\resource\1e3481c3-af06-43b7-bdf7-8c3fc693d66b\main.py Старт. Выполняемый шаг: Присвоить значение переменной. id: ZD}VS]B8yU%7IR$_1:gx
2026-05-23T11:07:02+0300 INFO: C:\Users\Ksenya\Desktop\hakaton\main\resource\1e3481c3-af06-43b7-bdf7-8c3fc693d66b\main.py Выполнение. Выполняемый шаг: Присвоить значение переменной. id: ZD}VS]B8yU%7IR$_1:gx
2026-05-23T11:07:02+0300 INFO: C:\Users\Ksenya\Desktop\hakaton\main\resource\1e3481c3-af06-43b7-bdf7-8c3fc693d66b\main.py Старт. Выполняемый шаг: Прочитать файл. id: h-7qLFMP}Ex#VZ)Ao@jd
2026-05-23T11:07:02+0300 INFO: C:\Users\Ksenya\Desktop\hakaton\main\resource\1e3481c3-af06-43b7-bdf7-8c3fc693d66b\main.py Завершение. Выполняемый шаг: Прочитать файл. id: h-7qLFMP}Ex#VZ)Ao@jd
2026-05-23T11:07:02+0300 INFO: C:\Users\Ksenya\Desktop\hakaton\main\resource\1e3481c3-af06-43b7-bdf7-8c3fc693d66b\main.py Завершение. Выполняемый шаг: Присвоить значение переменной. id: ZD}VS]B8yU%7IR$_1:gx
2026-05-23T11:07:02+0300 INFO: C:\Users\Ksenya\Desktop\hakaton\main\resource\1e3481c3-af06-43b7-bdf7-8c3fc693d66b\main.py Старт. Выполняемый шаг: Присвоить значение переменной. id: ^0R|78#C*6Lo31|B;%K9
2026-05-23T11:07:03+0300 INFO: C:\Users\Ksenya\Desktop\hakaton\main\resource\1e3481c3-af06-43b7-bdf7-8c3fc693d66b\main.py Выполнение. Выполняемый шаг: Присвоить значение переменной. id: ^0R|78#C*6Lo31|B;%K9
2026-05-23T11:07:03+0300 INFO: C:\Users\Ksenya\Desktop\hakaton\main\resource\1e3481c3-af06-43b7-bdf7-8c3fc693d66b\main.py Завершение. Выполняемый шаг: Присвоить значение переменной. id: ^0R|78#C*6Lo31|B;%K9
2026-05-23T11:07:03+0300 INFO: C:\Users\Ksenya\Desktop\hakaton\main\resource\1e3481c3-af06-43b7-bdf7-8c3fc693d66b\main.py Старт. Выполняемый шаг: Присвоить значение переменной. id: p$O:QoI+|4ux$8{ysFr:
2026-05-23T11:07:03+0300 INFO: C:\Users\Ksenya\Desktop\hakaton\main\resource\1e3481c3-af06-43b7-bdf7-8c3fc693d66b\main.py Выполнение. Выполняемый шаг: Присвоить значение переменной. id: p$O:QoI+|4ux$8{ysFr:
2026-05-23T11:07:03+0300 INFO: C:\Users\Ksenya\Desktop\hakaton\main\resource\1e3481c3-af06-43b7-bdf7-8c3fc693d66b\main.py Завершение. Выполняемый шаг: Присвоить значение переменной. id: p$O:QoI+|4ux$8{ysFr:
2026-05-23T11:07:03+0300 INFO: C:\Users\Ksenya\Desktop\hakaton\main\resource\1e3481c3-af06-43b7-bdf7-8c3fc693d66b\main.py Старт. Выполняемый шаг: Присвоить значение переменной. id: ]Nwow_`34-zY1snYsMa=
2026-05-23T11:07:04+0300 INFO: C:\Users\Ksenya\Desktop\hakaton\main\resource\1e3481c3-af06-43b7-bdf7-8c3fc693d66b\main.py Выполнение. Выполняемый шаг: Присвоить значение переменной. id: ]Nwow_`34-zY1snYsMa=
2026-05-23T11:07:04+0300 INFO: C:\Users\Ksenya\Desktop\hakaton\main\resource\1e3481c3-af06-43b7-bdf7-8c3fc693d66b\main.py Завершение. Выполняемый шаг: Присвоить значение переменной. id: ]Nwow_`34-zY1snYsMa=
2026-05-23T11:07:04+0300 INFO: C:\Users\Ksenya\Desktop\hakaton\main\resource\1e3481c3-af06-43b7-bdf7-8c3fc693d66b\main.py Старт. Выполняемый шаг: Присвоить значение переменной. id: 7qHD^~+B#bUSw)9hi;V5
2026-05-23T11:07:05+0300 INFO: C:\Users\Ksenya\Desktop\hakaton\main\resource\1e3481c3-af06-43b7-bdf7-8c3fc693d66b\main.py Выполнение. Выполняемый шаг: Присвоить значение переменной. id: 7qHD^~+B#bUSw)9hi;V5
2026-05-23T11:07:05+0300 INFO: C:\Users\Ksenya\Desktop\hakaton\main\resource\1e3481c3-af06-43b7-bdf7-8c3fc693d66b\main.py Завершение. Выполняемый шаг: Присвоить значение переменной. id: 7qHD^~+B#bUSw)9hi;V5
2026-05-23T11:07:05+0300 INFO: C:\Users\Ksenya\Desktop\hakaton\main\resource\1e3481c3-af06-43b7-bdf7-8c3fc693d66b\main.py Старт. Выполняемый шаг: Присвоить значение переменной. id: 3oGjmJ`CaVRVz9#qu*_m
2026-05-23T11:07:05+0300 INFO: C:\Users\Ksenya\Desktop\hakaton\main\resource\1e3481c3-af06-43b7-bdf7-8c3fc693d66b\main.py Выполнение. Выполняемый шаг: Присвоить значение переменной. id: 3oGjmJ`CaVRVz9#qu*_m
2026-05-23T11:07:05+0300 INFO: C:\Users\Ksenya\Desktop\hakaton\main\resource\1e3481c3-af06-43b7-bdf7-8c3fc693d66b\main.py Завершение. Выполняемый шаг: Присвоить значение переменной. id: 3oGjmJ`CaVRVz9#qu*_m
2026-05-23T11:07:05+0300 INFO: C:\Users\Ksenya\Desktop\hakaton\main\resource\1e3481c3-af06-43b7-bdf7-8c3fc693d66b\main.py Старт. Выполняемый шаг: Присвоить значение переменной. id: :kF]*7FA#}yI!L)At3D0
2026-05-23T11:07:06+0300 INFO: C:\Users\Ksenya\Desktop\hakaton\main\resource\1e3481c3-af06-43b7-bdf7-8c3fc693d66b\main.py Выполнение. Выполняемый шаг: Присвоить значение переменной. id: :kF]*7FA#}yI!L)At3D0
2026-05-23T11:07:06+0300 INFO: C:\Users\Ksenya\Desktop\hakaton\main\resource\1e3481c3-af06-43b7-bdf7-8c3fc693d66b\main.py Завершение. Выполняемый шаг: Присвоить значение переменной. id: :kF]*7FA#}yI!L)At3D0
2026-05-23T11:07:07+0300 INFO: C:\Users\Ksenya\Desktop\hakaton\main\resource\1e3481c3-af06-43b7-bdf7-8c3fc693d66b\main.py Отправляю запрос в 1С
2026-05-23T11:07:07+0300 INFO: C:\Users\Ksenya\Desktop\hakaton\main\resource\1e3481c3-af06-43b7-bdf7-8c3fc693d66b\main.py Старт. Выполняемый шаг: Присвоить значение переменной. id: 5Ew%Wt$JK+7d7TXLxId_
2026-05-23T11:07:07+0300 INFO: C:\Users\Ksenya\Desktop\hakaton\main\resource\1e3481c3-af06-43b7-bdf7-8c3fc693d66b\main.py Выполнение. Выполняемый шаг: Присвоить значение переменной. id: 5Ew%Wt$JK+7d7TXLxId_
2026-05-23T11:07:07+0300 INFO: C:\Users\Ksenya\Desktop\hakaton\main\resource\1e3481c3-af06-43b7-bdf7-8c3fc693d66b\main.py Старт. Выполняемый шаг: Создать сессию браузера. id: 4#bM-7PYt%bTkrSh8bfZ
2026-05-23T11:07:13+0300 INFO: C:\Users\Ksenya\Desktop\hakaton\main\resource\1e3481c3-af06-43b7-bdf7-8c3fc693d66b\main.py Завершение. Выполняемый шаг: Создать сессию браузера. id: 4#bM-7PYt%bTkrSh8bfZ
2026-05-23T11:07:13+0300 INFO: C:\Users\Ksenya\Desktop\hakaton\main\resource\1e3481c3-af06-43b7-bdf7-8c3fc693d66b\main.py Завершение. Выполняемый шаг: Присвоить значение переменной. id: 5Ew%Wt$JK+7d7TXLxId_
2026-05-23T11:07:13+0300 INFO: C:\Users\Ksenya\Desktop\hakaton\main\resource\1e3481c3-af06-43b7-bdf7-8c3fc693d66b\main.py Старт. Выполняемый шаг: Открыть страницу в браузере. id: _{QT4zD{Fqs69!/:|#zp
2026-05-23T11:07:15+0300 INFO: C:\Users\Ksenya\Desktop\hakaton\main\resource\1e3481c3-af06-43b7-bdf7-8c3fc693d66b\main.py Выполнение. Выполняемый шаг: Открыть страницу в браузере. id: _{QT4zD{Fqs69!/:|#zp
2026-05-23T11:07:18+0300 INFO: C:\Users\Ksenya\Desktop\hakaton\main\resource\1e3481c3-af06-43b7-bdf7-8c3fc693d66b\main.py Завершение. Выполняемый шаг: Открыть страницу в браузере. id: _{QT4zD{Fqs69!/:|#zp
2026-05-23T11:07:18+0300 INFO: C:\Users\Ksenya\Desktop\hakaton\main\resource\1e3481c3-af06-43b7-bdf7-8c3fc693d66b\main.py Старт. Выполняемый шаг: Ввод в 1C-веб. id: Er~i3LQ$w^,Q,GJ4F%oW
2026-05-23T11:07:21+0300 INFO: C:\Users\Ksenya\Desktop\hakaton\main\resource\1e3481c3-af06-43b7-bdf7-8c3fc693d66b\main.py Выполнение. Выполняемый шаг: Ввод в 1C-веб. id: Er~i3LQ$w^,Q,GJ4F%oW
2026-05-23T11:08:41+0300 INFO: Старт робота: C:\Users\Ksenya\Desktop\hakaton\main\resource\4b6fe605-a27e-4b8b-bdc0-30e21586ab00\main.py
2026-05-23T11:08:41+0300 INFO: C:\Users\Ksenya\Desktop\hakaton\main\resource\4b6fe605-a27e-4b8b-bdc0-30e21586ab00\main.py Старт. Выполняемый шаг: Обработка ошибки. id: E(ohZ?TiZWX5;}Gqu-r,
2026-05-23T11:08:41+0300 INFO: C:\Users\Ksenya\Desktop\hakaton\main\resource\4b6fe605-a27e-4b8b-bdc0-30e21586ab00\main.py Выполнение. Выполняемый шаг: Обработка ошибки. id: E(ohZ?TiZWX5;}Gqu-r,
2026-05-23T11:08:41+0300 INFO: C:\Users\Ksenya\Desktop\hakaton\main\resource\4b6fe605-a27e-4b8b-bdc0-30e21586ab00\main.py Робот запущен
2026-05-23T11:08:41+0300 INFO: C:\Users\Ksenya\Desktop\hakaton\main\resource\4b6fe605-a27e-4b8b-bdc0-30e21586ab00\main.py Старт. Выполняемый шаг: Присвоить значение переменной. id: uT8K_dR,wNXk4m?dkCsM
2026-05-23T11:08:43+0300 INFO: C:\Users\Ksenya\Desktop\hakaton\main\resource\4b6fe605-a27e-4b8b-bdc0-30e21586ab00\main.py Выполнение. Выполняемый шаг: Присвоить значение переменной. id: uT8K_dR,wNXk4m?dkCsM
2026-05-23T11:08:43+0300 INFO: C:\Users\Ksenya\Desktop\hakaton\main\resource\4b6fe605-a27e-4b8b-bdc0-30e21586ab00\main.py Завершение. Выполняемый шаг: Присвоить значение переменной. id: uT8K_dR,wNXk4m?dkCsM
2026-05-23T11:08:43+0300 INFO: C:\Users\Ksenya\Desktop\hakaton\main\resource\4b6fe605-a27e-4b8b-bdc0-30e21586ab00\main.py Старт. Выполняемый шаг: Присвоить значение переменной. id: :MAZ.Rz62:ZsFDl7vQQJ
2026-05-23T11:08:43+0300 INFO: C:\Users\Ksenya\Desktop\hakaton\main\resource\4b6fe605-a27e-4b8b-bdc0-30e21586ab00\main.py Выполнение. Выполняемый шаг: Присвоить значение переменной. id: :MAZ.Rz62:ZsFDl7vQQJ
2026-05-23T11:08:43+0300 INFO: C:\Users\Ksenya\Desktop\hakaton\main\resource\4b6fe605-a27e-4b8b-bdc0-30e21586ab00\main.py Завершение. Выполняемый шаг: Присвоить значение переменной. id: :MAZ.Rz62:ZsFDl7vQQJ
2026-05-23T11:08:43+0300 INFO: C:\Users\Ksenya\Desktop\hakaton\main\resource\4b6fe605-a27e-4b8b-bdc0-30e21586ab00\main.py Старт. Выполняемый шаг: Присвоить значение переменной. id: WBqw15|Z#}dx_{yM[UJS
2026-05-23T11:08:43+0300 INFO: C:\Users\Ksenya\Desktop\hakaton\main\resource\4b6fe605-a27e-4b8b-bdc0-30e21586ab00\main.py Выполнение. Выполняемый шаг: Присвоить значение переменной. id: WBqw15|Z#}dx_{yM[UJS
2026-05-23T11:08:43+0300 INFO: C:\Users\Ksenya\Desktop\hakaton\main\resource\4b6fe605-a27e-4b8b-bdc0-30e21586ab00\main.py Завершение. Выполняемый шаг: Присвоить значение переменной. id: WBqw15|Z#}dx_{yM[UJS
2026-05-23T11:08:43+0300 INFO: C:\Users\Ksenya\Desktop\hakaton\main\resource\4b6fe605-a27e-4b8b-bdc0-30e21586ab00\main.py Старт. Выполняемый шаг: Присвоить значение переменной. id: ZD}VS]B8yU%7IR$_1:gx
2026-05-23T11:08:43+0300 INFO: C:\Users\Ksenya\Desktop\hakaton\main\resource\4b6fe605-a27e-4b8b-bdc0-30e21586ab00\main.py Выполнение. Выполняемый шаг: Присвоить значение переменной. id: ZD}VS]B8yU%7IR$_1:gx
2026-05-23T11:08:43+0300 INFO: C:\Users\Ksenya\Desktop\hakaton\main\resource\4b6fe605-a27e-4b8b-bdc0-30e21586ab00\main.py Старт. Выполняемый шаг: Прочитать файл. id: h-7qLFMP}Ex#VZ)Ao@jd
2026-05-23T11:08:43+0300 INFO: C:\Users\Ksenya\Desktop\hakaton\main\resource\4b6fe605-a27e-4b8b-bdc0-30e21586ab00\main.py Завершение. Выполняемый шаг: Прочитать файл. id: h-7qLFMP}Ex#VZ)Ao@jd
2026-05-23T11:08:43+0300 INFO: C:\Users\Ksenya\Desktop\hakaton\main\resource\4b6fe605-a27e-4b8b-bdc0-30e21586ab00\main.py Завершение. Выполняемый шаг: Присвоить значение переменной. id: ZD}VS]B8yU%7IR$_1:gx
2026-05-23T11:08:43+0300 INFO: C:\Users\Ksenya\Desktop\hakaton\main\resource\4b6fe605-a27e-4b8b-bdc0-30e21586ab00\main.py Старт. Выполняемый шаг: Присвоить значение переменной. id: ^0R|78#C*6Lo31|B;%K9
2026-05-23T11:08:43+0300 INFO: C:\Users\Ksenya\Desktop\hakaton\main\resource\4b6fe605-a27e-4b8b-bdc0-30e21586ab00\main.py Выполнение. Выполняемый шаг: Присвоить значение переменной. id: ^0R|78#C*6Lo31|B;%K9
2026-05-23T11:08:43+0300 INFO: C:\Users\Ksenya\Desktop\hakaton\main\resource\4b6fe605-a27e-4b8b-bdc0-30e21586ab00\main.py Завершение. Выполняемый шаг: Присвоить значение переменной. id: ^0R|78#C*6Lo31|B;%K9
2026-05-23T11:08:43+0300 INFO: C:\Users\Ksenya\Desktop\hakaton\main\resource\4b6fe605-a27e-4b8b-bdc0-30e21586ab00\main.py Старт. Выполняемый шаг: Присвоить значение переменной. id: p$O:QoI+|4ux$8{ysFr:
2026-05-23T11:08:44+0300 INFO: C:\Users\Ksenya\Desktop\hakaton\main\resource\4b6fe605-a27e-4b8b-bdc0-30e21586ab00\main.py Выполнение. Выполняемый шаг: Присвоить значение переменной. id: p$O:QoI+|4ux$8{ysFr:
2026-05-23T11:08:44+0300 INFO: C:\Users\Ksenya\Desktop\hakaton\main\resource\4b6fe605-a27e-4b8b-bdc0-30e21586ab00\main.py Завершение. Выполняемый шаг: Присвоить значение переменной. id: p$O:QoI+|4ux$8{ysFr:
2026-05-23T11:08:44+0300 INFO: C:\Users\Ksenya\Desktop\hakaton\main\resource\4b6fe605-a27e-4b8b-bdc0-30e21586ab00\main.py Старт. Выполняемый шаг: Присвоить значение переменной. id: ]Nwow_`34-zY1snYsMa=
2026-05-23T11:08:44+0300 INFO: C:\Users\Ksenya\Desktop\hakaton\main\resource\4b6fe605-a27e-4b8b-bdc0-30e21586ab00\main.py Выполнение. Выполняемый шаг: Присвоить значение переменной. id: ]Nwow_`34-zY1snYsMa=
2026-05-23T11:08:44+0300 INFO: C:\Users\Ksenya\Desktop\hakaton\main\resource\4b6fe605-a27e-4b8b-bdc0-30e21586ab00\main.py Завершение. Выполняемый шаг: Присвоить значение переменной. id: ]Nwow_`34-zY1snYsMa=
2026-05-23T11:08:44+0300 INFO: C:\Users\Ksenya\Desktop\hakaton\main\resource\4b6fe605-a27e-4b8b-bdc0-30e21586ab00\main.py Старт. Выполняемый шаг: Присвоить значение переменной. id: 7qHD^~+B#bUSw)9hi;V5
2026-05-23T11:08:45+0300 INFO: C:\Users\Ksenya\Desktop\hakaton\main\resource\4b6fe605-a27e-4b8b-bdc0-30e21586ab00\main.py Выполнение. Выполняемый шаг: Присвоить значение переменной. id: 7qHD^~+B#bUSw)9hi;V5
2026-05-23T11:08:45+0300 INFO: C:\Users\Ksenya\Desktop\hakaton\main\resource\4b6fe605-a27e-4b8b-bdc0-30e21586ab00\main.py Завершение. Выполняемый шаг: Присвоить значение переменной. id: 7qHD^~+B#bUSw)9hi;V5
2026-05-23T11:08:45+0300 INFO: C:\Users\Ksenya\Desktop\hakaton\main\resource\4b6fe605-a27e-4b8b-bdc0-30e21586ab00\main.py Старт. Выполняемый шаг: Присвоить значение переменной. id: 3oGjmJ`CaVRVz9#qu*_m
2026-05-23T11:08:45+0300 INFO: C:\Users\Ksenya\Desktop\hakaton\main\resource\4b6fe605-a27e-4b8b-bdc0-30e21586ab00\main.py Выполнение. Выполняемый шаг: Присвоить значение переменной. id: 3oGjmJ`CaVRVz9#qu*_m
2026-05-23T11:08:45+0300 INFO: C:\Users\Ksenya\Desktop\hakaton\main\resource\4b6fe605-a27e-4b8b-bdc0-30e21586ab00\main.py Завершение. Выполняемый шаг: Присвоить значение переменной. id: 3oGjmJ`CaVRVz9#qu*_m
2026-05-23T11:08:45+0300 INFO: C:\Users\Ksenya\Desktop\hakaton\main\resource\4b6fe605-a27e-4b8b-bdc0-30e21586ab00\main.py Старт. Выполняемый шаг: Присвоить значение переменной. id: :kF]*7FA#}yI!L)At3D0
2026-05-23T11:08:46+0300 INFO: C:\Users\Ksenya\Desktop\hakaton\main\resource\4b6fe605-a27e-4b8b-bdc0-30e21586ab00\main.py Выполнение. Выполняемый шаг: Присвоить значение переменной. id: :kF]*7FA#}yI!L)At3D0
2026-05-23T11:08:46+0300 INFO: C:\Users\Ksenya\Desktop\hakaton\main\resource\4b6fe605-a27e-4b8b-bdc0-30e21586ab00\main.py Завершение. Выполняемый шаг: Присвоить значение переменной. id: :kF]*7FA#}yI!L)At3D0
2026-05-23T11:08:46+0300 INFO: C:\Users\Ksenya\Desktop\hakaton\main\resource\4b6fe605-a27e-4b8b-bdc0-30e21586ab00\main.py Отправляю запрос в 1С
2026-05-23T11:08:46+0300 INFO: C:\Users\Ksenya\Desktop\hakaton\main\resource\4b6fe605-a27e-4b8b-bdc0-30e21586ab00\main.py Старт. Выполняемый шаг: Присвоить значение переменной. id: 5Ew%Wt$JK+7d7TXLxId_
2026-05-23T11:08:48+0300 INFO: C:\Users\Ksenya\Desktop\hakaton\main\resource\4b6fe605-a27e-4b8b-bdc0-30e21586ab00\main.py Выполнение. Выполняемый шаг: Присвоить значение переменной. id: 5Ew%Wt$JK+7d7TXLxId_
2026-05-23T11:08:48+0300 INFO: C:\Users\Ksenya\Desktop\hakaton\main\resource\4b6fe605-a27e-4b8b-bdc0-30e21586ab00\main.py Старт. Выполняемый шаг: Создать сессию браузера. id: 4#bM-7PYt%bTkrSh8bfZ
2026-05-23T11:08:54+0300 INFO: C:\Users\Ksenya\Desktop\hakaton\main\resource\4b6fe605-a27e-4b8b-bdc0-30e21586ab00\main.py Завершение. Выполняемый шаг: Создать сессию браузера. id: 4#bM-7PYt%bTkrSh8bfZ
2026-05-23T11:08:54+0300 INFO: C:\Users\Ksenya\Desktop\hakaton\main\resource\4b6fe605-a27e-4b8b-bdc0-30e21586ab00\main.py Завершение. Выполняемый шаг: Присвоить значение переменной. id: 5Ew%Wt$JK+7d7TXLxId_
2026-05-23T11:08:54+0300 INFO: C:\Users\Ksenya\Desktop\hakaton\main\resource\4b6fe605-a27e-4b8b-bdc0-30e21586ab00\main.py Старт. Выполняемый шаг: Открыть страницу в браузере. id: _{QT4zD{Fqs69!/:|#zp
2026-05-23T11:08:59+0300 INFO: C:\Users\Ksenya\Desktop\hakaton\main\resource\4b6fe605-a27e-4b8b-bdc0-30e21586ab00\main.py Выполнение. Выполняемый шаг: Открыть страницу в браузере. id: _{QT4zD{Fqs69!/:|#zp
2026-05-23T11:09:01+0300 INFO: C:\Users\Ksenya\Desktop\hakaton\main\resource\4b6fe605-a27e-4b8b-bdc0-30e21586ab00\main.py Завершение. Выполняемый шаг: Открыть страницу в браузере. id: _{QT4zD{Fqs69!/:|#zp
2026-05-23T11:09:01+0300 INFO: C:\Users\Ksenya\Desktop\hakaton\main\resource\4b6fe605-a27e-4b8b-bdc0-30e21586ab00\main.py Старт. Выполняемый шаг: Задержка. id: ??=,o)g^!HRb+gO2+Wzh
2026-05-23T11:09:06+0300 INFO: C:\Users\Ksenya\Desktop\hakaton\main\resource\4b6fe605-a27e-4b8b-bdc0-30e21586ab00\main.py Выполнение. Выполняемый шаг: Задержка. id: ??=,o)g^!HRb+gO2+Wzh
2026-05-23T11:09:06+0300 INFO: C:\Users\Ksenya\Desktop\hakaton\main\resource\4b6fe605-a27e-4b8b-bdc0-30e21586ab00\main.py Старт. Выполняемый шаг: Преобразовать строку в число. id: {Rsp$JX%Cwa].U=6UmD=
2026-05-23T11:09:06+0300 INFO: C:\Users\Ksenya\Desktop\hakaton\main\resource\4b6fe605-a27e-4b8b-bdc0-30e21586ab00\main.py Завершение. Выполняемый шаг: Преобразовать строку в число. id: {Rsp$JX%Cwa].U=6UmD=
2026-05-23T11:09:13+0300 INFO: C:\Users\Ksenya\Desktop\hakaton\main\resource\4b6fe605-a27e-4b8b-bdc0-30e21586ab00\main.py Завершение. Выполняемый шаг: Задержка. id: ??=,o)g^!HRb+gO2+Wzh
2026-05-23T11:09:13+0300 INFO: C:\Users\Ksenya\Desktop\hakaton\main\resource\4b6fe605-a27e-4b8b-bdc0-30e21586ab00\main.py Старт. Выполняемый шаг: Ввод в 1C-веб. id: Er~i3LQ$w^,Q,GJ4F%oW
2026-05-23T11:09:18+0300 INFO: C:\Users\Ksenya\Desktop\hakaton\main\resource\4b6fe605-a27e-4b8b-bdc0-30e21586ab00\main.py Выполнение. Выполняемый шаг: Ввод в 1C-веб. id: Er~i3LQ$w^,Q,GJ4F%oW
2026-05-23T12:17:02+0300 INFO: Старт робота: C:\Users\Ksenya\Desktop\hakaton\main\resource\ae2aa613-a52c-4ad2-b3dc-4b9cff52fee6\main.py
2026-05-23T12:17:02+0300 INFO: C:\Users\Ksenya\Desktop\hakaton\main\resource\ae2aa613-a52c-4ad2-b3dc-4b9cff52fee6\main.py Старт. Выполняемый шаг: Обработка ошибки. id: E(ohZ?TiZWX5;}Gqu-r,
2026-05-23T12:17:02+0300 INFO: C:\Users\Ksenya\Desktop\hakaton\main\resource\ae2aa613-a52c-4ad2-b3dc-4b9cff52fee6\main.py Выполнение. Выполняемый шаг: Обработка ошибки. id: E(ohZ?TiZWX5;}Gqu-r,
2026-05-23T12:17:02+0300 INFO: C:\Users\Ksenya\Desktop\hakaton\main\resource\ae2aa613-a52c-4ad2-b3dc-4b9cff52fee6\main.py Робот запущен
2026-05-23T12:17:02+0300 INFO: C:\Users\Ksenya\Desktop\hakaton\main\resource\ae2aa613-a52c-4ad2-b3dc-4b9cff52fee6\main.py Старт. Выполняемый шаг: Присвоить значение переменной. id: uT8K_dR,wNXk4m?dkCsM
2026-05-23T12:17:13+0300 INFO: C:\Users\Ksenya\Desktop\hakaton\main\resource\ae2aa613-a52c-4ad2-b3dc-4b9cff52fee6\main.py Выполнение. Выполняемый шаг: Присвоить значение переменной. id: uT8K_dR,wNXk4m?dkCsM
2026-05-23T12:17:13+0300 INFO: C:\Users\Ksenya\Desktop\hakaton\main\resource\ae2aa613-a52c-4ad2-b3dc-4b9cff52fee6\main.py Завершение. Выполняемый шаг: Присвоить значение переменной. id: uT8K_dR,wNXk4m?dkCsM
2026-05-23T12:17:13+0300 INFO: C:\Users\Ksenya\Desktop\hakaton\main\resource\ae2aa613-a52c-4ad2-b3dc-4b9cff52fee6\main.py Старт. Выполняемый шаг: Присвоить значение переменной. id: :MAZ.Rz62:ZsFDl7vQQJ
2026-05-23T12:17:13+0300 INFO: C:\Users\Ksenya\Desktop\hakaton\main\resource\ae2aa613-a52c-4ad2-b3dc-4b9cff52fee6\main.py Выполнение. Выполняемый шаг: Присвоить значение переменной. id: :MAZ.Rz62:ZsFDl7vQQJ
2026-05-23T12:17:13+0300 INFO: C:\Users\Ksenya\Desktop\hakaton\main\resource\ae2aa613-a52c-4ad2-b3dc-4b9cff52fee6\main.py Завершение. Выполняемый шаг: Присвоить значение переменной. id: :MAZ.Rz62:ZsFDl7vQQJ
2026-05-23T12:17:13+0300 INFO: C:\Users\Ksenya\Desktop\hakaton\main\resource\ae2aa613-a52c-4ad2-b3dc-4b9cff52fee6\main.py Старт. Выполняемый шаг: Присвоить значение переменной. id: WBqw15|Z#}dx_{yM[UJS
2026-05-23T12:17:13+0300 INFO: C:\Users\Ksenya\Desktop\hakaton\main\resource\ae2aa613-a52c-4ad2-b3dc-4b9cff52fee6\main.py Выполнение. Выполняемый шаг: Присвоить значение переменной. id: WBqw15|Z#}dx_{yM[UJS
2026-05-23T12:17:13+0300 INFO: C:\Users\Ksenya\Desktop\hakaton\main\resource\ae2aa613-a52c-4ad2-b3dc-4b9cff52fee6\main.py Завершение. Выполняемый шаг: Присвоить значение переменной. id: WBqw15|Z#}dx_{yM[UJS
2026-05-23T12:17:13+0300 INFO: C:\Users\Ksenya\Desktop\hakaton\main\resource\ae2aa613-a52c-4ad2-b3dc-4b9cff52fee6\main.py Старт. Выполняемый шаг: Присвоить значение переменной. id: ZD}VS]B8yU%7IR$_1:gx
2026-05-23T12:17:13+0300 INFO: C:\Users\Ksenya\Desktop\hakaton\main\resource\ae2aa613-a52c-4ad2-b3dc-4b9cff52fee6\main.py Выполнение. Выполняемый шаг: Присвоить значение переменной. id: ZD}VS]B8yU%7IR$_1:gx
2026-05-23T12:17:13+0300 INFO: C:\Users\Ksenya\Desktop\hakaton\main\resource\ae2aa613-a52c-4ad2-b3dc-4b9cff52fee6\main.py Старт. Выполняемый шаг: Прочитать файл. id: h-7qLFMP}Ex#VZ)Ao@jd
2026-05-23T12:17:13+0300 INFO: C:\Users\Ksenya\Desktop\hakaton\main\resource\ae2aa613-a52c-4ad2-b3dc-4b9cff52fee6\main.py Завершение. Выполняемый шаг: Прочитать файл. id: h-7qLFMP}Ex#VZ)Ao@jd
2026-05-23T12:17:13+0300 INFO: C:\Users\Ksenya\Desktop\hakaton\main\resource\ae2aa613-a52c-4ad2-b3dc-4b9cff52fee6\main.py Завершение. Выполняемый шаг: Присвоить значение переменной. id: ZD}VS]B8yU%7IR$_1:gx
2026-05-23T12:17:13+0300 INFO: C:\Users\Ksenya\Desktop\hakaton\main\resource\ae2aa613-a52c-4ad2-b3dc-4b9cff52fee6\main.py Старт. Выполняемый шаг: Присвоить значение переменной. id: ^0R|78#C*6Lo31|B;%K9
2026-05-23T12:17:13+0300 INFO: C:\Users\Ksenya\Desktop\hakaton\main\resource\ae2aa613-a52c-4ad2-b3dc-4b9cff52fee6\main.py Выполнение. Выполняемый шаг: Присвоить значение переменной. id: ^0R|78#C*6Lo31|B;%K9
2026-05-23T12:17:13+0300 INFO: C:\Users\Ksenya\Desktop\hakaton\main\resource\ae2aa613-a52c-4ad2-b3dc-4b9cff52fee6\main.py Завершение. Выполняемый шаг: Присвоить значение переменной. id: ^0R|78#C*6Lo31|B;%K9
2026-05-23T12:17:13+0300 INFO: C:\Users\Ksenya\Desktop\hakaton\main\resource\ae2aa613-a52c-4ad2-b3dc-4b9cff52fee6\main.py Старт. Выполняемый шаг: Присвоить значение переменной. id: p$O:QoI+|4ux$8{ysFr:
2026-05-23T12:17:13+0300 INFO: C:\Users\Ksenya\Desktop\hakaton\main\resource\ae2aa613-a52c-4ad2-b3dc-4b9cff52fee6\main.py Выполнение. Выполняемый шаг: Присвоить значение переменной. id: p$O:QoI+|4ux$8{ysFr:
2026-05-23T12:17:13+0300 INFO: C:\Users\Ksenya\Desktop\hakaton\main\resource\ae2aa613-a52c-4ad2-b3dc-4b9cff52fee6\main.py Завершение. Выполняемый шаг: Присвоить значение переменной. id: p$O:QoI+|4ux$8{ysFr:
2026-05-23T12:17:13+0300 INFO: C:\Users\Ksenya\Desktop\hakaton\main\resource\ae2aa613-a52c-4ad2-b3dc-4b9cff52fee6\main.py Старт. Выполняемый шаг: Присвоить значение переменной. id: ]Nwow_`34-zY1snYsMa=
2026-05-23T12:17:13+0300 INFO: C:\Users\Ksenya\Desktop\hakaton\main\resource\ae2aa613-a52c-4ad2-b3dc-4b9cff52fee6\main.py Выполнение. Выполняемый шаг: Присвоить значение переменной. id: ]Nwow_`34-zY1snYsMa=
2026-05-23T12:17:13+0300 INFO: C:\Users\Ksenya\Desktop\hakaton\main\resource\ae2aa613-a52c-4ad2-b3dc-4b9cff52fee6\main.py Завершение. Выполняемый шаг: Присвоить значение переменной. id: ]Nwow_`34-zY1snYsMa=
2026-05-23T12:17:13+0300 INFO: C:\Users\Ksenya\Desktop\hakaton\main\resource\ae2aa613-a52c-4ad2-b3dc-4b9cff52fee6\main.py Старт. Выполняемый шаг: Присвоить значение переменной. id: 7qHD^~+B#bUSw)9hi;V5
2026-05-23T12:17:13+0300 INFO: C:\Users\Ksenya\Desktop\hakaton\main\resource\ae2aa613-a52c-4ad2-b3dc-4b9cff52fee6\main.py Выполнение. Выполняемый шаг: Присвоить значение переменной. id: 7qHD^~+B#bUSw)9hi;V5
2026-05-23T12:17:13+0300 INFO: C:\Users\Ksenya\Desktop\hakaton\main\resource\ae2aa613-a52c-4ad2-b3dc-4b9cff52fee6\main.py Завершение. Выполняемый шаг: Присвоить значение переменной. id: 7qHD^~+B#bUSw)9hi;V5
2026-05-23T12:17:13+0300 INFO: C:\Users\Ksenya\Desktop\hakaton\main\resource\ae2aa613-a52c-4ad2-b3dc-4b9cff52fee6\main.py Старт. Выполняемый шаг: Присвоить значение переменной. id: 3oGjmJ`CaVRVz9#qu*_m
2026-05-23T12:17:13+0300 INFO: C:\Users\Ksenya\Desktop\hakaton\main\resource\ae2aa613-a52c-4ad2-b3dc-4b9cff52fee6\main.py Выполнение. Выполняемый шаг: Присвоить значение переменной. id: 3oGjmJ`CaVRVz9#qu*_m
2026-05-23T12:17:13+0300 INFO: C:\Users\Ksenya\Desktop\hakaton\main\resource\ae2aa613-a52c-4ad2-b3dc-4b9cff52fee6\main.py Завершение. Выполняемый шаг: Присвоить значение переменной. id: 3oGjmJ`CaVRVz9#qu*_m
2026-05-23T12:17:13+0300 INFO: C:\Users\Ksenya\Desktop\hakaton\main\resource\ae2aa613-a52c-4ad2-b3dc-4b9cff52fee6\main.py Старт. Выполняемый шаг: Присвоить значение переменной. id: :kF]*7FA#}yI!L)At3D0
2026-05-23T12:17:13+0300 INFO: C:\Users\Ksenya\Desktop\hakaton\main\resource\ae2aa613-a52c-4ad2-b3dc-4b9cff52fee6\main.py Выполнение. Выполняемый шаг: Присвоить значение переменной. id: :kF]*7FA#}yI!L)At3D0
2026-05-23T12:17:13+0300 INFO: C:\Users\Ksenya\Desktop\hakaton\main\resource\ae2aa613-a52c-4ad2-b3dc-4b9cff52fee6\main.py Завершение. Выполняемый шаг: Присвоить значение переменной. id: :kF]*7FA#}yI!L)At3D0
2026-05-23T12:17:14+0300 INFO: C:\Users\Ksenya\Desktop\hakaton\main\resource\ae2aa613-a52c-4ad2-b3dc-4b9cff52fee6\main.py Отправляю запрос в 1С
2026-05-23T12:17:14+0300 INFO: C:\Users\Ksenya\Desktop\hakaton\main\resource\ae2aa613-a52c-4ad2-b3dc-4b9cff52fee6\main.py Старт. Выполняемый шаг: Присвоить значение переменной. id: 5Ew%Wt$JK+7d7TXLxId_
2026-05-23T12:17:15+0300 INFO: C:\Users\Ksenya\Desktop\hakaton\main\resource\ae2aa613-a52c-4ad2-b3dc-4b9cff52fee6\main.py Выполнение. Выполняемый шаг: Присвоить значение переменной. id: 5Ew%Wt$JK+7d7TXLxId_
2026-05-23T12:17:15+0300 INFO: C:\Users\Ksenya\Desktop\hakaton\main\resource\ae2aa613-a52c-4ad2-b3dc-4b9cff52fee6\main.py Старт. Выполняемый шаг: Создать сессию браузера. id: 4#bM-7PYt%bTkrSh8bfZ
2026-05-23T12:17:21+0300 INFO: C:\Users\Ksenya\Desktop\hakaton\main\resource\ae2aa613-a52c-4ad2-b3dc-4b9cff52fee6\main.py Завершение. Выполняемый шаг: Создать сессию браузера. id: 4#bM-7PYt%bTkrSh8bfZ
2026-05-23T12:17:21+0300 INFO: C:\Users\Ksenya\Desktop\hakaton\main\resource\ae2aa613-a52c-4ad2-b3dc-4b9cff52fee6\main.py Завершение. Выполняемый шаг: Присвоить значение переменной. id: 5Ew%Wt$JK+7d7TXLxId_
2026-05-23T12:17:21+0300 INFO: C:\Users\Ksenya\Desktop\hakaton\main\resource\ae2aa613-a52c-4ad2-b3dc-4b9cff52fee6\main.py Старт. Выполняемый шаг: Открыть страницу в браузере. id: _{QT4zD{Fqs69!/:|#zp
2026-05-23T12:17:22+0300 INFO: C:\Users\Ksenya\Desktop\hakaton\main\resource\ae2aa613-a52c-4ad2-b3dc-4b9cff52fee6\main.py Выполнение. Выполняемый шаг: Открыть страницу в браузере. id: _{QT4zD{Fqs69!/:|#zp
2026-05-23T12:17:24+0300 INFO: C:\Users\Ksenya\Desktop\hakaton\main\resource\ae2aa613-a52c-4ad2-b3dc-4b9cff52fee6\main.py Завершение. Выполняемый шаг: Открыть страницу в браузере. id: _{QT4zD{Fqs69!/:|#zp
2026-05-23T12:17:24+0300 INFO: C:\Users\Ksenya\Desktop\hakaton\main\resource\ae2aa613-a52c-4ad2-b3dc-4b9cff52fee6\main.py Старт. Выполняемый шаг: Задержка. id: ??=,o)g^!HRb+gO2+Wzh
2026-05-23T12:17:32+0300 INFO: C:\Users\Ksenya\Desktop\hakaton\main\resource\ae2aa613-a52c-4ad2-b3dc-4b9cff52fee6\main.py Выполнение. Выполняемый шаг: Задержка. id: ??=,o)g^!HRb+gO2+Wzh
2026-05-23T12:17:32+0300 INFO: C:\Users\Ksenya\Desktop\hakaton\main\resource\ae2aa613-a52c-4ad2-b3dc-4b9cff52fee6\main.py Старт. Выполняемый шаг: Преобразовать строку в число. id: {Rsp$JX%Cwa].U=6UmD=
2026-05-23T12:17:32+0300 INFO: C:\Users\Ksenya\Desktop\hakaton\main\resource\ae2aa613-a52c-4ad2-b3dc-4b9cff52fee6\main.py Завершение. Выполняемый шаг: Преобразовать строку в число. id: {Rsp$JX%Cwa].U=6UmD=
2026-05-23T12:17:39+0300 INFO: C:\Users\Ksenya\Desktop\hakaton\main\resource\ae2aa613-a52c-4ad2-b3dc-4b9cff52fee6\main.py Завершение. Выполняемый шаг: Задержка. id: ??=,o)g^!HRb+gO2+Wzh
2026-05-23T12:17:39+0300 INFO: C:\Users\Ksenya\Desktop\hakaton\main\resource\ae2aa613-a52c-4ad2-b3dc-4b9cff52fee6\main.py Старт. Выполняемый шаг: Клик по Web-элементу. id: EBp7HZH}x+19aqf!)2/)
2026-05-23T12:17:42+0300 INFO: C:\Users\Ksenya\Desktop\hakaton\main\resource\ae2aa613-a52c-4ad2-b3dc-4b9cff52fee6\main.py Выполнение. Выполняемый шаг: Клик по Web-элементу. id: EBp7HZH}x+19aqf!)2/)
2026-05-23T12:20:54+0300 INFO: Старт робота: C:\Users\Ksenya\Desktop\hakaton\main\resource\52513f8a-d4cf-47e7-90e5-6e742295a99f\main.py
2026-05-23T12:20:54+0300 INFO: C:\Users\Ksenya\Desktop\hakaton\main\resource\52513f8a-d4cf-47e7-90e5-6e742295a99f\main.py Старт. Выполняемый шаг: Обработка ошибки. id: E(ohZ?TiZWX5;}Gqu-r,
2026-05-23T12:20:55+0300 INFO: C:\Users\Ksenya\Desktop\hakaton\main\resource\52513f8a-d4cf-47e7-90e5-6e742295a99f\main.py Выполнение. Выполняемый шаг: Обработка ошибки. id: E(ohZ?TiZWX5;}Gqu-r,
2026-05-23T12:20:55+0300 INFO: C:\Users\Ksenya\Desktop\hakaton\main\resource\52513f8a-d4cf-47e7-90e5-6e742295a99f\main.py Робот запущен
2026-05-23T12:20:55+0300 INFO: C:\Users\Ksenya\Desktop\hakaton\main\resource\52513f8a-d4cf-47e7-90e5-6e742295a99f\main.py Старт. Выполняемый шаг: Присвоить значение переменной. id: uT8K_dR,wNXk4m?dkCsM
2026-05-23T12:20:57+0300 INFO: C:\Users\Ksenya\Desktop\hakaton\main\resource\52513f8a-d4cf-47e7-90e5-6e742295a99f\main.py Выполнение. Выполняемый шаг: Присвоить значение переменной. id: uT8K_dR,wNXk4m?dkCsM
2026-05-23T12:20:57+0300 INFO: C:\Users\Ksenya\Desktop\hakaton\main\resource\52513f8a-d4cf-47e7-90e5-6e742295a99f\main.py Завершение. Выполняемый шаг: Присвоить значение переменной. id: uT8K_dR,wNXk4m?dkCsM
2026-05-23T12:20:57+0300 INFO: C:\Users\Ksenya\Desktop\hakaton\main\resource\52513f8a-d4cf-47e7-90e5-6e742295a99f\main.py Старт. Выполняемый шаг: Присвоить значение переменной. id: :MAZ.Rz62:ZsFDl7vQQJ
2026-05-23T12:20:58+0300 INFO: C:\Users\Ksenya\Desktop\hakaton\main\resource\52513f8a-d4cf-47e7-90e5-6e742295a99f\main.py Выполнение. Выполняемый шаг: Присвоить значение переменной. id: :MAZ.Rz62:ZsFDl7vQQJ
2026-05-23T12:20:58+0300 INFO: C:\Users\Ksenya\Desktop\hakaton\main\resource\52513f8a-d4cf-47e7-90e5-6e742295a99f\main.py Завершение. Выполняемый шаг: Присвоить значение переменной. id: :MAZ.Rz62:ZsFDl7vQQJ
2026-05-23T12:20:58+0300 INFO: C:\Users\Ksenya\Desktop\hakaton\main\resource\52513f8a-d4cf-47e7-90e5-6e742295a99f\main.py Старт. Выполняемый шаг: Присвоить значение переменной. id: WBqw15|Z#}dx_{yM[UJS
2026-05-23T12:20:59+0300 INFO: C:\Users\Ksenya\Desktop\hakaton\main\resource\52513f8a-d4cf-47e7-90e5-6e742295a99f\main.py Выполнение. Выполняемый шаг: Присвоить значение переменной. id: WBqw15|Z#}dx_{yM[UJS
2026-05-23T12:20:59+0300 INFO: C:\Users\Ksenya\Desktop\hakaton\main\resource\52513f8a-d4cf-47e7-90e5-6e742295a99f\main.py Завершение. Выполняемый шаг: Присвоить значение переменной. id: WBqw15|Z#}dx_{yM[UJS
2026-05-23T12:20:59+0300 INFO: C:\Users\Ksenya\Desktop\hakaton\main\resource\52513f8a-d4cf-47e7-90e5-6e742295a99f\main.py Старт. Выполняемый шаг: Присвоить значение переменной. id: ZD}VS]B8yU%7IR$_1:gx
2026-05-23T12:21:00+0300 INFO: C:\Users\Ksenya\Desktop\hakaton\main\resource\52513f8a-d4cf-47e7-90e5-6e742295a99f\main.py Выполнение. Выполняемый шаг: Присвоить значение переменной. id: ZD}VS]B8yU%7IR$_1:gx
2026-05-23T12:21:00+0300 INFO: C:\Users\Ksenya\Desktop\hakaton\main\resource\52513f8a-d4cf-47e7-90e5-6e742295a99f\main.py Старт. Выполняемый шаг: Прочитать файл. id: h-7qLFMP}Ex#VZ)Ao@jd
2026-05-23T12:21:00+0300 INFO: C:\Users\Ksenya\Desktop\hakaton\main\resource\52513f8a-d4cf-47e7-90e5-6e742295a99f\main.py Завершение. Выполняемый шаг: Прочитать файл. id: h-7qLFMP}Ex#VZ)Ao@jd
2026-05-23T12:21:00+0300 INFO: C:\Users\Ksenya\Desktop\hakaton\main\resource\52513f8a-d4cf-47e7-90e5-6e742295a99f\main.py Завершение. Выполняемый шаг: Присвоить значение переменной. id: ZD}VS]B8yU%7IR$_1:gx
2026-05-23T12:21:00+0300 INFO: C:\Users\Ksenya\Desktop\hakaton\main\resource\52513f8a-d4cf-47e7-90e5-6e742295a99f\main.py Старт. Выполняемый шаг: Присвоить значение переменной. id: ^0R|78#C*6Lo31|B;%K9
2026-05-23T12:21:01+0300 INFO: C:\Users\Ksenya\Desktop\hakaton\main\resource\52513f8a-d4cf-47e7-90e5-6e742295a99f\main.py Выполнение. Выполняемый шаг: Присвоить значение переменной. id: ^0R|78#C*6Lo31|B;%K9
2026-05-23T12:21:01+0300 INFO: C:\Users\Ksenya\Desktop\hakaton\main\resource\52513f8a-d4cf-47e7-90e5-6e742295a99f\main.py Завершение. Выполняемый шаг: Присвоить значение переменной. id: ^0R|78#C*6Lo31|B;%K9
2026-05-23T12:21:01+0300 INFO: C:\Users\Ksenya\Desktop\hakaton\main\resource\52513f8a-d4cf-47e7-90e5-6e742295a99f\main.py Старт. Выполняемый шаг: Присвоить значение переменной. id: p$O:QoI+|4ux$8{ysFr:
2026-05-23T12:21:03+0300 INFO: C:\Users\Ksenya\Desktop\hakaton\main\resource\52513f8a-d4cf-47e7-90e5-6e742295a99f\main.py Выполнение. Выполняемый шаг: Присвоить значение переменной. id: p$O:QoI+|4ux$8{ysFr:
2026-05-23T12:21:03+0300 INFO: C:\Users\Ksenya\Desktop\hakaton\main\resource\52513f8a-d4cf-47e7-90e5-6e742295a99f\main.py Завершение. Выполняемый шаг: Присвоить значение переменной. id: p$O:QoI+|4ux$8{ysFr:
2026-05-23T12:21:03+0300 INFO: C:\Users\Ksenya\Desktop\hakaton\main\resource\52513f8a-d4cf-47e7-90e5-6e742295a99f\main.py Старт. Выполняемый шаг: Присвоить значение переменной. id: ]Nwow_`34-zY1snYsMa=
2026-05-23T12:21:04+0300 INFO: C:\Users\Ksenya\Desktop\hakaton\main\resource\52513f8a-d4cf-47e7-90e5-6e742295a99f\main.py Выполнение. Выполняемый шаг: Присвоить значение переменной. id: ]Nwow_`34-zY1snYsMa=
2026-05-23T12:21:04+0300 INFO: C:\Users\Ksenya\Desktop\hakaton\main\resource\52513f8a-d4cf-47e7-90e5-6e742295a99f\main.py Завершение. Выполняемый шаг: Присвоить значение переменной. id: ]Nwow_`34-zY1snYsMa=
2026-05-23T12:21:04+0300 INFO: C:\Users\Ksenya\Desktop\hakaton\main\resource\52513f8a-d4cf-47e7-90e5-6e742295a99f\main.py Старт. Выполняемый шаг: Присвоить значение переменной. id: 7qHD^~+B#bUSw)9hi;V5
2026-05-23T12:21:05+0300 INFO: C:\Users\Ksenya\Desktop\hakaton\main\resource\52513f8a-d4cf-47e7-90e5-6e742295a99f\main.py Выполнение. Выполняемый шаг: Присвоить значение переменной. id: 7qHD^~+B#bUSw)9hi;V5
2026-05-23T12:21:05+0300 INFO: C:\Users\Ksenya\Desktop\hakaton\main\resource\52513f8a-d4cf-47e7-90e5-6e742295a99f\main.py Завершение. Выполняемый шаг: Присвоить значение переменной. id: 7qHD^~+B#bUSw)9hi;V5
2026-05-23T12:21:05+0300 INFO: C:\Users\Ksenya\Desktop\hakaton\main\resource\52513f8a-d4cf-47e7-90e5-6e742295a99f\main.py Старт. Выполняемый шаг: Присвоить значение переменной. id: 3oGjmJ`CaVRVz9#qu*_m
2026-05-23T12:21:05+0300 INFO: C:\Users\Ksenya\Desktop\hakaton\main\resource\52513f8a-d4cf-47e7-90e5-6e742295a99f\main.py Выполнение. Выполняемый шаг: Присвоить значение переменной. id: 3oGjmJ`CaVRVz9#qu*_m
2026-05-23T12:21:05+0300 INFO: C:\Users\Ksenya\Desktop\hakaton\main\resource\52513f8a-d4cf-47e7-90e5-6e742295a99f\main.py Завершение. Выполняемый шаг: Присвоить значение переменной. id: 3oGjmJ`CaVRVz9#qu*_m
2026-05-23T12:21:05+0300 INFO: C:\Users\Ksenya\Desktop\hakaton\main\resource\52513f8a-d4cf-47e7-90e5-6e742295a99f\main.py Старт. Выполняемый шаг: Присвоить значение переменной. id: :kF]*7FA#}yI!L)At3D0
2026-05-23T12:21:06+0300 INFO: C:\Users\Ksenya\Desktop\hakaton\main\resource\52513f8a-d4cf-47e7-90e5-6e742295a99f\main.py Выполнение. Выполняемый шаг: Присвоить значение переменной. id: :kF]*7FA#}yI!L)At3D0
2026-05-23T12:21:06+0300 INFO: C:\Users\Ksenya\Desktop\hakaton\main\resource\52513f8a-d4cf-47e7-90e5-6e742295a99f\main.py Завершение. Выполняемый шаг: Присвоить значение переменной. id: :kF]*7FA#}yI!L)At3D0
2026-05-23T12:21:08+0300 INFO: C:\Users\Ksenya\Desktop\hakaton\main\resource\52513f8a-d4cf-47e7-90e5-6e742295a99f\main.py Отправляю запрос в 1С
2026-05-23T12:21:08+0300 INFO: C:\Users\Ksenya\Desktop\hakaton\main\resource\52513f8a-d4cf-47e7-90e5-6e742295a99f\main.py Старт. Выполняемый шаг: Присвоить значение переменной. id: 5Ew%Wt$JK+7d7TXLxId_
2026-05-23T12:21:09+0300 INFO: C:\Users\Ksenya\Desktop\hakaton\main\resource\52513f8a-d4cf-47e7-90e5-6e742295a99f\main.py Выполнение. Выполняемый шаг: Присвоить значение переменной. id: 5Ew%Wt$JK+7d7TXLxId_
2026-05-23T12:21:09+0300 INFO: C:\Users\Ksenya\Desktop\hakaton\main\resource\52513f8a-d4cf-47e7-90e5-6e742295a99f\main.py Старт. Выполняемый шаг: Создать сессию браузера. id: 4#bM-7PYt%bTkrSh8bfZ
2026-05-23T12:21:15+0300 INFO: C:\Users\Ksenya\Desktop\hakaton\main\resource\52513f8a-d4cf-47e7-90e5-6e742295a99f\main.py Завершение. Выполняемый шаг: Создать сессию браузера. id: 4#bM-7PYt%bTkrSh8bfZ
2026-05-23T12:21:15+0300 INFO: C:\Users\Ksenya\Desktop\hakaton\main\resource\52513f8a-d4cf-47e7-90e5-6e742295a99f\main.py Завершение. Выполняемый шаг: Присвоить значение переменной. id: 5Ew%Wt$JK+7d7TXLxId_
2026-05-23T12:21:15+0300 INFO: C:\Users\Ksenya\Desktop\hakaton\main\resource\52513f8a-d4cf-47e7-90e5-6e742295a99f\main.py Старт. Выполняемый шаг: Открыть страницу в браузере. id: _{QT4zD{Fqs69!/:|#zp
2026-05-23T12:21:18+0300 INFO: C:\Users\Ksenya\Desktop\hakaton\main\resource\52513f8a-d4cf-47e7-90e5-6e742295a99f\main.py Выполнение. Выполняемый шаг: Открыть страницу в браузере. id: _{QT4zD{Fqs69!/:|#zp
2026-05-23T12:21:20+0300 INFO: C:\Users\Ksenya\Desktop\hakaton\main\resource\52513f8a-d4cf-47e7-90e5-6e742295a99f\main.py Завершение. Выполняемый шаг: Открыть страницу в браузере. id: _{QT4zD{Fqs69!/:|#zp
2026-05-23T12:21:20+0300 INFO: C:\Users\Ksenya\Desktop\hakaton\main\resource\52513f8a-d4cf-47e7-90e5-6e742295a99f\main.py Старт. Выполняемый шаг: Задержка. id: ??=,o)g^!HRb+gO2+Wzh
2026-05-23T12:21:23+0300 INFO: C:\Users\Ksenya\Desktop\hakaton\main\resource\52513f8a-d4cf-47e7-90e5-6e742295a99f\main.py Выполнение. Выполняемый шаг: Задержка. id: ??=,o)g^!HRb+gO2+Wzh
2026-05-23T12:21:23+0300 INFO: C:\Users\Ksenya\Desktop\hakaton\main\resource\52513f8a-d4cf-47e7-90e5-6e742295a99f\main.py Старт. Выполняемый шаг: Преобразовать строку в число. id: {Rsp$JX%Cwa].U=6UmD=
2026-05-23T12:21:23+0300 INFO: C:\Users\Ksenya\Desktop\hakaton\main\resource\52513f8a-d4cf-47e7-90e5-6e742295a99f\main.py Завершение. Выполняемый шаг: Преобразовать строку в число. id: {Rsp$JX%Cwa].U=6UmD=
2026-05-23T12:21:38+0300 INFO: C:\Users\Ksenya\Desktop\hakaton\main\resource\52513f8a-d4cf-47e7-90e5-6e742295a99f\main.py Завершение. Выполняемый шаг: Задержка. id: ??=,o)g^!HRb+gO2+Wzh
2026-05-23T12:21:38+0300 INFO: C:\Users\Ksenya\Desktop\hakaton\main\resource\52513f8a-d4cf-47e7-90e5-6e742295a99f\main.py Старт. Выполняемый шаг: Клик по Web-элементу. id: EBp7HZH}x+19aqf!)2/)
2026-05-23T12:21:47+0300 INFO: C:\Users\Ksenya\Desktop\hakaton\main\resource\52513f8a-d4cf-47e7-90e5-6e742295a99f\main.py Выполнение. Выполняемый шаг: Клик по Web-элементу. id: EBp7HZH}x+19aqf!)2/)
2026-05-23T12:21:47+0300 INFO: C:\Users\Ksenya\Desktop\hakaton\main\resource\52513f8a-d4cf-47e7-90e5-6e742295a99f\main.py Завершение. Выполняемый шаг: Клик по Web-элементу. id: EBp7HZH}x+19aqf!)2/)
2026-05-23T12:21:47+0300 INFO: C:\Users\Ksenya\Desktop\hakaton\main\resource\52513f8a-d4cf-47e7-90e5-6e742295a99f\main.py Старт. Выполняемый шаг: Ввод в веб-сайт. id: %w9B]^SDY]u6w8A[VN]B
2026-05-23T12:21:50+0300 INFO: C:\Users\Ksenya\Desktop\hakaton\main\resource\52513f8a-d4cf-47e7-90e5-6e742295a99f\main.py Выполнение. Выполняемый шаг: Ввод в веб-сайт. id: %w9B]^SDY]u6w8A[VN]B
2026-05-23T12:21:51+0300 INFO: C:\Users\Ksenya\Desktop\hakaton\main\resource\52513f8a-d4cf-47e7-90e5-6e742295a99f\main.py Завершение. Выполняемый шаг: Ввод в веб-сайт. id: %w9B]^SDY]u6w8A[VN]B
2026-05-23T12:21:51+0300 INFO: C:\Users\Ksenya\Desktop\hakaton\main\resource\52513f8a-d4cf-47e7-90e5-6e742295a99f\main.py Старт. Выполняемый шаг: Клик по Web-элементу. id: SNNgI]mT8:^fF*#oR`Zp
2026-05-23T12:21:52+0300 INFO: C:\Users\Ksenya\Desktop\hakaton\main\resource\52513f8a-d4cf-47e7-90e5-6e742295a99f\main.py Выполнение. Выполняемый шаг: Клик по Web-элементу. id: SNNgI]mT8:^fF*#oR`Zp
2026-05-23T12:21:52+0300 INFO: C:\Users\Ksenya\Desktop\hakaton\main\resource\52513f8a-d4cf-47e7-90e5-6e742295a99f\main.py Завершение. Выполняемый шаг: Клик по Web-элементу. id: SNNgI]mT8:^fF*#oR`Zp
2026-05-23T12:21:52+0300 INFO: C:\Users\Ksenya\Desktop\hakaton\main\resource\52513f8a-d4cf-47e7-90e5-6e742295a99f\main.py Старт. Выполняемый шаг: Ввод в веб-сайт. id: y:}|lxK((=67v}qu8Ym-
2026-05-23T12:21:53+0300 INFO: C:\Users\Ksenya\Desktop\hakaton\main\resource\52513f8a-d4cf-47e7-90e5-6e742295a99f\main.py Выполнение. Выполняемый шаг: Ввод в веб-сайт. id: y:}|lxK((=67v}qu8Ym-
2026-05-23T12:40:18+0300 INFO: Старт робота: C:\Users\Ksenya\Desktop\hakaton\main\resource\ce42e913-b020-4762-abbb-f1aa7bc5da87\main.py
2026-05-23T12:40:18+0300 INFO: C:\Users\Ksenya\Desktop\hakaton\main\resource\ce42e913-b020-4762-abbb-f1aa7bc5da87\main.py Старт. Выполняемый шаг: Обработка ошибки. id: E(ohZ?TiZWX5;}Gqu-r,
2026-05-23T12:40:21+0300 INFO: C:\Users\Ksenya\Desktop\hakaton\main\resource\ce42e913-b020-4762-abbb-f1aa7bc5da87\main.py Выполнение. Выполняемый шаг: Обработка ошибки. id: E(ohZ?TiZWX5;}Gqu-r,
2026-05-23T12:40:21+0300 INFO: C:\Users\Ksenya\Desktop\hakaton\main\resource\ce42e913-b020-4762-abbb-f1aa7bc5da87\main.py Робот запущен
2026-05-23T12:40:21+0300 INFO: C:\Users\Ksenya\Desktop\hakaton\main\resource\ce42e913-b020-4762-abbb-f1aa7bc5da87\main.py Старт. Выполняемый шаг: Присвоить значение переменной. id: uT8K_dR,wNXk4m?dkCsM
2026-05-23T12:40:22+0300 INFO: C:\Users\Ksenya\Desktop\hakaton\main\resource\ce42e913-b020-4762-abbb-f1aa7bc5da87\main.py Выполнение. Выполняемый шаг: Присвоить значение переменной. id: uT8K_dR,wNXk4m?dkCsM
2026-05-23T12:40:22+0300 INFO: C:\Users\Ksenya\Desktop\hakaton\main\resource\ce42e913-b020-4762-abbb-f1aa7bc5da87\main.py Завершение. Выполняемый шаг: Присвоить значение переменной. id: uT8K_dR,wNXk4m?dkCsM
2026-05-23T12:40:22+0300 INFO: C:\Users\Ksenya\Desktop\hakaton\main\resource\ce42e913-b020-4762-abbb-f1aa7bc5da87\main.py Старт. Выполняемый шаг: Присвоить значение переменной. id: :MAZ.Rz62:ZsFDl7vQQJ
2026-05-23T12:40:22+0300 INFO: C:\Users\Ksenya\Desktop\hakaton\main\resource\ce42e913-b020-4762-abbb-f1aa7bc5da87\main.py Выполнение. Выполняемый шаг: Присвоить значение переменной. id: :MAZ.Rz62:ZsFDl7vQQJ
2026-05-23T12:40:22+0300 INFO: C:\Users\Ksenya\Desktop\hakaton\main\resource\ce42e913-b020-4762-abbb-f1aa7bc5da87\main.py Завершение. Выполняемый шаг: Присвоить значение переменной. id: :MAZ.Rz62:ZsFDl7vQQJ
2026-05-23T12:40:22+0300 INFO: C:\Users\Ksenya\Desktop\hakaton\main\resource\ce42e913-b020-4762-abbb-f1aa7bc5da87\main.py Старт. Выполняемый шаг: Присвоить значение переменной. id: WBqw15|Z#}dx_{yM[UJS
2026-05-23T12:40:23+0300 INFO: C:\Users\Ksenya\Desktop\hakaton\main\resource\ce42e913-b020-4762-abbb-f1aa7bc5da87\main.py Выполнение. Выполняемый шаг: Присвоить значение переменной. id: WBqw15|Z#}dx_{yM[UJS
2026-05-23T12:40:23+0300 INFO: C:\Users\Ksenya\Desktop\hakaton\main\resource\ce42e913-b020-4762-abbb-f1aa7bc5da87\main.py Завершение. Выполняемый шаг: Присвоить значение переменной. id: WBqw15|Z#}dx_{yM[UJS
2026-05-23T12:40:23+0300 INFO: C:\Users\Ksenya\Desktop\hakaton\main\resource\ce42e913-b020-4762-abbb-f1aa7bc5da87\main.py Старт. Выполняемый шаг: Присвоить значение переменной. id: ZD}VS]B8yU%7IR$_1:gx
2026-05-23T12:40:23+0300 INFO: C:\Users\Ksenya\Desktop\hakaton\main\resource\ce42e913-b020-4762-abbb-f1aa7bc5da87\main.py Выполнение. Выполняемый шаг: Присвоить значение переменной. id: ZD}VS]B8yU%7IR$_1:gx
2026-05-23T12:40:23+0300 INFO: C:\Users\Ksenya\Desktop\hakaton\main\resource\ce42e913-b020-4762-abbb-f1aa7bc5da87\main.py Старт. Выполняемый шаг: Прочитать файл. id: h-7qLFMP}Ex#VZ)Ao@jd
2026-05-23T12:40:23+0300 INFO: C:\Users\Ksenya\Desktop\hakaton\main\resource\ce42e913-b020-4762-abbb-f1aa7bc5da87\main.py Завершение. Выполняемый шаг: Прочитать файл. id: h-7qLFMP}Ex#VZ)Ao@jd
2026-05-23T12:40:23+0300 INFO: C:\Users\Ksenya\Desktop\hakaton\main\resource\ce42e913-b020-4762-abbb-f1aa7bc5da87\main.py Завершение. Выполняемый шаг: Присвоить значение переменной. id: ZD}VS]B8yU%7IR$_1:gx
2026-05-23T12:40:23+0300 INFO: C:\Users\Ksenya\Desktop\hakaton\main\resource\ce42e913-b020-4762-abbb-f1aa7bc5da87\main.py Старт. Выполняемый шаг: Присвоить значение переменной. id: ^0R|78#C*6Lo31|B;%K9
2026-05-23T12:40:24+0300 INFO: C:\Users\Ksenya\Desktop\hakaton\main\resource\ce42e913-b020-4762-abbb-f1aa7bc5da87\main.py Выполнение. Выполняемый шаг: Присвоить значение переменной. id: ^0R|78#C*6Lo31|B;%K9
2026-05-23T12:40:24+0300 INFO: C:\Users\Ksenya\Desktop\hakaton\main\resource\ce42e913-b020-4762-abbb-f1aa7bc5da87\main.py Завершение. Выполняемый шаг: Присвоить значение переменной. id: ^0R|78#C*6Lo31|B;%K9
2026-05-23T12:40:24+0300 INFO: C:\Users\Ksenya\Desktop\hakaton\main\resource\ce42e913-b020-4762-abbb-f1aa7bc5da87\main.py Старт. Выполняемый шаг: Присвоить значение переменной. id: p$O:QoI+|4ux$8{ysFr:
2026-05-23T12:40:25+0300 INFO: C:\Users\Ksenya\Desktop\hakaton\main\resource\ce42e913-b020-4762-abbb-f1aa7bc5da87\main.py Выполнение. Выполняемый шаг: Присвоить значение переменной. id: p$O:QoI+|4ux$8{ysFr:
2026-05-23T12:40:25+0300 INFO: C:\Users\Ksenya\Desktop\hakaton\main\resource\ce42e913-b020-4762-abbb-f1aa7bc5da87\main.py Завершение. Выполняемый шаг: Присвоить значение переменной. id: p$O:QoI+|4ux$8{ysFr:
2026-05-23T12:40:25+0300 INFO: C:\Users\Ksenya\Desktop\hakaton\main\resource\ce42e913-b020-4762-abbb-f1aa7bc5da87\main.py Старт. Выполняемый шаг: Присвоить значение переменной. id: ]Nwow_`34-zY1snYsMa=
2026-05-23T12:40:25+0300 INFO: C:\Users\Ksenya\Desktop\hakaton\main\resource\ce42e913-b020-4762-abbb-f1aa7bc5da87\main.py Выполнение. Выполняемый шаг: Присвоить значение переменной. id: ]Nwow_`34-zY1snYsMa=
2026-05-23T12:40:25+0300 INFO: C:\Users\Ksenya\Desktop\hakaton\main\resource\ce42e913-b020-4762-abbb-f1aa7bc5da87\main.py Завершение. Выполняемый шаг: Присвоить значение переменной. id: ]Nwow_`34-zY1snYsMa=
2026-05-23T12:40:25+0300 INFO: C:\Users\Ksenya\Desktop\hakaton\main\resource\ce42e913-b020-4762-abbb-f1aa7bc5da87\main.py Старт. Выполняемый шаг: Присвоить значение переменной. id: 7qHD^~+B#bUSw)9hi;V5
2026-05-23T12:40:26+0300 INFO: C:\Users\Ksenya\Desktop\hakaton\main\resource\ce42e913-b020-4762-abbb-f1aa7bc5da87\main.py Выполнение. Выполняемый шаг: Присвоить значение переменной. id: 7qHD^~+B#bUSw)9hi;V5
2026-05-23T12:40:26+0300 INFO: C:\Users\Ksenya\Desktop\hakaton\main\resource\ce42e913-b020-4762-abbb-f1aa7bc5da87\main.py Завершение. Выполняемый шаг: Присвоить значение переменной. id: 7qHD^~+B#bUSw)9hi;V5
2026-05-23T12:40:26+0300 INFO: C:\Users\Ksenya\Desktop\hakaton\main\resource\ce42e913-b020-4762-abbb-f1aa7bc5da87\main.py Старт. Выполняемый шаг: Присвоить значение переменной. id: 3oGjmJ`CaVRVz9#qu*_m
2026-05-23T12:40:27+0300 INFO: C:\Users\Ksenya\Desktop\hakaton\main\resource\ce42e913-b020-4762-abbb-f1aa7bc5da87\main.py Выполнение. Выполняемый шаг: Присвоить значение переменной. id: 3oGjmJ`CaVRVz9#qu*_m
2026-05-23T12:40:27+0300 INFO: C:\Users\Ksenya\Desktop\hakaton\main\resource\ce42e913-b020-4762-abbb-f1aa7bc5da87\main.py Завершение. Выполняемый шаг: Присвоить значение переменной. id: 3oGjmJ`CaVRVz9#qu*_m
2026-05-23T12:40:27+0300 INFO: C:\Users\Ksenya\Desktop\hakaton\main\resource\ce42e913-b020-4762-abbb-f1aa7bc5da87\main.py Старт. Выполняемый шаг: Присвоить значение переменной. id: :kF]*7FA#}yI!L)At3D0
2026-05-23T12:40:27+0300 INFO: C:\Users\Ksenya\Desktop\hakaton\main\resource\ce42e913-b020-4762-abbb-f1aa7bc5da87\main.py Выполнение. Выполняемый шаг: Присвоить значение переменной. id: :kF]*7FA#}yI!L)At3D0
2026-05-23T12:40:27+0300 INFO: C:\Users\Ksenya\Desktop\hakaton\main\resource\ce42e913-b020-4762-abbb-f1aa7bc5da87\main.py Завершение. Выполняемый шаг: Присвоить значение переменной. id: :kF]*7FA#}yI!L)At3D0
2026-05-23T12:40:28+0300 INFO: C:\Users\Ksenya\Desktop\hakaton\main\resource\ce42e913-b020-4762-abbb-f1aa7bc5da87\main.py Отправляю запрос в 1С
2026-05-23T12:40:28+0300 INFO: C:\Users\Ksenya\Desktop\hakaton\main\resource\ce42e913-b020-4762-abbb-f1aa7bc5da87\main.py Старт. Выполняемый шаг: Присвоить значение переменной. id: 5Ew%Wt$JK+7d7TXLxId_
2026-05-23T12:40:29+0300 INFO: C:\Users\Ksenya\Desktop\hakaton\main\resource\ce42e913-b020-4762-abbb-f1aa7bc5da87\main.py Выполнение. Выполняемый шаг: Присвоить значение переменной. id: 5Ew%Wt$JK+7d7TXLxId_
2026-05-23T12:40:29+0300 INFO: C:\Users\Ksenya\Desktop\hakaton\main\resource\ce42e913-b020-4762-abbb-f1aa7bc5da87\main.py Старт. Выполняемый шаг: Создать сессию браузера. id: 4#bM-7PYt%bTkrSh8bfZ
2026-05-23T12:40:35+0300 INFO: C:\Users\Ksenya\Desktop\hakaton\main\resource\ce42e913-b020-4762-abbb-f1aa7bc5da87\main.py Завершение. Выполняемый шаг: Создать сессию браузера. id: 4#bM-7PYt%bTkrSh8bfZ
2026-05-23T12:40:35+0300 INFO: C:\Users\Ksenya\Desktop\hakaton\main\resource\ce42e913-b020-4762-abbb-f1aa7bc5da87\main.py Завершение. Выполняемый шаг: Присвоить значение переменной. id: 5Ew%Wt$JK+7d7TXLxId_
2026-05-23T12:40:35+0300 INFO: C:\Users\Ksenya\Desktop\hakaton\main\resource\ce42e913-b020-4762-abbb-f1aa7bc5da87\main.py Старт. Выполняемый шаг: Открыть страницу в браузере. id: _{QT4zD{Fqs69!/:|#zp
2026-05-23T12:40:36+0300 INFO: C:\Users\Ksenya\Desktop\hakaton\main\resource\ce42e913-b020-4762-abbb-f1aa7bc5da87\main.py Выполнение. Выполняемый шаг: Открыть страницу в браузере. id: _{QT4zD{Fqs69!/:|#zp
2026-05-23T12:40:38+0300 INFO: C:\Users\Ksenya\Desktop\hakaton\main\resource\ce42e913-b020-4762-abbb-f1aa7bc5da87\main.py Завершение. Выполняемый шаг: Открыть страницу в браузере. id: _{QT4zD{Fqs69!/:|#zp
2026-05-23T12:40:38+0300 INFO: C:\Users\Ksenya\Desktop\hakaton\main\resource\ce42e913-b020-4762-abbb-f1aa7bc5da87\main.py Старт. Выполняемый шаг: Задержка. id: ??=,o)g^!HRb+gO2+Wzh
2026-05-23T12:40:39+0300 INFO: C:\Users\Ksenya\Desktop\hakaton\main\resource\ce42e913-b020-4762-abbb-f1aa7bc5da87\main.py Выполнение. Выполняемый шаг: Задержка. id: ??=,o)g^!HRb+gO2+Wzh
2026-05-23T12:40:39+0300 INFO: C:\Users\Ksenya\Desktop\hakaton\main\resource\ce42e913-b020-4762-abbb-f1aa7bc5da87\main.py Старт. Выполняемый шаг: Преобразовать строку в число. id: {Rsp$JX%Cwa].U=6UmD=
2026-05-23T12:40:39+0300 INFO: C:\Users\Ksenya\Desktop\hakaton\main\resource\ce42e913-b020-4762-abbb-f1aa7bc5da87\main.py Завершение. Выполняемый шаг: Преобразовать строку в число. id: {Rsp$JX%Cwa].U=6UmD=
2026-05-23T12:40:54+0300 INFO: C:\Users\Ksenya\Desktop\hakaton\main\resource\ce42e913-b020-4762-abbb-f1aa7bc5da87\main.py Завершение. Выполняемый шаг: Задержка. id: ??=,o)g^!HRb+gO2+Wzh
2026-05-23T12:40:54+0300 INFO: C:\Users\Ksenya\Desktop\hakaton\main\resource\ce42e913-b020-4762-abbb-f1aa7bc5da87\main.py Старт. Выполняемый шаг: Клик по Web-элементу. id: EBp7HZH}x+19aqf!)2/)
2026-05-23T12:40:59+0300 INFO: C:\Users\Ksenya\Desktop\hakaton\main\resource\ce42e913-b020-4762-abbb-f1aa7bc5da87\main.py Выполнение. Выполняемый шаг: Клик по Web-элементу. id: EBp7HZH}x+19aqf!)2/)
2026-05-23T12:40:59+0300 INFO: C:\Users\Ksenya\Desktop\hakaton\main\resource\ce42e913-b020-4762-abbb-f1aa7bc5da87\main.py Завершение. Выполняемый шаг: Клик по Web-элементу. id: EBp7HZH}x+19aqf!)2/)
2026-05-23T12:40:59+0300 INFO: C:\Users\Ksenya\Desktop\hakaton\main\resource\ce42e913-b020-4762-abbb-f1aa7bc5da87\main.py Старт. Выполняемый шаг: Ввод в веб-сайт. id: %w9B]^SDY]u6w8A[VN]B
2026-05-23T12:41:01+0300 INFO: C:\Users\Ksenya\Desktop\hakaton\main\resource\ce42e913-b020-4762-abbb-f1aa7bc5da87\main.py Выполнение. Выполняемый шаг: Ввод в веб-сайт. id: %w9B]^SDY]u6w8A[VN]B
2026-05-23T12:41:01+0300 INFO: C:\Users\Ksenya\Desktop\hakaton\main\resource\ce42e913-b020-4762-abbb-f1aa7bc5da87\main.py Завершение. Выполняемый шаг: Ввод в веб-сайт. id: %w9B]^SDY]u6w8A[VN]B
2026-05-23T12:41:01+0300 INFO: C:\Users\Ksenya\Desktop\hakaton\main\resource\ce42e913-b020-4762-abbb-f1aa7bc5da87\main.py Старт. Выполняемый шаг: Ввод в веб-сайт. id: y:}|lxK((=67v}qu8Ym-
2026-05-23T12:41:03+0300 INFO: C:\Users\Ksenya\Desktop\hakaton\main\resource\ce42e913-b020-4762-abbb-f1aa7bc5da87\main.py Выполнение. Выполняемый шаг: Ввод в веб-сайт. id: y:}|lxK((=67v}qu8Ym-
2026-05-23T12:45:37+0300 INFO: Старт робота: C:\Users\Ksenya\Desktop\hakaton\main\resource\41e11fae-4dfb-43e3-896c-bb52d8eb8d4d\main.py
2026-05-23T12:45:37+0300 INFO: C:\Users\Ksenya\Desktop\hakaton\main\resource\41e11fae-4dfb-43e3-896c-bb52d8eb8d4d\main.py Старт. Выполняемый шаг: Обработка ошибки. id: E(ohZ?TiZWX5;}Gqu-r,
2026-05-23T12:45:39+0300 INFO: C:\Users\Ksenya\Desktop\hakaton\main\resource\41e11fae-4dfb-43e3-896c-bb52d8eb8d4d\main.py Выполнение. Выполняемый шаг: Обработка ошибки. id: E(ohZ?TiZWX5;}Gqu-r,
2026-05-23T12:45:39+0300 INFO: C:\Users\Ksenya\Desktop\hakaton\main\resource\41e11fae-4dfb-43e3-896c-bb52d8eb8d4d\main.py Робот запущен
2026-05-23T12:45:39+0300 INFO: C:\Users\Ksenya\Desktop\hakaton\main\resource\41e11fae-4dfb-43e3-896c-bb52d8eb8d4d\main.py Старт. Выполняемый шаг: Присвоить значение переменной. id: uT8K_dR,wNXk4m?dkCsM
2026-05-23T12:45:40+0300 INFO: C:\Users\Ksenya\Desktop\hakaton\main\resource\41e11fae-4dfb-43e3-896c-bb52d8eb8d4d\main.py Выполнение. Выполняемый шаг: Присвоить значение переменной. id: uT8K_dR,wNXk4m?dkCsM
2026-05-23T12:45:40+0300 INFO: C:\Users\Ksenya\Desktop\hakaton\main\resource\41e11fae-4dfb-43e3-896c-bb52d8eb8d4d\main.py Завершение. Выполняемый шаг: Присвоить значение переменной. id: uT8K_dR,wNXk4m?dkCsM
2026-05-23T12:45:40+0300 INFO: C:\Users\Ksenya\Desktop\hakaton\main\resource\41e11fae-4dfb-43e3-896c-bb52d8eb8d4d\main.py Старт. Выполняемый шаг: Присвоить значение переменной. id: :MAZ.Rz62:ZsFDl7vQQJ
2026-05-23T12:45:41+0300 INFO: C:\Users\Ksenya\Desktop\hakaton\main\resource\41e11fae-4dfb-43e3-896c-bb52d8eb8d4d\main.py Выполнение. Выполняемый шаг: Присвоить значение переменной. id: :MAZ.Rz62:ZsFDl7vQQJ
2026-05-23T12:45:41+0300 INFO: C:\Users\Ksenya\Desktop\hakaton\main\resource\41e11fae-4dfb-43e3-896c-bb52d8eb8d4d\main.py Завершение. Выполняемый шаг: Присвоить значение переменной. id: :MAZ.Rz62:ZsFDl7vQQJ
2026-05-23T12:45:41+0300 INFO: C:\Users\Ksenya\Desktop\hakaton\main\resource\41e11fae-4dfb-43e3-896c-bb52d8eb8d4d\main.py Старт. Выполняемый шаг: Присвоить значение переменной. id: WBqw15|Z#}dx_{yM[UJS
2026-05-23T12:45:42+0300 INFO: C:\Users\Ksenya\Desktop\hakaton\main\resource\41e11fae-4dfb-43e3-896c-bb52d8eb8d4d\main.py Выполнение. Выполняемый шаг: Присвоить значение переменной. id: WBqw15|Z#}dx_{yM[UJS
2026-05-23T12:45:42+0300 INFO: C:\Users\Ksenya\Desktop\hakaton\main\resource\41e11fae-4dfb-43e3-896c-bb52d8eb8d4d\main.py Завершение. Выполняемый шаг: Присвоить значение переменной. id: WBqw15|Z#}dx_{yM[UJS
2026-05-23T12:45:42+0300 INFO: C:\Users\Ksenya\Desktop\hakaton\main\resource\41e11fae-4dfb-43e3-896c-bb52d8eb8d4d\main.py Старт. Выполняемый шаг: Присвоить значение переменной. id: ZD}VS]B8yU%7IR$_1:gx
2026-05-23T12:45:42+0300 INFO: C:\Users\Ksenya\Desktop\hakaton\main\resource\41e11fae-4dfb-43e3-896c-bb52d8eb8d4d\main.py Выполнение. Выполняемый шаг: Присвоить значение переменной. id: ZD}VS]B8yU%7IR$_1:gx
2026-05-23T12:45:42+0300 INFO: C:\Users\Ksenya\Desktop\hakaton\main\resource\41e11fae-4dfb-43e3-896c-bb52d8eb8d4d\main.py Старт. Выполняемый шаг: Прочитать файл. id: h-7qLFMP}Ex#VZ)Ao@jd
2026-05-23T12:45:42+0300 INFO: C:\Users\Ksenya\Desktop\hakaton\main\resource\41e11fae-4dfb-43e3-896c-bb52d8eb8d4d\main.py Завершение. Выполняемый шаг: Прочитать файл. id: h-7qLFMP}Ex#VZ)Ao@jd
2026-05-23T12:45:42+0300 INFO: C:\Users\Ksenya\Desktop\hakaton\main\resource\41e11fae-4dfb-43e3-896c-bb52d8eb8d4d\main.py Завершение. Выполняемый шаг: Присвоить значение переменной. id: ZD}VS]B8yU%7IR$_1:gx
2026-05-23T12:45:42+0300 INFO: C:\Users\Ksenya\Desktop\hakaton\main\resource\41e11fae-4dfb-43e3-896c-bb52d8eb8d4d\main.py Старт. Выполняемый шаг: Присвоить значение переменной. id: ^0R|78#C*6Lo31|B;%K9
2026-05-23T12:45:43+0300 INFO: C:\Users\Ksenya\Desktop\hakaton\main\resource\41e11fae-4dfb-43e3-896c-bb52d8eb8d4d\main.py Выполнение. Выполняемый шаг: Присвоить значение переменной. id: ^0R|78#C*6Lo31|B;%K9
2026-05-23T12:45:43+0300 INFO: C:\Users\Ksenya\Desktop\hakaton\main\resource\41e11fae-4dfb-43e3-896c-bb52d8eb8d4d\main.py Завершение. Выполняемый шаг: Присвоить значение переменной. id: ^0R|78#C*6Lo31|B;%K9
2026-05-23T12:45:43+0300 INFO: C:\Users\Ksenya\Desktop\hakaton\main\resource\41e11fae-4dfb-43e3-896c-bb52d8eb8d4d\main.py Старт. Выполняемый шаг: Присвоить значение переменной. id: p$O:QoI+|4ux$8{ysFr:
2026-05-23T12:45:43+0300 INFO: C:\Users\Ksenya\Desktop\hakaton\main\resource\41e11fae-4dfb-43e3-896c-bb52d8eb8d4d\main.py Выполнение. Выполняемый шаг: Присвоить значение переменной. id: p$O:QoI+|4ux$8{ysFr:
2026-05-23T12:45:43+0300 INFO: C:\Users\Ksenya\Desktop\hakaton\main\resource\41e11fae-4dfb-43e3-896c-bb52d8eb8d4d\main.py Завершение. Выполняемый шаг: Присвоить значение переменной. id: p$O:QoI+|4ux$8{ysFr:
2026-05-23T12:45:43+0300 INFO: C:\Users\Ksenya\Desktop\hakaton\main\resource\41e11fae-4dfb-43e3-896c-bb52d8eb8d4d\main.py Старт. Выполняемый шаг: Присвоить значение переменной. id: ]Nwow_`34-zY1snYsMa=
2026-05-23T12:45:44+0300 INFO: C:\Users\Ksenya\Desktop\hakaton\main\resource\41e11fae-4dfb-43e3-896c-bb52d8eb8d4d\main.py Выполнение. Выполняемый шаг: Присвоить значение переменной. id: ]Nwow_`34-zY1snYsMa=
2026-05-23T12:45:44+0300 INFO: C:\Users\Ksenya\Desktop\hakaton\main\resource\41e11fae-4dfb-43e3-896c-bb52d8eb8d4d\main.py Завершение. Выполняемый шаг: Присвоить значение переменной. id: ]Nwow_`34-zY1snYsMa=
2026-05-23T12:45:44+0300 INFO: C:\Users\Ksenya\Desktop\hakaton\main\resource\41e11fae-4dfb-43e3-896c-bb52d8eb8d4d\main.py Старт. Выполняемый шаг: Присвоить значение переменной. id: 7qHD^~+B#bUSw)9hi;V5
2026-05-23T12:45:45+0300 INFO: C:\Users\Ksenya\Desktop\hakaton\main\resource\41e11fae-4dfb-43e3-896c-bb52d8eb8d4d\main.py Выполнение. Выполняемый шаг: Присвоить значение переменной. id: 7qHD^~+B#bUSw)9hi;V5
2026-05-23T12:45:45+0300 INFO: C:\Users\Ksenya\Desktop\hakaton\main\resource\41e11fae-4dfb-43e3-896c-bb52d8eb8d4d\main.py Завершение. Выполняемый шаг: Присвоить значение переменной. id: 7qHD^~+B#bUSw)9hi;V5
2026-05-23T12:45:45+0300 INFO: C:\Users\Ksenya\Desktop\hakaton\main\resource\41e11fae-4dfb-43e3-896c-bb52d8eb8d4d\main.py Старт. Выполняемый шаг: Присвоить значение переменной. id: 3oGjmJ`CaVRVz9#qu*_m
2026-05-23T12:45:45+0300 INFO: C:\Users\Ksenya\Desktop\hakaton\main\resource\41e11fae-4dfb-43e3-896c-bb52d8eb8d4d\main.py Выполнение. Выполняемый шаг: Присвоить значение переменной. id: 3oGjmJ`CaVRVz9#qu*_m
2026-05-23T12:45:45+0300 INFO: C:\Users\Ksenya\Desktop\hakaton\main\resource\41e11fae-4dfb-43e3-896c-bb52d8eb8d4d\main.py Завершение. Выполняемый шаг: Присвоить значение переменной. id: 3oGjmJ`CaVRVz9#qu*_m
2026-05-23T12:45:45+0300 INFO: C:\Users\Ksenya\Desktop\hakaton\main\resource\41e11fae-4dfb-43e3-896c-bb52d8eb8d4d\main.py Старт. Выполняемый шаг: Присвоить значение переменной. id: :kF]*7FA#}yI!L)At3D0
2026-05-23T12:45:46+0300 INFO: C:\Users\Ksenya\Desktop\hakaton\main\resource\41e11fae-4dfb-43e3-896c-bb52d8eb8d4d\main.py Выполнение. Выполняемый шаг: Присвоить значение переменной. id: :kF]*7FA#}yI!L)At3D0
2026-05-23T12:45:46+0300 INFO: C:\Users\Ksenya\Desktop\hakaton\main\resource\41e11fae-4dfb-43e3-896c-bb52d8eb8d4d\main.py Завершение. Выполняемый шаг: Присвоить значение переменной. id: :kF]*7FA#}yI!L)At3D0
2026-05-23T12:45:47+0300 INFO: C:\Users\Ksenya\Desktop\hakaton\main\resource\41e11fae-4dfb-43e3-896c-bb52d8eb8d4d\main.py Отправляю запрос в 1С
2026-05-23T12:45:47+0300 INFO: C:\Users\Ksenya\Desktop\hakaton\main\resource\41e11fae-4dfb-43e3-896c-bb52d8eb8d4d\main.py Старт. Выполняемый шаг: Присвоить значение переменной. id: 5Ew%Wt$JK+7d7TXLxId_
2026-05-23T12:45:48+0300 INFO: C:\Users\Ksenya\Desktop\hakaton\main\resource\41e11fae-4dfb-43e3-896c-bb52d8eb8d4d\main.py Выполнение. Выполняемый шаг: Присвоить значение переменной. id: 5Ew%Wt$JK+7d7TXLxId_
2026-05-23T12:45:48+0300 INFO: C:\Users\Ksenya\Desktop\hakaton\main\resource\41e11fae-4dfb-43e3-896c-bb52d8eb8d4d\main.py Старт. Выполняемый шаг: Создать сессию браузера. id: 4#bM-7PYt%bTkrSh8bfZ
2026-05-23T12:45:54+0300 INFO: C:\Users\Ksenya\Desktop\hakaton\main\resource\41e11fae-4dfb-43e3-896c-bb52d8eb8d4d\main.py Завершение. Выполняемый шаг: Создать сессию браузера. id: 4#bM-7PYt%bTkrSh8bfZ
2026-05-23T12:45:54+0300 INFO: C:\Users\Ksenya\Desktop\hakaton\main\resource\41e11fae-4dfb-43e3-896c-bb52d8eb8d4d\main.py Завершение. Выполняемый шаг: Присвоить значение переменной. id: 5Ew%Wt$JK+7d7TXLxId_
2026-05-23T12:45:54+0300 INFO: C:\Users\Ksenya\Desktop\hakaton\main\resource\41e11fae-4dfb-43e3-896c-bb52d8eb8d4d\main.py Старт. Выполняемый шаг: Открыть страницу в браузере. id: _{QT4zD{Fqs69!/:|#zp
2026-05-23T12:45:56+0300 INFO: C:\Users\Ksenya\Desktop\hakaton\main\resource\41e11fae-4dfb-43e3-896c-bb52d8eb8d4d\main.py Выполнение. Выполняемый шаг: Открыть страницу в браузере. id: _{QT4zD{Fqs69!/:|#zp
2026-05-23T12:45:58+0300 INFO: C:\Users\Ksenya\Desktop\hakaton\main\resource\41e11fae-4dfb-43e3-896c-bb52d8eb8d4d\main.py Завершение. Выполняемый шаг: Открыть страницу в браузере. id: _{QT4zD{Fqs69!/:|#zp
2026-05-23T12:45:58+0300 INFO: C:\Users\Ksenya\Desktop\hakaton\main\resource\41e11fae-4dfb-43e3-896c-bb52d8eb8d4d\main.py Старт. Выполняемый шаг: Задержка. id: ??=,o)g^!HRb+gO2+Wzh
2026-05-23T12:46:00+0300 INFO: C:\Users\Ksenya\Desktop\hakaton\main\resource\41e11fae-4dfb-43e3-896c-bb52d8eb8d4d\main.py Выполнение. Выполняемый шаг: Задержка. id: ??=,o)g^!HRb+gO2+Wzh
2026-05-23T12:46:00+0300 INFO: C:\Users\Ksenya\Desktop\hakaton\main\resource\41e11fae-4dfb-43e3-896c-bb52d8eb8d4d\main.py Старт. Выполняемый шаг: Преобразовать строку в число. id: {Rsp$JX%Cwa].U=6UmD=
2026-05-23T12:46:00+0300 INFO: C:\Users\Ksenya\Desktop\hakaton\main\resource\41e11fae-4dfb-43e3-896c-bb52d8eb8d4d\main.py Завершение. Выполняемый шаг: Преобразовать строку в число. id: {Rsp$JX%Cwa].U=6UmD=
2026-05-23T12:46:15+0300 INFO: C:\Users\Ksenya\Desktop\hakaton\main\resource\41e11fae-4dfb-43e3-896c-bb52d8eb8d4d\main.py Завершение. Выполняемый шаг: Задержка. id: ??=,o)g^!HRb+gO2+Wzh
2026-05-23T12:46:15+0300 INFO: C:\Users\Ksenya\Desktop\hakaton\main\resource\41e11fae-4dfb-43e3-896c-bb52d8eb8d4d\main.py Старт. Выполняемый шаг: Клик по Web-элементу. id: EBp7HZH}x+19aqf!)2/)
2026-05-23T12:47:09+0300 INFO: C:\Users\Ksenya\Desktop\hakaton\main\resource\41e11fae-4dfb-43e3-896c-bb52d8eb8d4d\main.py Выполнение. Выполняемый шаг: Клик по Web-элементу. id: EBp7HZH}x+19aqf!)2/)
2026-05-23T12:47:09+0300 INFO: C:\Users\Ksenya\Desktop\hakaton\main\resource\41e11fae-4dfb-43e3-896c-bb52d8eb8d4d\main.py Завершение. Выполняемый шаг: Клик по Web-элементу. id: EBp7HZH}x+19aqf!)2/)
2026-05-23T12:47:09+0300 INFO: C:\Users\Ksenya\Desktop\hakaton\main\resource\41e11fae-4dfb-43e3-896c-bb52d8eb8d4d\main.py Старт. Выполняемый шаг: Ввод в веб-сайт. id: %w9B]^SDY]u6w8A[VN]B
2026-05-23T12:47:10+0300 INFO: C:\Users\Ksenya\Desktop\hakaton\main\resource\41e11fae-4dfb-43e3-896c-bb52d8eb8d4d\main.py Выполнение. Выполняемый шаг: Ввод в веб-сайт. id: %w9B]^SDY]u6w8A[VN]B
2026-05-23T12:47:10+0300 INFO: C:\Users\Ksenya\Desktop\hakaton\main\resource\41e11fae-4dfb-43e3-896c-bb52d8eb8d4d\main.py Завершение. Выполняемый шаг: Ввод в веб-сайт. id: %w9B]^SDY]u6w8A[VN]B
2026-05-23T12:47:10+0300 INFO: C:\Users\Ksenya\Desktop\hakaton\main\resource\41e11fae-4dfb-43e3-896c-bb52d8eb8d4d\main.py Старт. Выполняемый шаг: Ввод в веб-сайт. id: y:}|lxK((=67v}qu8Ym-
2026-05-23T12:47:12+0300 INFO: C:\Users\Ksenya\Desktop\hakaton\main\resource\41e11fae-4dfb-43e3-896c-bb52d8eb8d4d\main.py Выполнение. Выполняемый шаг: Ввод в веб-сайт. id: y:}|lxK((=67v}qu8Ym-
2026-05-23T12:49:12+0300 INFO: Старт робота: C:\Users\Ksenya\Desktop\hakaton\main\resource\a88cd9b7-f382-420c-b949-d1bb832ad34d\main.py
2026-05-23T12:49:12+0300 INFO: C:\Users\Ksenya\Desktop\hakaton\main\resource\a88cd9b7-f382-420c-b949-d1bb832ad34d\main.py Старт. Выполняемый шаг: Обработка ошибки. id: E(ohZ?TiZWX5;}Gqu-r,
2026-05-23T12:49:13+0300 INFO: C:\Users\Ksenya\Desktop\hakaton\main\resource\a88cd9b7-f382-420c-b949-d1bb832ad34d\main.py Выполнение. Выполняемый шаг: Обработка ошибки. id: E(ohZ?TiZWX5;}Gqu-r,
2026-05-23T12:49:13+0300 INFO: C:\Users\Ksenya\Desktop\hakaton\main\resource\a88cd9b7-f382-420c-b949-d1bb832ad34d\main.py Робот запущен
2026-05-23T12:49:13+0300 INFO: C:\Users\Ksenya\Desktop\hakaton\main\resource\a88cd9b7-f382-420c-b949-d1bb832ad34d\main.py Старт. Выполняемый шаг: Присвоить значение переменной. id: uT8K_dR,wNXk4m?dkCsM
2026-05-23T12:49:14+0300 INFO: C:\Users\Ksenya\Desktop\hakaton\main\resource\a88cd9b7-f382-420c-b949-d1bb832ad34d\main.py Выполнение. Выполняемый шаг: Присвоить значение переменной. id: uT8K_dR,wNXk4m?dkCsM
2026-05-23T12:49:14+0300 INFO: C:\Users\Ksenya\Desktop\hakaton\main\resource\a88cd9b7-f382-420c-b949-d1bb832ad34d\main.py Завершение. Выполняемый шаг: Присвоить значение переменной. id: uT8K_dR,wNXk4m?dkCsM
2026-05-23T12:49:14+0300 INFO: C:\Users\Ksenya\Desktop\hakaton\main\resource\a88cd9b7-f382-420c-b949-d1bb832ad34d\main.py Старт. Выполняемый шаг: Присвоить значение переменной. id: :MAZ.Rz62:ZsFDl7vQQJ
2026-05-23T12:49:15+0300 INFO: C:\Users\Ksenya\Desktop\hakaton\main\resource\a88cd9b7-f382-420c-b949-d1bb832ad34d\main.py Выполнение. Выполняемый шаг: Присвоить значение переменной. id: :MAZ.Rz62:ZsFDl7vQQJ
2026-05-23T12:49:15+0300 INFO: C:\Users\Ksenya\Desktop\hakaton\main\resource\a88cd9b7-f382-420c-b949-d1bb832ad34d\main.py Завершение. Выполняемый шаг: Присвоить значение переменной. id: :MAZ.Rz62:ZsFDl7vQQJ
2026-05-23T12:49:15+0300 INFO: C:\Users\Ksenya\Desktop\hakaton\main\resource\a88cd9b7-f382-420c-b949-d1bb832ad34d\main.py Старт. Выполняемый шаг: Присвоить значение переменной. id: WBqw15|Z#}dx_{yM[UJS
2026-05-23T12:49:16+0300 INFO: C:\Users\Ksenya\Desktop\hakaton\main\resource\a88cd9b7-f382-420c-b949-d1bb832ad34d\main.py Выполнение. Выполняемый шаг: Присвоить значение переменной. id: WBqw15|Z#}dx_{yM[UJS
2026-05-23T12:49:16+0300 INFO: C:\Users\Ksenya\Desktop\hakaton\main\resource\a88cd9b7-f382-420c-b949-d1bb832ad34d\main.py Завершение. Выполняемый шаг: Присвоить значение переменной. id: WBqw15|Z#}dx_{yM[UJS
2026-05-23T12:49:16+0300 INFO: C:\Users\Ksenya\Desktop\hakaton\main\resource\a88cd9b7-f382-420c-b949-d1bb832ad34d\main.py Старт. Выполняемый шаг: Присвоить значение переменной. id: ZD}VS]B8yU%7IR$_1:gx
2026-05-23T12:49:17+0300 INFO: C:\Users\Ksenya\Desktop\hakaton\main\resource\a88cd9b7-f382-420c-b949-d1bb832ad34d\main.py Выполнение. Выполняемый шаг: Присвоить значение переменной. id: ZD}VS]B8yU%7IR$_1:gx
2026-05-23T12:49:17+0300 INFO: C:\Users\Ksenya\Desktop\hakaton\main\resource\a88cd9b7-f382-420c-b949-d1bb832ad34d\main.py Старт. Выполняемый шаг: Прочитать файл. id: h-7qLFMP}Ex#VZ)Ao@jd
2026-05-23T12:49:17+0300 INFO: C:\Users\Ksenya\Desktop\hakaton\main\resource\a88cd9b7-f382-420c-b949-d1bb832ad34d\main.py Завершение. Выполняемый шаг: Прочитать файл. id: h-7qLFMP}Ex#VZ)Ao@jd
2026-05-23T12:49:17+0300 INFO: C:\Users\Ksenya\Desktop\hakaton\main\resource\a88cd9b7-f382-420c-b949-d1bb832ad34d\main.py Завершение. Выполняемый шаг: Присвоить значение переменной. id: ZD}VS]B8yU%7IR$_1:gx
2026-05-23T12:49:17+0300 INFO: C:\Users\Ksenya\Desktop\hakaton\main\resource\a88cd9b7-f382-420c-b949-d1bb832ad34d\main.py Старт. Выполняемый шаг: Присвоить значение переменной. id: ^0R|78#C*6Lo31|B;%K9
2026-05-23T12:49:17+0300 INFO: C:\Users\Ksenya\Desktop\hakaton\main\resource\a88cd9b7-f382-420c-b949-d1bb832ad34d\main.py Выполнение. Выполняемый шаг: Присвоить значение переменной. id: ^0R|78#C*6Lo31|B;%K9
2026-05-23T12:49:17+0300 INFO: C:\Users\Ksenya\Desktop\hakaton\main\resource\a88cd9b7-f382-420c-b949-d1bb832ad34d\main.py Завершение. Выполняемый шаг: Присвоить значение переменной. id: ^0R|78#C*6Lo31|B;%K9
2026-05-23T12:49:17+0300 INFO: C:\Users\Ksenya\Desktop\hakaton\main\resource\a88cd9b7-f382-420c-b949-d1bb832ad34d\main.py Старт. Выполняемый шаг: Присвоить значение переменной. id: p$O:QoI+|4ux$8{ysFr:
2026-05-23T12:49:20+0300 INFO: C:\Users\Ksenya\Desktop\hakaton\main\resource\a88cd9b7-f382-420c-b949-d1bb832ad34d\main.py Выполнение. Выполняемый шаг: Присвоить значение переменной. id: p$O:QoI+|4ux$8{ysFr:
2026-05-23T12:49:20+0300 INFO: C:\Users\Ksenya\Desktop\hakaton\main\resource\a88cd9b7-f382-420c-b949-d1bb832ad34d\main.py Завершение. Выполняемый шаг: Присвоить значение переменной. id: p$O:QoI+|4ux$8{ysFr:
2026-05-23T12:49:20+0300 INFO: C:\Users\Ksenya\Desktop\hakaton\main\resource\a88cd9b7-f382-420c-b949-d1bb832ad34d\main.py Старт. Выполняемый шаг: Присвоить значение переменной. id: ]Nwow_`34-zY1snYsMa=
2026-05-23T12:49:20+0300 INFO: C:\Users\Ksenya\Desktop\hakaton\main\resource\a88cd9b7-f382-420c-b949-d1bb832ad34d\main.py Выполнение. Выполняемый шаг: Присвоить значение переменной. id: ]Nwow_`34-zY1snYsMa=
2026-05-23T12:49:20+0300 INFO: C:\Users\Ksenya\Desktop\hakaton\main\resource\a88cd9b7-f382-420c-b949-d1bb832ad34d\main.py Завершение. Выполняемый шаг: Присвоить значение переменной. id: ]Nwow_`34-zY1snYsMa=
2026-05-23T12:49:20+0300 INFO: C:\Users\Ksenya\Desktop\hakaton\main\resource\a88cd9b7-f382-420c-b949-d1bb832ad34d\main.py Старт. Выполняемый шаг: Присвоить значение переменной. id: 7qHD^~+B#bUSw)9hi;V5
2026-05-23T12:49:21+0300 INFO: C:\Users\Ksenya\Desktop\hakaton\main\resource\a88cd9b7-f382-420c-b949-d1bb832ad34d\main.py Выполнение. Выполняемый шаг: Присвоить значение переменной. id: 7qHD^~+B#bUSw)9hi;V5
2026-05-23T12:49:21+0300 INFO: C:\Users\Ksenya\Desktop\hakaton\main\resource\a88cd9b7-f382-420c-b949-d1bb832ad34d\main.py Завершение. Выполняемый шаг: Присвоить значение переменной. id: 7qHD^~+B#bUSw)9hi;V5
2026-05-23T12:49:21+0300 INFO: C:\Users\Ksenya\Desktop\hakaton\main\resource\a88cd9b7-f382-420c-b949-d1bb832ad34d\main.py Старт. Выполняемый шаг: Присвоить значение переменной. id: 3oGjmJ`CaVRVz9#qu*_m
2026-05-23T12:49:21+0300 INFO: C:\Users\Ksenya\Desktop\hakaton\main\resource\a88cd9b7-f382-420c-b949-d1bb832ad34d\main.py Выполнение. Выполняемый шаг: Присвоить значение переменной. id: 3oGjmJ`CaVRVz9#qu*_m
2026-05-23T12:49:21+0300 INFO: C:\Users\Ksenya\Desktop\hakaton\main\resource\a88cd9b7-f382-420c-b949-d1bb832ad34d\main.py Завершение. Выполняемый шаг: Присвоить значение переменной. id: 3oGjmJ`CaVRVz9#qu*_m
2026-05-23T12:49:21+0300 INFO: C:\Users\Ksenya\Desktop\hakaton\main\resource\a88cd9b7-f382-420c-b949-d1bb832ad34d\main.py Старт. Выполняемый шаг: Присвоить значение переменной. id: :kF]*7FA#}yI!L)At3D0
2026-05-23T12:49:22+0300 INFO: C:\Users\Ksenya\Desktop\hakaton\main\resource\a88cd9b7-f382-420c-b949-d1bb832ad34d\main.py Выполнение. Выполняемый шаг: Присвоить значение переменной. id: :kF]*7FA#}yI!L)At3D0
2026-05-23T12:49:22+0300 INFO: C:\Users\Ksenya\Desktop\hakaton\main\resource\a88cd9b7-f382-420c-b949-d1bb832ad34d\main.py Завершение. Выполняемый шаг: Присвоить значение переменной. id: :kF]*7FA#}yI!L)At3D0
2026-05-23T12:49:23+0300 INFO: C:\Users\Ksenya\Desktop\hakaton\main\resource\a88cd9b7-f382-420c-b949-d1bb832ad34d\main.py Отправляю запрос в 1С
2026-05-23T12:49:23+0300 INFO: C:\Users\Ksenya\Desktop\hakaton\main\resource\a88cd9b7-f382-420c-b949-d1bb832ad34d\main.py Старт. Выполняемый шаг: Присвоить значение переменной. id: 5Ew%Wt$JK+7d7TXLxId_
2026-05-23T12:49:24+0300 INFO: C:\Users\Ksenya\Desktop\hakaton\main\resource\a88cd9b7-f382-420c-b949-d1bb832ad34d\main.py Выполнение. Выполняемый шаг: Присвоить значение переменной. id: 5Ew%Wt$JK+7d7TXLxId_
2026-05-23T12:49:24+0300 INFO: C:\Users\Ksenya\Desktop\hakaton\main\resource\a88cd9b7-f382-420c-b949-d1bb832ad34d\main.py Старт. Выполняемый шаг: Создать сессию браузера. id: 4#bM-7PYt%bTkrSh8bfZ
2026-05-23T12:49:30+0300 INFO: C:\Users\Ksenya\Desktop\hakaton\main\resource\a88cd9b7-f382-420c-b949-d1bb832ad34d\main.py Завершение. Выполняемый шаг: Создать сессию браузера. id: 4#bM-7PYt%bTkrSh8bfZ
2026-05-23T12:49:30+0300 INFO: C:\Users\Ksenya\Desktop\hakaton\main\resource\a88cd9b7-f382-420c-b949-d1bb832ad34d\main.py Завершение. Выполняемый шаг: Присвоить значение переменной. id: 5Ew%Wt$JK+7d7TXLxId_
2026-05-23T12:49:30+0300 INFO: C:\Users\Ksenya\Desktop\hakaton\main\resource\a88cd9b7-f382-420c-b949-d1bb832ad34d\main.py Старт. Выполняемый шаг: Открыть страницу в браузере. id: _{QT4zD{Fqs69!/:|#zp
2026-05-23T12:49:30+0300 INFO: C:\Users\Ksenya\Desktop\hakaton\main\resource\a88cd9b7-f382-420c-b949-d1bb832ad34d\main.py Выполнение. Выполняемый шаг: Открыть страницу в браузере. id: _{QT4zD{Fqs69!/:|#zp
2026-05-23T12:49:33+0300 INFO: C:\Users\Ksenya\Desktop\hakaton\main\resource\a88cd9b7-f382-420c-b949-d1bb832ad34d\main.py Завершение. Выполняемый шаг: Открыть страницу в браузере. id: _{QT4zD{Fqs69!/:|#zp
2026-05-23T12:49:33+0300 INFO: C:\Users\Ksenya\Desktop\hakaton\main\resource\a88cd9b7-f382-420c-b949-d1bb832ad34d\main.py Старт. Выполняемый шаг: Задержка. id: ??=,o)g^!HRb+gO2+Wzh
2026-05-23T12:49:35+0300 INFO: C:\Users\Ksenya\Desktop\hakaton\main\resource\a88cd9b7-f382-420c-b949-d1bb832ad34d\main.py Выполнение. Выполняемый шаг: Задержка. id: ??=,o)g^!HRb+gO2+Wzh
2026-05-23T12:49:35+0300 INFO: C:\Users\Ksenya\Desktop\hakaton\main\resource\a88cd9b7-f382-420c-b949-d1bb832ad34d\main.py Старт. Выполняемый шаг: Преобразовать строку в число. id: {Rsp$JX%Cwa].U=6UmD=
2026-05-23T12:49:35+0300 INFO: C:\Users\Ksenya\Desktop\hakaton\main\resource\a88cd9b7-f382-420c-b949-d1bb832ad34d\main.py Завершение. Выполняемый шаг: Преобразовать строку в число. id: {Rsp$JX%Cwa].U=6UmD=
2026-05-23T12:49:50+0300 INFO: C:\Users\Ksenya\Desktop\hakaton\main\resource\a88cd9b7-f382-420c-b949-d1bb832ad34d\main.py Завершение. Выполняемый шаг: Задержка. id: ??=,o)g^!HRb+gO2+Wzh
2026-05-23T12:49:50+0300 INFO: C:\Users\Ksenya\Desktop\hakaton\main\resource\a88cd9b7-f382-420c-b949-d1bb832ad34d\main.py Старт. Выполняемый шаг: Клик по Web-элементу. id: EBp7HZH}x+19aqf!)2/)
2026-05-23T12:49:52+0300 INFO: C:\Users\Ksenya\Desktop\hakaton\main\resource\a88cd9b7-f382-420c-b949-d1bb832ad34d\main.py Выполнение. Выполняемый шаг: Клик по Web-элементу. id: EBp7HZH}x+19aqf!)2/)
2026-05-23T12:49:52+0300 INFO: C:\Users\Ksenya\Desktop\hakaton\main\resource\a88cd9b7-f382-420c-b949-d1bb832ad34d\main.py Завершение. Выполняемый шаг: Клик по Web-элементу. id: EBp7HZH}x+19aqf!)2/)
2026-05-23T12:49:52+0300 INFO: C:\Users\Ksenya\Desktop\hakaton\main\resource\a88cd9b7-f382-420c-b949-d1bb832ad34d\main.py Старт. Выполняемый шаг: Ввод в веб-сайт. id: %w9B]^SDY]u6w8A[VN]B
2026-05-23T12:49:55+0300 INFO: C:\Users\Ksenya\Desktop\hakaton\main\resource\a88cd9b7-f382-420c-b949-d1bb832ad34d\main.py Выполнение. Выполняемый шаг: Ввод в веб-сайт. id: %w9B]^SDY]u6w8A[VN]B
2026-05-23T12:49:55+0300 INFO: C:\Users\Ksenya\Desktop\hakaton\main\resource\a88cd9b7-f382-420c-b949-d1bb832ad34d\main.py Завершение. Выполняемый шаг: Ввод в веб-сайт. id: %w9B]^SDY]u6w8A[VN]B
2026-05-23T12:49:55+0300 INFO: C:\Users\Ksenya\Desktop\hakaton\main\resource\a88cd9b7-f382-420c-b949-d1bb832ad34d\main.py Старт. Выполняемый шаг: Клик по Web-элементу. id: H6A$`ZrfUnP;M.)V!gP%
2026-05-23T12:49:56+0300 INFO: C:\Users\Ksenya\Desktop\hakaton\main\resource\a88cd9b7-f382-420c-b949-d1bb832ad34d\main.py Выполнение. Выполняемый шаг: Клик по Web-элементу. id: H6A$`ZrfUnP;M.)V!gP%
2026-05-23T12:49:56+0300 INFO: C:\Users\Ksenya\Desktop\hakaton\main\resource\a88cd9b7-f382-420c-b949-d1bb832ad34d\main.py Завершение. Выполняемый шаг: Клик по Web-элементу. id: H6A$`ZrfUnP;M.)V!gP%
2026-05-23T12:49:56+0300 INFO: C:\Users\Ksenya\Desktop\hakaton\main\resource\a88cd9b7-f382-420c-b949-d1bb832ad34d\main.py Старт. Выполняемый шаг: Ввод в веб-сайт. id: y:}|lxK((=67v}qu8Ym-
2026-05-23T12:49:57+0300 INFO: C:\Users\Ksenya\Desktop\hakaton\main\resource\a88cd9b7-f382-420c-b949-d1bb832ad34d\main.py Выполнение. Выполняемый шаг: Ввод в веб-сайт. id: y:}|lxK((=67v}qu8Ym-
2026-05-23T12:51:17+0300 INFO: Старт робота: C:\Users\Ksenya\Desktop\hakaton\main\resource\54064a60-1883-4006-8d8c-30f016817684\main.py
2026-05-23T12:51:17+0300 INFO: C:\Users\Ksenya\Desktop\hakaton\main\resource\54064a60-1883-4006-8d8c-30f016817684\main.py Старт. Выполняемый шаг: Обработка ошибки. id: E(ohZ?TiZWX5;}Gqu-r,
2026-05-23T12:51:19+0300 INFO: C:\Users\Ksenya\Desktop\hakaton\main\resource\54064a60-1883-4006-8d8c-30f016817684\main.py Выполнение. Выполняемый шаг: Обработка ошибки. id: E(ohZ?TiZWX5;}Gqu-r,
2026-05-23T12:51:19+0300 INFO: C:\Users\Ksenya\Desktop\hakaton\main\resource\54064a60-1883-4006-8d8c-30f016817684\main.py Робот запущен
2026-05-23T12:51:19+0300 INFO: C:\Users\Ksenya\Desktop\hakaton\main\resource\54064a60-1883-4006-8d8c-30f016817684\main.py Старт. Выполняемый шаг: Присвоить значение переменной. id: uT8K_dR,wNXk4m?dkCsM
2026-05-23T12:51:20+0300 INFO: C:\Users\Ksenya\Desktop\hakaton\main\resource\54064a60-1883-4006-8d8c-30f016817684\main.py Выполнение. Выполняемый шаг: Присвоить значение переменной. id: uT8K_dR,wNXk4m?dkCsM
2026-05-23T12:51:20+0300 INFO: C:\Users\Ksenya\Desktop\hakaton\main\resource\54064a60-1883-4006-8d8c-30f016817684\main.py Завершение. Выполняемый шаг: Присвоить значение переменной. id: uT8K_dR,wNXk4m?dkCsM
2026-05-23T12:51:20+0300 INFO: C:\Users\Ksenya\Desktop\hakaton\main\resource\54064a60-1883-4006-8d8c-30f016817684\main.py Старт. Выполняемый шаг: Присвоить значение переменной. id: :MAZ.Rz62:ZsFDl7vQQJ
2026-05-23T12:51:20+0300 INFO: C:\Users\Ksenya\Desktop\hakaton\main\resource\54064a60-1883-4006-8d8c-30f016817684\main.py Выполнение. Выполняемый шаг: Присвоить значение переменной. id: :MAZ.Rz62:ZsFDl7vQQJ
2026-05-23T12:51:20+0300 INFO: C:\Users\Ksenya\Desktop\hakaton\main\resource\54064a60-1883-4006-8d8c-30f016817684\main.py Завершение. Выполняемый шаг: Присвоить значение переменной. id: :MAZ.Rz62:ZsFDl7vQQJ
2026-05-23T12:51:20+0300 INFO: C:\Users\Ksenya\Desktop\hakaton\main\resource\54064a60-1883-4006-8d8c-30f016817684\main.py Старт. Выполняемый шаг: Присвоить значение переменной. id: WBqw15|Z#}dx_{yM[UJS
2026-05-23T12:51:21+0300 INFO: C:\Users\Ksenya\Desktop\hakaton\main\resource\54064a60-1883-4006-8d8c-30f016817684\main.py Выполнение. Выполняемый шаг: Присвоить значение переменной. id: WBqw15|Z#}dx_{yM[UJS
2026-05-23T12:51:21+0300 INFO: C:\Users\Ksenya\Desktop\hakaton\main\resource\54064a60-1883-4006-8d8c-30f016817684\main.py Завершение. Выполняемый шаг: Присвоить значение переменной. id: WBqw15|Z#}dx_{yM[UJS
2026-05-23T12:51:21+0300 INFO: C:\Users\Ksenya\Desktop\hakaton\main\resource\54064a60-1883-4006-8d8c-30f016817684\main.py Старт. Выполняемый шаг: Присвоить значение переменной. id: ZD}VS]B8yU%7IR$_1:gx
2026-05-23T12:51:22+0300 INFO: C:\Users\Ksenya\Desktop\hakaton\main\resource\54064a60-1883-4006-8d8c-30f016817684\main.py Выполнение. Выполняемый шаг: Присвоить значение переменной. id: ZD}VS]B8yU%7IR$_1:gx
2026-05-23T12:51:22+0300 INFO: C:\Users\Ksenya\Desktop\hakaton\main\resource\54064a60-1883-4006-8d8c-30f016817684\main.py Старт. Выполняемый шаг: Прочитать файл. id: h-7qLFMP}Ex#VZ)Ao@jd
2026-05-23T12:51:22+0300 INFO: C:\Users\Ksenya\Desktop\hakaton\main\resource\54064a60-1883-4006-8d8c-30f016817684\main.py Завершение. Выполняемый шаг: Прочитать файл. id: h-7qLFMP}Ex#VZ)Ao@jd
2026-05-23T12:51:22+0300 INFO: C:\Users\Ksenya\Desktop\hakaton\main\resource\54064a60-1883-4006-8d8c-30f016817684\main.py Завершение. Выполняемый шаг: Присвоить значение переменной. id: ZD}VS]B8yU%7IR$_1:gx
2026-05-23T12:51:22+0300 INFO: C:\Users\Ksenya\Desktop\hakaton\main\resource\54064a60-1883-4006-8d8c-30f016817684\main.py Старт. Выполняемый шаг: Присвоить значение переменной. id: ^0R|78#C*6Lo31|B;%K9
2026-05-23T12:51:23+0300 INFO: C:\Users\Ksenya\Desktop\hakaton\main\resource\54064a60-1883-4006-8d8c-30f016817684\main.py Выполнение. Выполняемый шаг: Присвоить значение переменной. id: ^0R|78#C*6Lo31|B;%K9
2026-05-23T12:51:23+0300 INFO: C:\Users\Ksenya\Desktop\hakaton\main\resource\54064a60-1883-4006-8d8c-30f016817684\main.py Завершение. Выполняемый шаг: Присвоить значение переменной. id: ^0R|78#C*6Lo31|B;%K9
2026-05-23T12:51:23+0300 INFO: C:\Users\Ksenya\Desktop\hakaton\main\resource\54064a60-1883-4006-8d8c-30f016817684\main.py Старт. Выполняемый шаг: Присвоить значение переменной. id: p$O:QoI+|4ux$8{ysFr:
2026-05-23T12:51:23+0300 INFO: C:\Users\Ksenya\Desktop\hakaton\main\resource\54064a60-1883-4006-8d8c-30f016817684\main.py Выполнение. Выполняемый шаг: Присвоить значение переменной. id: p$O:QoI+|4ux$8{ysFr:
2026-05-23T12:51:23+0300 INFO: C:\Users\Ksenya\Desktop\hakaton\main\resource\54064a60-1883-4006-8d8c-30f016817684\main.py Завершение. Выполняемый шаг: Присвоить значение переменной. id: p$O:QoI+|4ux$8{ysFr:
2026-05-23T12:51:23+0300 INFO: C:\Users\Ksenya\Desktop\hakaton\main\resource\54064a60-1883-4006-8d8c-30f016817684\main.py Старт. Выполняемый шаг: Присвоить значение переменной. id: ]Nwow_`34-zY1snYsMa=
2026-05-23T12:51:24+0300 INFO: C:\Users\Ksenya\Desktop\hakaton\main\resource\54064a60-1883-4006-8d8c-30f016817684\main.py Выполнение. Выполняемый шаг: Присвоить значение переменной. id: ]Nwow_`34-zY1snYsMa=
2026-05-23T12:51:24+0300 INFO: C:\Users\Ksenya\Desktop\hakaton\main\resource\54064a60-1883-4006-8d8c-30f016817684\main.py Завершение. Выполняемый шаг: Присвоить значение переменной. id: ]Nwow_`34-zY1snYsMa=
2026-05-23T12:51:24+0300 INFO: C:\Users\Ksenya\Desktop\hakaton\main\resource\54064a60-1883-4006-8d8c-30f016817684\main.py Старт. Выполняемый шаг: Присвоить значение переменной. id: 7qHD^~+B#bUSw)9hi;V5
2026-05-23T12:51:25+0300 INFO: C:\Users\Ksenya\Desktop\hakaton\main\resource\54064a60-1883-4006-8d8c-30f016817684\main.py Выполнение. Выполняемый шаг: Присвоить значение переменной. id: 7qHD^~+B#bUSw)9hi;V5
2026-05-23T12:51:25+0300 INFO: C:\Users\Ksenya\Desktop\hakaton\main\resource\54064a60-1883-4006-8d8c-30f016817684\main.py Завершение. Выполняемый шаг: Присвоить значение переменной. id: 7qHD^~+B#bUSw)9hi;V5
2026-05-23T12:51:25+0300 INFO: C:\Users\Ksenya\Desktop\hakaton\main\resource\54064a60-1883-4006-8d8c-30f016817684\main.py Старт. Выполняемый шаг: Присвоить значение переменной. id: 3oGjmJ`CaVRVz9#qu*_m
2026-05-23T12:51:25+0300 INFO: C:\Users\Ksenya\Desktop\hakaton\main\resource\54064a60-1883-4006-8d8c-30f016817684\main.py Выполнение. Выполняемый шаг: Присвоить значение переменной. id: 3oGjmJ`CaVRVz9#qu*_m
2026-05-23T12:51:25+0300 INFO: C:\Users\Ksenya\Desktop\hakaton\main\resource\54064a60-1883-4006-8d8c-30f016817684\main.py Завершение. Выполняемый шаг: Присвоить значение переменной. id: 3oGjmJ`CaVRVz9#qu*_m
2026-05-23T12:51:25+0300 INFO: C:\Users\Ksenya\Desktop\hakaton\main\resource\54064a60-1883-4006-8d8c-30f016817684\main.py Старт. Выполняемый шаг: Присвоить значение переменной. id: :kF]*7FA#}yI!L)At3D0
2026-05-23T12:51:26+0300 INFO: C:\Users\Ksenya\Desktop\hakaton\main\resource\54064a60-1883-4006-8d8c-30f016817684\main.py Выполнение. Выполняемый шаг: Присвоить значение переменной. id: :kF]*7FA#}yI!L)At3D0
2026-05-23T12:51:26+0300 INFO: C:\Users\Ksenya\Desktop\hakaton\main\resource\54064a60-1883-4006-8d8c-30f016817684\main.py Завершение. Выполняемый шаг: Присвоить значение переменной. id: :kF]*7FA#}yI!L)At3D0
2026-05-23T12:51:27+0300 INFO: C:\Users\Ksenya\Desktop\hakaton\main\resource\54064a60-1883-4006-8d8c-30f016817684\main.py Отправляю запрос в 1С
2026-05-23T12:51:27+0300 INFO: C:\Users\Ksenya\Desktop\hakaton\main\resource\54064a60-1883-4006-8d8c-30f016817684\main.py Старт. Выполняемый шаг: Присвоить значение переменной. id: 5Ew%Wt$JK+7d7TXLxId_
2026-05-23T12:51:27+0300 INFO: C:\Users\Ksenya\Desktop\hakaton\main\resource\54064a60-1883-4006-8d8c-30f016817684\main.py Выполнение. Выполняемый шаг: Присвоить значение переменной. id: 5Ew%Wt$JK+7d7TXLxId_
2026-05-23T12:51:27+0300 INFO: C:\Users\Ksenya\Desktop\hakaton\main\resource\54064a60-1883-4006-8d8c-30f016817684\main.py Старт. Выполняемый шаг: Создать сессию браузера. id: 4#bM-7PYt%bTkrSh8bfZ
2026-05-23T12:51:28+0300 INFO: C:\Users\Ksenya\Desktop\hakaton\main\resource\54064a60-1883-4006-8d8c-30f016817684\main.py Завершение. Выполняемый шаг: Создать сессию браузера. id: 4#bM-7PYt%bTkrSh8bfZ
2026-05-23T12:51:28+0300 INFO: C:\Users\Ksenya\Desktop\hakaton\main\resource\54064a60-1883-4006-8d8c-30f016817684\main.py Завершение. Выполняемый шаг: Присвоить значение переменной. id: 5Ew%Wt$JK+7d7TXLxId_
2026-05-23T12:51:28+0300 INFO: C:\Users\Ksenya\Desktop\hakaton\main\resource\54064a60-1883-4006-8d8c-30f016817684\main.py Старт. Выполняемый шаг: Открыть страницу в браузере. id: _{QT4zD{Fqs69!/:|#zp
2026-05-23T12:51:36+0300 INFO: C:\Users\Ksenya\Desktop\hakaton\main\resource\54064a60-1883-4006-8d8c-30f016817684\main.py Выполнение. Выполняемый шаг: Открыть страницу в браузере. id: _{QT4zD{Fqs69!/:|#zp
2026-05-23T12:51:36+0300 INFO: C:\Users\Ksenya\Desktop\hakaton\main\resource\54064a60-1883-4006-8d8c-30f016817684\main.py Завершение. Выполняемый шаг: Открыть страницу в браузере. id: _{QT4zD{Fqs69!/:|#zp
2026-05-23T12:51:36+0300 INFO: C:\Users\Ksenya\Desktop\hakaton\main\resource\54064a60-1883-4006-8d8c-30f016817684\main.py Старт. Выполняемый шаг: Задержка. id: ??=,o)g^!HRb+gO2+Wzh
2026-05-23T12:51:38+0300 INFO: C:\Users\Ksenya\Desktop\hakaton\main\resource\54064a60-1883-4006-8d8c-30f016817684\main.py Выполнение. Выполняемый шаг: Задержка. id: ??=,o)g^!HRb+gO2+Wzh
2026-05-23T12:51:38+0300 INFO: C:\Users\Ksenya\Desktop\hakaton\main\resource\54064a60-1883-4006-8d8c-30f016817684\main.py Старт. Выполняемый шаг: Преобразовать строку в число. id: {Rsp$JX%Cwa].U=6UmD=
2026-05-23T12:51:38+0300 INFO: C:\Users\Ksenya\Desktop\hakaton\main\resource\54064a60-1883-4006-8d8c-30f016817684\main.py Завершение. Выполняемый шаг: Преобразовать строку в число. id: {Rsp$JX%Cwa].U=6UmD=
2026-05-23T12:51:53+0300 INFO: C:\Users\Ksenya\Desktop\hakaton\main\resource\54064a60-1883-4006-8d8c-30f016817684\main.py Завершение. Выполняемый шаг: Задержка. id: ??=,o)g^!HRb+gO2+Wzh
2026-05-23T12:51:53+0300 INFO: C:\Users\Ksenya\Desktop\hakaton\main\resource\54064a60-1883-4006-8d8c-30f016817684\main.py Старт. Выполняемый шаг: Клик по Web-элементу. id: EBp7HZH}x+19aqf!)2/)
2026-05-23T12:52:50+0300 INFO: C:\Users\Ksenya\Desktop\hakaton\main\resource\54064a60-1883-4006-8d8c-30f016817684\main.py Выполнение. Выполняемый шаг: Клик по Web-элементу. id: EBp7HZH}x+19aqf!)2/)
2026-05-23T12:52:50+0300 INFO: C:\Users\Ksenya\Desktop\hakaton\main\resource\54064a60-1883-4006-8d8c-30f016817684\main.py Завершение. Выполняемый шаг: Клик по Web-элементу. id: EBp7HZH}x+19aqf!)2/)
2026-05-23T12:52:50+0300 INFO: C:\Users\Ksenya\Desktop\hakaton\main\resource\54064a60-1883-4006-8d8c-30f016817684\main.py Старт. Выполняемый шаг: Ввод в веб-сайт. id: %w9B]^SDY]u6w8A[VN]B
2026-05-23T12:52:51+0300 INFO: C:\Users\Ksenya\Desktop\hakaton\main\resource\54064a60-1883-4006-8d8c-30f016817684\main.py Выполнение. Выполняемый шаг: Ввод в веб-сайт. id: %w9B]^SDY]u6w8A[VN]B
2026-05-23T12:52:52+0300 INFO: C:\Users\Ksenya\Desktop\hakaton\main\resource\54064a60-1883-4006-8d8c-30f016817684\main.py Завершение. Выполняемый шаг: Ввод в веб-сайт. id: %w9B]^SDY]u6w8A[VN]B
2026-05-23T12:52:52+0300 INFO: C:\Users\Ksenya\Desktop\hakaton\main\resource\54064a60-1883-4006-8d8c-30f016817684\main.py Старт. Выполняемый шаг: Клик по Web-элементу. id: H6A$`ZrfUnP;M.)V!gP%
2026-05-23T12:52:53+0300 INFO: C:\Users\Ksenya\Desktop\hakaton\main\resource\54064a60-1883-4006-8d8c-30f016817684\main.py Выполнение. Выполняемый шаг: Клик по Web-элементу. id: H6A$`ZrfUnP;M.)V!gP%
2026-05-23T12:52:53+0300 INFO: C:\Users\Ksenya\Desktop\hakaton\main\resource\54064a60-1883-4006-8d8c-30f016817684\main.py Завершение. Выполняемый шаг: Клик по Web-элементу. id: H6A$`ZrfUnP;M.)V!gP%
2026-05-23T12:52:53+0300 INFO: C:\Users\Ksenya\Desktop\hakaton\main\resource\54064a60-1883-4006-8d8c-30f016817684\main.py Старт. Выполняемый шаг: Ввод в веб-сайт. id: y:}|lxK((=67v}qu8Ym-
2026-05-23T12:52:54+0300 INFO: C:\Users\Ksenya\Desktop\hakaton\main\resource\54064a60-1883-4006-8d8c-30f016817684\main.py Выполнение. Выполняемый шаг: Ввод в веб-сайт. id: y:}|lxK((=67v}qu8Ym-
2026-05-23T12:54:21+0300 INFO: Старт робота: C:\Users\Ksenya\Desktop\hakaton\main\resource\c09fb3e1-cf45-4351-af3b-61390e1f4423\main.py
2026-05-23T12:54:21+0300 INFO: C:\Users\Ksenya\Desktop\hakaton\main\resource\c09fb3e1-cf45-4351-af3b-61390e1f4423\main.py Старт. Выполняемый шаг: Обработка ошибки. id: E(ohZ?TiZWX5;}Gqu-r,
2026-05-23T12:54:32+0300 INFO: Старт робота: C:\Users\Ksenya\Desktop\hakaton\main\resource\aae85ca0-cb67-436d-890f-7f4b7d69681e\main.py
2026-05-23T12:54:32+0300 INFO: C:\Users\Ksenya\Desktop\hakaton\main\resource\aae85ca0-cb67-436d-890f-7f4b7d69681e\main.py Старт. Выполняемый шаг: Обработка ошибки. id: E(ohZ?TiZWX5;}Gqu-r,
2026-05-23T12:54:34+0300 INFO: C:\Users\Ksenya\Desktop\hakaton\main\resource\aae85ca0-cb67-436d-890f-7f4b7d69681e\main.py Выполнение. Выполняемый шаг: Обработка ошибки. id: E(ohZ?TiZWX5;}Gqu-r,
2026-05-23T12:54:34+0300 INFO: C:\Users\Ksenya\Desktop\hakaton\main\resource\aae85ca0-cb67-436d-890f-7f4b7d69681e\main.py Робот запущен
2026-05-23T12:54:34+0300 INFO: C:\Users\Ksenya\Desktop\hakaton\main\resource\aae85ca0-cb67-436d-890f-7f4b7d69681e\main.py Старт. Выполняемый шаг: Присвоить значение переменной. id: uT8K_dR,wNXk4m?dkCsM
2026-05-23T12:54:35+0300 INFO: C:\Users\Ksenya\Desktop\hakaton\main\resource\aae85ca0-cb67-436d-890f-7f4b7d69681e\main.py Выполнение. Выполняемый шаг: Присвоить значение переменной. id: uT8K_dR,wNXk4m?dkCsM
2026-05-23T12:54:35+0300 INFO: C:\Users\Ksenya\Desktop\hakaton\main\resource\aae85ca0-cb67-436d-890f-7f4b7d69681e\main.py Завершение. Выполняемый шаг: Присвоить значение переменной. id: uT8K_dR,wNXk4m?dkCsM
2026-05-23T12:54:35+0300 INFO: C:\Users\Ksenya\Desktop\hakaton\main\resource\aae85ca0-cb67-436d-890f-7f4b7d69681e\main.py Старт. Выполняемый шаг: Присвоить значение переменной. id: :MAZ.Rz62:ZsFDl7vQQJ
2026-05-23T12:54:36+0300 INFO: C:\Users\Ksenya\Desktop\hakaton\main\resource\aae85ca0-cb67-436d-890f-7f4b7d69681e\main.py Выполнение. Выполняемый шаг: Присвоить значение переменной. id: :MAZ.Rz62:ZsFDl7vQQJ
2026-05-23T12:54:36+0300 INFO: C:\Users\Ksenya\Desktop\hakaton\main\resource\aae85ca0-cb67-436d-890f-7f4b7d69681e\main.py Завершение. Выполняемый шаг: Присвоить значение переменной. id: :MAZ.Rz62:ZsFDl7vQQJ
2026-05-23T12:54:36+0300 INFO: C:\Users\Ksenya\Desktop\hakaton\main\resource\aae85ca0-cb67-436d-890f-7f4b7d69681e\main.py Старт. Выполняемый шаг: Присвоить значение переменной. id: WBqw15|Z#}dx_{yM[UJS
2026-05-23T12:54:37+0300 INFO: C:\Users\Ksenya\Desktop\hakaton\main\resource\aae85ca0-cb67-436d-890f-7f4b7d69681e\main.py Выполнение. Выполняемый шаг: Присвоить значение переменной. id: WBqw15|Z#}dx_{yM[UJS
2026-05-23T12:54:37+0300 INFO: C:\Users\Ksenya\Desktop\hakaton\main\resource\aae85ca0-cb67-436d-890f-7f4b7d69681e\main.py Завершение. Выполняемый шаг: Присвоить значение переменной. id: WBqw15|Z#}dx_{yM[UJS
2026-05-23T12:54:37+0300 INFO: C:\Users\Ksenya\Desktop\hakaton\main\resource\aae85ca0-cb67-436d-890f-7f4b7d69681e\main.py Старт. Выполняемый шаг: Присвоить значение переменной. id: ZD}VS]B8yU%7IR$_1:gx
2026-05-23T12:54:37+0300 INFO: C:\Users\Ksenya\Desktop\hakaton\main\resource\aae85ca0-cb67-436d-890f-7f4b7d69681e\main.py Выполнение. Выполняемый шаг: Присвоить значение переменной. id: ZD}VS]B8yU%7IR$_1:gx
2026-05-23T12:54:37+0300 INFO: C:\Users\Ksenya\Desktop\hakaton\main\resource\aae85ca0-cb67-436d-890f-7f4b7d69681e\main.py Старт. Выполняемый шаг: Прочитать файл. id: h-7qLFMP}Ex#VZ)Ao@jd
2026-05-23T12:54:37+0300 INFO: C:\Users\Ksenya\Desktop\hakaton\main\resource\aae85ca0-cb67-436d-890f-7f4b7d69681e\main.py Завершение. Выполняемый шаг: Прочитать файл. id: h-7qLFMP}Ex#VZ)Ao@jd
2026-05-23T12:54:37+0300 INFO: C:\Users\Ksenya\Desktop\hakaton\main\resource\aae85ca0-cb67-436d-890f-7f4b7d69681e\main.py Завершение. Выполняемый шаг: Присвоить значение переменной. id: ZD}VS]B8yU%7IR$_1:gx
2026-05-23T12:54:37+0300 INFO: C:\Users\Ksenya\Desktop\hakaton\main\resource\aae85ca0-cb67-436d-890f-7f4b7d69681e\main.py Старт. Выполняемый шаг: Присвоить значение переменной. id: ^0R|78#C*6Lo31|B;%K9
2026-05-23T12:54:38+0300 INFO: C:\Users\Ksenya\Desktop\hakaton\main\resource\aae85ca0-cb67-436d-890f-7f4b7d69681e\main.py Выполнение. Выполняемый шаг: Присвоить значение переменной. id: ^0R|78#C*6Lo31|B;%K9
2026-05-23T12:54:38+0300 INFO: C:\Users\Ksenya\Desktop\hakaton\main\resource\aae85ca0-cb67-436d-890f-7f4b7d69681e\main.py Завершение. Выполняемый шаг: Присвоить значение переменной. id: ^0R|78#C*6Lo31|B;%K9
2026-05-23T12:54:38+0300 INFO: C:\Users\Ksenya\Desktop\hakaton\main\resource\aae85ca0-cb67-436d-890f-7f4b7d69681e\main.py Старт. Выполняемый шаг: Присвоить значение переменной. id: p$O:QoI+|4ux$8{ysFr:
2026-05-23T12:54:39+0300 INFO: C:\Users\Ksenya\Desktop\hakaton\main\resource\aae85ca0-cb67-436d-890f-7f4b7d69681e\main.py Выполнение. Выполняемый шаг: Присвоить значение переменной. id: p$O:QoI+|4ux$8{ysFr:
2026-05-23T12:54:39+0300 INFO: C:\Users\Ksenya\Desktop\hakaton\main\resource\aae85ca0-cb67-436d-890f-7f4b7d69681e\main.py Завершение. Выполняемый шаг: Присвоить значение переменной. id: p$O:QoI+|4ux$8{ysFr:
2026-05-23T12:54:39+0300 INFO: C:\Users\Ksenya\Desktop\hakaton\main\resource\aae85ca0-cb67-436d-890f-7f4b7d69681e\main.py Старт. Выполняемый шаг: Присвоить значение переменной. id: ]Nwow_`34-zY1snYsMa=
2026-05-23T12:54:39+0300 INFO: C:\Users\Ksenya\Desktop\hakaton\main\resource\aae85ca0-cb67-436d-890f-7f4b7d69681e\main.py Выполнение. Выполняемый шаг: Присвоить значение переменной. id: ]Nwow_`34-zY1snYsMa=
2026-05-23T12:54:39+0300 INFO: C:\Users\Ksenya\Desktop\hakaton\main\resource\aae85ca0-cb67-436d-890f-7f4b7d69681e\main.py Завершение. Выполняемый шаг: Присвоить значение переменной. id: ]Nwow_`34-zY1snYsMa=
2026-05-23T12:54:39+0300 INFO: C:\Users\Ksenya\Desktop\hakaton\main\resource\aae85ca0-cb67-436d-890f-7f4b7d69681e\main.py Старт. Выполняемый шаг: Присвоить значение переменной. id: 7qHD^~+B#bUSw)9hi;V5
2026-05-23T12:54:40+0300 INFO: C:\Users\Ksenya\Desktop\hakaton\main\resource\aae85ca0-cb67-436d-890f-7f4b7d69681e\main.py Выполнение. Выполняемый шаг: Присвоить значение переменной. id: 7qHD^~+B#bUSw)9hi;V5
2026-05-23T12:54:40+0300 INFO: C:\Users\Ksenya\Desktop\hakaton\main\resource\aae85ca0-cb67-436d-890f-7f4b7d69681e\main.py Завершение. Выполняемый шаг: Присвоить значение переменной. id: 7qHD^~+B#bUSw)9hi;V5
2026-05-23T12:54:40+0300 INFO: C:\Users\Ksenya\Desktop\hakaton\main\resource\aae85ca0-cb67-436d-890f-7f4b7d69681e\main.py Старт. Выполняемый шаг: Присвоить значение переменной. id: 3oGjmJ`CaVRVz9#qu*_m
2026-05-23T12:54:41+0300 INFO: C:\Users\Ksenya\Desktop\hakaton\main\resource\aae85ca0-cb67-436d-890f-7f4b7d69681e\main.py Выполнение. Выполняемый шаг: Присвоить значение переменной. id: 3oGjmJ`CaVRVz9#qu*_m
2026-05-23T12:54:41+0300 INFO: C:\Users\Ksenya\Desktop\hakaton\main\resource\aae85ca0-cb67-436d-890f-7f4b7d69681e\main.py Завершение. Выполняемый шаг: Присвоить значение переменной. id: 3oGjmJ`CaVRVz9#qu*_m
2026-05-23T12:54:41+0300 INFO: C:\Users\Ksenya\Desktop\hakaton\main\resource\aae85ca0-cb67-436d-890f-7f4b7d69681e\main.py Старт. Выполняемый шаг: Присвоить значение переменной. id: :kF]*7FA#}yI!L)At3D0
2026-05-23T12:54:41+0300 INFO: C:\Users\Ksenya\Desktop\hakaton\main\resource\aae85ca0-cb67-436d-890f-7f4b7d69681e\main.py Выполнение. Выполняемый шаг: Присвоить значение переменной. id: :kF]*7FA#}yI!L)At3D0
2026-05-23T12:54:41+0300 INFO: C:\Users\Ksenya\Desktop\hakaton\main\resource\aae85ca0-cb67-436d-890f-7f4b7d69681e\main.py Завершение. Выполняемый шаг: Присвоить значение переменной. id: :kF]*7FA#}yI!L)At3D0
2026-05-23T12:54:42+0300 INFO: C:\Users\Ksenya\Desktop\hakaton\main\resource\aae85ca0-cb67-436d-890f-7f4b7d69681e\main.py Отправляю запрос в 1С
2026-05-23T12:54:42+0300 INFO: C:\Users\Ksenya\Desktop\hakaton\main\resource\aae85ca0-cb67-436d-890f-7f4b7d69681e\main.py Старт. Выполняемый шаг: Присвоить значение переменной. id: 5Ew%Wt$JK+7d7TXLxId_
2026-05-23T12:54:43+0300 INFO: C:\Users\Ksenya\Desktop\hakaton\main\resource\aae85ca0-cb67-436d-890f-7f4b7d69681e\main.py Выполнение. Выполняемый шаг: Присвоить значение переменной. id: 5Ew%Wt$JK+7d7TXLxId_
2026-05-23T12:54:43+0300 INFO: C:\Users\Ksenya\Desktop\hakaton\main\resource\aae85ca0-cb67-436d-890f-7f4b7d69681e\main.py Старт. Выполняемый шаг: Создать сессию браузера. id: 4#bM-7PYt%bTkrSh8bfZ
2026-05-23T12:54:49+0300 INFO: C:\Users\Ksenya\Desktop\hakaton\main\resource\aae85ca0-cb67-436d-890f-7f4b7d69681e\main.py Завершение. Выполняемый шаг: Создать сессию браузера. id: 4#bM-7PYt%bTkrSh8bfZ
2026-05-23T12:54:49+0300 INFO: C:\Users\Ksenya\Desktop\hakaton\main\resource\aae85ca0-cb67-436d-890f-7f4b7d69681e\main.py Завершение. Выполняемый шаг: Присвоить значение переменной. id: 5Ew%Wt$JK+7d7TXLxId_
2026-05-23T12:54:49+0300 INFO: C:\Users\Ksenya\Desktop\hakaton\main\resource\aae85ca0-cb67-436d-890f-7f4b7d69681e\main.py Старт. Выполняемый шаг: Открыть страницу в браузере. id: _{QT4zD{Fqs69!/:|#zp
2026-05-23T12:54:51+0300 INFO: C:\Users\Ksenya\Desktop\hakaton\main\resource\aae85ca0-cb67-436d-890f-7f4b7d69681e\main.py Выполнение. Выполняемый шаг: Открыть страницу в браузере. id: _{QT4zD{Fqs69!/:|#zp
2026-05-23T12:54:53+0300 INFO: C:\Users\Ksenya\Desktop\hakaton\main\resource\aae85ca0-cb67-436d-890f-7f4b7d69681e\main.py Завершение. Выполняемый шаг: Открыть страницу в браузере. id: _{QT4zD{Fqs69!/:|#zp
2026-05-23T12:54:53+0300 INFO: C:\Users\Ksenya\Desktop\hakaton\main\resource\aae85ca0-cb67-436d-890f-7f4b7d69681e\main.py Старт. Выполняемый шаг: Задержка. id: ??=,o)g^!HRb+gO2+Wzh
2026-05-23T12:54:55+0300 INFO: C:\Users\Ksenya\Desktop\hakaton\main\resource\aae85ca0-cb67-436d-890f-7f4b7d69681e\main.py Выполнение. Выполняемый шаг: Задержка. id: ??=,o)g^!HRb+gO2+Wzh
2026-05-23T12:54:55+0300 INFO: C:\Users\Ksenya\Desktop\hakaton\main\resource\aae85ca0-cb67-436d-890f-7f4b7d69681e\main.py Старт. Выполняемый шаг: Преобразовать строку в число. id: {Rsp$JX%Cwa].U=6UmD=
2026-05-23T12:54:55+0300 INFO: C:\Users\Ksenya\Desktop\hakaton\main\resource\aae85ca0-cb67-436d-890f-7f4b7d69681e\main.py Завершение. Выполняемый шаг: Преобразовать строку в число. id: {Rsp$JX%Cwa].U=6UmD=
2026-05-23T12:54:58+0300 INFO: C:\Users\Ksenya\Desktop\hakaton\main\resource\aae85ca0-cb67-436d-890f-7f4b7d69681e\main.py Завершение. Выполняемый шаг: Задержка. id: ??=,o)g^!HRb+gO2+Wzh
2026-05-23T12:54:58+0300 INFO: C:\Users\Ksenya\Desktop\hakaton\main\resource\aae85ca0-cb67-436d-890f-7f4b7d69681e\main.py Старт. Выполняемый шаг: Клик по Web-элементу. id: EBp7HZH}x+19aqf!)2/)
2026-05-23T12:54:59+0300 INFO: C:\Users\Ksenya\Desktop\hakaton\main\resource\aae85ca0-cb67-436d-890f-7f4b7d69681e\main.py Выполнение. Выполняемый шаг: Клик по Web-элементу. id: EBp7HZH}x+19aqf!)2/)
2026-05-23T12:54:59+0300 INFO: C:\Users\Ksenya\Desktop\hakaton\main\resource\aae85ca0-cb67-436d-890f-7f4b7d69681e\main.py Завершение. Выполняемый шаг: Клик по Web-элементу. id: EBp7HZH}x+19aqf!)2/)
2026-05-23T12:54:59+0300 INFO: C:\Users\Ksenya\Desktop\hakaton\main\resource\aae85ca0-cb67-436d-890f-7f4b7d69681e\main.py Старт. Выполняемый шаг: Ввод в веб-сайт. id: %w9B]^SDY]u6w8A[VN]B
2026-05-23T12:55:01+0300 INFO: C:\Users\Ksenya\Desktop\hakaton\main\resource\aae85ca0-cb67-436d-890f-7f4b7d69681e\main.py Выполнение. Выполняемый шаг: Ввод в веб-сайт. id: %w9B]^SDY]u6w8A[VN]B
2026-05-23T12:55:01+0300 INFO: C:\Users\Ksenya\Desktop\hakaton\main\resource\aae85ca0-cb67-436d-890f-7f4b7d69681e\main.py Завершение. Выполняемый шаг: Ввод в веб-сайт. id: %w9B]^SDY]u6w8A[VN]B
2026-05-23T12:55:01+0300 INFO: C:\Users\Ksenya\Desktop\hakaton\main\resource\aae85ca0-cb67-436d-890f-7f4b7d69681e\main.py Старт. Выполняемый шаг: Клик по Web-элементу. id: H6A$`ZrfUnP;M.)V!gP%
2026-05-23T12:55:02+0300 INFO: C:\Users\Ksenya\Desktop\hakaton\main\resource\aae85ca0-cb67-436d-890f-7f4b7d69681e\main.py Выполнение. Выполняемый шаг: Клик по Web-элементу. id: H6A$`ZrfUnP;M.)V!gP%
2026-05-23T12:55:02+0300 INFO: C:\Users\Ksenya\Desktop\hakaton\main\resource\aae85ca0-cb67-436d-890f-7f4b7d69681e\main.py Завершение. Выполняемый шаг: Клик по Web-элементу. id: H6A$`ZrfUnP;M.)V!gP%
2026-05-23T12:55:02+0300 INFO: C:\Users\Ksenya\Desktop\hakaton\main\resource\aae85ca0-cb67-436d-890f-7f4b7d69681e\main.py Старт. Выполняемый шаг: Ввод в веб-сайт. id: y:}|lxK((=67v}qu8Ym-
2026-05-23T12:55:03+0300 INFO: C:\Users\Ksenya\Desktop\hakaton\main\resource\aae85ca0-cb67-436d-890f-7f4b7d69681e\main.py Выполнение. Выполняемый шаг: Ввод в веб-сайт. id: y:}|lxK((=67v}qu8Ym-
2026-05-23T12:55:04+0300 INFO: C:\Users\Ksenya\Desktop\hakaton\main\resource\aae85ca0-cb67-436d-890f-7f4b7d69681e\main.py Завершение. Выполняемый шаг: Ввод в веб-сайт. id: y:}|lxK((=67v}qu8Ym-
2026-05-23T12:55:04+0300 INFO: C:\Users\Ksenya\Desktop\hakaton\main\resource\aae85ca0-cb67-436d-890f-7f4b7d69681e\main.py Старт. Выполняемый шаг: Клик по Web-элементу. id: [Q2@mu?#NQ2xEX2OXYF$
2026-05-23T12:55:05+0300 INFO: C:\Users\Ksenya\Desktop\hakaton\main\resource\aae85ca0-cb67-436d-890f-7f4b7d69681e\main.py Выполнение. Выполняемый шаг: Клик по Web-элементу. id: [Q2@mu?#NQ2xEX2OXYF$
2026-05-23T12:55:05+0300 INFO: C:\Users\Ksenya\Desktop\hakaton\main\resource\aae85ca0-cb67-436d-890f-7f4b7d69681e\main.py Завершение. Выполняемый шаг: Клик по Web-элементу. id: [Q2@mu?#NQ2xEX2OXYF$
2026-05-23T12:55:05+0300 INFO: C:\Users\Ksenya\Desktop\hakaton\main\resource\aae85ca0-cb67-436d-890f-7f4b7d69681e\main.py Старт. Выполняемый шаг: Ввод в 1C-веб. id: ~6Vl!0pmkZy31=^Zv|@v
2026-05-23T12:57:07+0300 INFO: C:\Users\Ksenya\Desktop\hakaton\main\resource\aae85ca0-cb67-436d-890f-7f4b7d69681e\main.py Выполнение. Выполняемый шаг: Ввод в 1C-веб. id: ~6Vl!0pmkZy31=^Zv|@v
2026-05-23T13:20:57+0300 INFO: Старт робота: C:\Users\Ksenya\Desktop\hakaton\main\resource\1aa85cc2-1089-4544-ae2e-753c8465485d\main.py
2026-05-23T13:20:57+0300 INFO: C:\Users\Ksenya\Desktop\hakaton\main\resource\1aa85cc2-1089-4544-ae2e-753c8465485d\main.py Старт. Выполняемый шаг: Обработка ошибки. id: E(ohZ?TiZWX5;}Gqu-r,
2026-05-23T13:20:58+0300 INFO: C:\Users\Ksenya\Desktop\hakaton\main\resource\1aa85cc2-1089-4544-ae2e-753c8465485d\main.py Выполнение. Выполняемый шаг: Обработка ошибки. id: E(ohZ?TiZWX5;}Gqu-r,
2026-05-23T13:20:58+0300 INFO: C:\Users\Ksenya\Desktop\hakaton\main\resource\1aa85cc2-1089-4544-ae2e-753c8465485d\main.py Робот запущен
2026-05-23T13:20:58+0300 INFO: C:\Users\Ksenya\Desktop\hakaton\main\resource\1aa85cc2-1089-4544-ae2e-753c8465485d\main.py Старт. Выполняемый шаг: Присвоить значение переменной. id: uT8K_dR,wNXk4m?dkCsM
2026-05-23T13:20:59+0300 INFO: C:\Users\Ksenya\Desktop\hakaton\main\resource\1aa85cc2-1089-4544-ae2e-753c8465485d\main.py Выполнение. Выполняемый шаг: Присвоить значение переменной. id: uT8K_dR,wNXk4m?dkCsM
2026-05-23T13:20:59+0300 INFO: C:\Users\Ksenya\Desktop\hakaton\main\resource\1aa85cc2-1089-4544-ae2e-753c8465485d\main.py Завершение. Выполняемый шаг: Присвоить значение переменной. id: uT8K_dR,wNXk4m?dkCsM
2026-05-23T13:20:59+0300 INFO: C:\Users\Ksenya\Desktop\hakaton\main\resource\1aa85cc2-1089-4544-ae2e-753c8465485d\main.py Старт. Выполняемый шаг: Присвоить значение переменной. id: :MAZ.Rz62:ZsFDl7vQQJ
2026-05-23T13:20:59+0300 INFO: C:\Users\Ksenya\Desktop\hakaton\main\resource\1aa85cc2-1089-4544-ae2e-753c8465485d\main.py Выполнение. Выполняемый шаг: Присвоить значение переменной. id: :MAZ.Rz62:ZsFDl7vQQJ
2026-05-23T13:20:59+0300 INFO: C:\Users\Ksenya\Desktop\hakaton\main\resource\1aa85cc2-1089-4544-ae2e-753c8465485d\main.py Завершение. Выполняемый шаг: Присвоить значение переменной. id: :MAZ.Rz62:ZsFDl7vQQJ
2026-05-23T13:20:59+0300 INFO: C:\Users\Ksenya\Desktop\hakaton\main\resource\1aa85cc2-1089-4544-ae2e-753c8465485d\main.py Старт. Выполняемый шаг: Присвоить значение переменной. id: WBqw15|Z#}dx_{yM[UJS
2026-05-23T13:21:00+0300 INFO: C:\Users\Ksenya\Desktop\hakaton\main\resource\1aa85cc2-1089-4544-ae2e-753c8465485d\main.py Выполнение. Выполняемый шаг: Присвоить значение переменной. id: WBqw15|Z#}dx_{yM[UJS
2026-05-23T13:21:00+0300 INFO: C:\Users\Ksenya\Desktop\hakaton\main\resource\1aa85cc2-1089-4544-ae2e-753c8465485d\main.py Завершение. Выполняемый шаг: Присвоить значение переменной. id: WBqw15|Z#}dx_{yM[UJS
2026-05-23T13:21:00+0300 INFO: C:\Users\Ksenya\Desktop\hakaton\main\resource\1aa85cc2-1089-4544-ae2e-753c8465485d\main.py Старт. Выполняемый шаг: Присвоить значение переменной. id: ZD}VS]B8yU%7IR$_1:gx
2026-05-23T13:21:01+0300 INFO: C:\Users\Ksenya\Desktop\hakaton\main\resource\1aa85cc2-1089-4544-ae2e-753c8465485d\main.py Выполнение. Выполняемый шаг: Присвоить значение переменной. id: ZD}VS]B8yU%7IR$_1:gx
2026-05-23T13:21:01+0300 INFO: C:\Users\Ksenya\Desktop\hakaton\main\resource\1aa85cc2-1089-4544-ae2e-753c8465485d\main.py Старт. Выполняемый шаг: Прочитать файл. id: h-7qLFMP}Ex#VZ)Ao@jd
2026-05-23T13:21:01+0300 INFO: C:\Users\Ksenya\Desktop\hakaton\main\resource\1aa85cc2-1089-4544-ae2e-753c8465485d\main.py Завершение. Выполняемый шаг: Прочитать файл. id: h-7qLFMP}Ex#VZ)Ao@jd
2026-05-23T13:21:01+0300 INFO: C:\Users\Ksenya\Desktop\hakaton\main\resource\1aa85cc2-1089-4544-ae2e-753c8465485d\main.py Завершение. Выполняемый шаг: Присвоить значение переменной. id: ZD}VS]B8yU%7IR$_1:gx
2026-05-23T13:21:01+0300 INFO: C:\Users\Ksenya\Desktop\hakaton\main\resource\1aa85cc2-1089-4544-ae2e-753c8465485d\main.py Старт. Выполняемый шаг: Присвоить значение переменной. id: ^0R|78#C*6Lo31|B;%K9
2026-05-23T13:21:01+0300 INFO: C:\Users\Ksenya\Desktop\hakaton\main\resource\1aa85cc2-1089-4544-ae2e-753c8465485d\main.py Выполнение. Выполняемый шаг: Присвоить значение переменной. id: ^0R|78#C*6Lo31|B;%K9
2026-05-23T13:21:01+0300 INFO: C:\Users\Ksenya\Desktop\hakaton\main\resource\1aa85cc2-1089-4544-ae2e-753c8465485d\main.py Завершение. Выполняемый шаг: Присвоить значение переменной. id: ^0R|78#C*6Lo31|B;%K9
2026-05-23T13:21:01+0300 INFO: C:\Users\Ksenya\Desktop\hakaton\main\resource\1aa85cc2-1089-4544-ae2e-753c8465485d\main.py Старт. Выполняемый шаг: Присвоить значение переменной. id: p$O:QoI+|4ux$8{ysFr:
2026-05-23T13:21:02+0300 INFO: C:\Users\Ksenya\Desktop\hakaton\main\resource\1aa85cc2-1089-4544-ae2e-753c8465485d\main.py Выполнение. Выполняемый шаг: Присвоить значение переменной. id: p$O:QoI+|4ux$8{ysFr:
2026-05-23T13:21:02+0300 INFO: C:\Users\Ksenya\Desktop\hakaton\main\resource\1aa85cc2-1089-4544-ae2e-753c8465485d\main.py Завершение. Выполняемый шаг: Присвоить значение переменной. id: p$O:QoI+|4ux$8{ysFr:
2026-05-23T13:21:02+0300 INFO: C:\Users\Ksenya\Desktop\hakaton\main\resource\1aa85cc2-1089-4544-ae2e-753c8465485d\main.py Старт. Выполняемый шаг: Присвоить значение переменной. id: ]Nwow_`34-zY1snYsMa=
2026-05-23T13:21:02+0300 INFO: C:\Users\Ksenya\Desktop\hakaton\main\resource\1aa85cc2-1089-4544-ae2e-753c8465485d\main.py Выполнение. Выполняемый шаг: Присвоить значение переменной. id: ]Nwow_`34-zY1snYsMa=
2026-05-23T13:21:02+0300 INFO: C:\Users\Ksenya\Desktop\hakaton\main\resource\1aa85cc2-1089-4544-ae2e-753c8465485d\main.py Завершение. Выполняемый шаг: Присвоить значение переменной. id: ]Nwow_`34-zY1snYsMa=
2026-05-23T13:21:02+0300 INFO: C:\Users\Ksenya\Desktop\hakaton\main\resource\1aa85cc2-1089-4544-ae2e-753c8465485d\main.py Старт. Выполняемый шаг: Присвоить значение переменной. id: 7qHD^~+B#bUSw)9hi;V5
2026-05-23T13:21:03+0300 INFO: C:\Users\Ksenya\Desktop\hakaton\main\resource\1aa85cc2-1089-4544-ae2e-753c8465485d\main.py Выполнение. Выполняемый шаг: Присвоить значение переменной. id: 7qHD^~+B#bUSw)9hi;V5
2026-05-23T13:21:03+0300 INFO: C:\Users\Ksenya\Desktop\hakaton\main\resource\1aa85cc2-1089-4544-ae2e-753c8465485d\main.py Завершение. Выполняемый шаг: Присвоить значение переменной. id: 7qHD^~+B#bUSw)9hi;V5
2026-05-23T13:21:03+0300 INFO: C:\Users\Ksenya\Desktop\hakaton\main\resource\1aa85cc2-1089-4544-ae2e-753c8465485d\main.py Старт. Выполняемый шаг: Присвоить значение переменной. id: 3oGjmJ`CaVRVz9#qu*_m
2026-05-23T13:21:03+0300 INFO: C:\Users\Ksenya\Desktop\hakaton\main\resource\1aa85cc2-1089-4544-ae2e-753c8465485d\main.py Выполнение. Выполняемый шаг: Присвоить значение переменной. id: 3oGjmJ`CaVRVz9#qu*_m
2026-05-23T13:21:03+0300 INFO: C:\Users\Ksenya\Desktop\hakaton\main\resource\1aa85cc2-1089-4544-ae2e-753c8465485d\main.py Завершение. Выполняемый шаг: Присвоить значение переменной. id: 3oGjmJ`CaVRVz9#qu*_m
2026-05-23T13:21:03+0300 INFO: C:\Users\Ksenya\Desktop\hakaton\main\resource\1aa85cc2-1089-4544-ae2e-753c8465485d\main.py Старт. Выполняемый шаг: Присвоить значение переменной. id: :kF]*7FA#}yI!L)At3D0
2026-05-23T13:21:04+0300 INFO: C:\Users\Ksenya\Desktop\hakaton\main\resource\1aa85cc2-1089-4544-ae2e-753c8465485d\main.py Выполнение. Выполняемый шаг: Присвоить значение переменной. id: :kF]*7FA#}yI!L)At3D0
2026-05-23T13:21:04+0300 INFO: C:\Users\Ksenya\Desktop\hakaton\main\resource\1aa85cc2-1089-4544-ae2e-753c8465485d\main.py Завершение. Выполняемый шаг: Присвоить значение переменной. id: :kF]*7FA#}yI!L)At3D0
2026-05-23T13:21:04+0300 INFO: C:\Users\Ksenya\Desktop\hakaton\main\resource\1aa85cc2-1089-4544-ae2e-753c8465485d\main.py Отправляю запрос в 1С
2026-05-23T13:21:04+0300 INFO: C:\Users\Ksenya\Desktop\hakaton\main\resource\1aa85cc2-1089-4544-ae2e-753c8465485d\main.py Старт. Выполняемый шаг: Присвоить значение переменной. id: 5Ew%Wt$JK+7d7TXLxId_
2026-05-23T13:21:05+0300 INFO: C:\Users\Ksenya\Desktop\hakaton\main\resource\1aa85cc2-1089-4544-ae2e-753c8465485d\main.py Выполнение. Выполняемый шаг: Присвоить значение переменной. id: 5Ew%Wt$JK+7d7TXLxId_
2026-05-23T13:21:05+0300 INFO: C:\Users\Ksenya\Desktop\hakaton\main\resource\1aa85cc2-1089-4544-ae2e-753c8465485d\main.py Старт. Выполняемый шаг: Создать сессию браузера. id: 4#bM-7PYt%bTkrSh8bfZ
2026-05-23T13:21:11+0300 INFO: C:\Users\Ksenya\Desktop\hakaton\main\resource\1aa85cc2-1089-4544-ae2e-753c8465485d\main.py Завершение. Выполняемый шаг: Создать сессию браузера. id: 4#bM-7PYt%bTkrSh8bfZ
2026-05-23T13:21:11+0300 INFO: C:\Users\Ksenya\Desktop\hakaton\main\resource\1aa85cc2-1089-4544-ae2e-753c8465485d\main.py Завершение. Выполняемый шаг: Присвоить значение переменной. id: 5Ew%Wt$JK+7d7TXLxId_
2026-05-23T13:21:11+0300 INFO: C:\Users\Ksenya\Desktop\hakaton\main\resource\1aa85cc2-1089-4544-ae2e-753c8465485d\main.py Старт. Выполняемый шаг: Открыть страницу в браузере. id: _{QT4zD{Fqs69!/:|#zp
2026-05-23T13:21:13+0300 INFO: C:\Users\Ksenya\Desktop\hakaton\main\resource\1aa85cc2-1089-4544-ae2e-753c8465485d\main.py Выполнение. Выполняемый шаг: Открыть страницу в браузере. id: _{QT4zD{Fqs69!/:|#zp
2026-05-23T13:21:15+0300 INFO: C:\Users\Ksenya\Desktop\hakaton\main\resource\1aa85cc2-1089-4544-ae2e-753c8465485d\main.py Завершение. Выполняемый шаг: Открыть страницу в браузере. id: _{QT4zD{Fqs69!/:|#zp
2026-05-23T13:21:15+0300 INFO: C:\Users\Ksenya\Desktop\hakaton\main\resource\1aa85cc2-1089-4544-ae2e-753c8465485d\main.py Старт. Выполняемый шаг: Задержка. id: ??=,o)g^!HRb+gO2+Wzh
2026-05-23T13:21:16+0300 INFO: C:\Users\Ksenya\Desktop\hakaton\main\resource\1aa85cc2-1089-4544-ae2e-753c8465485d\main.py Выполнение. Выполняемый шаг: Задержка. id: ??=,o)g^!HRb+gO2+Wzh
2026-05-23T13:21:16+0300 INFO: C:\Users\Ksenya\Desktop\hakaton\main\resource\1aa85cc2-1089-4544-ae2e-753c8465485d\main.py Старт. Выполняемый шаг: Преобразовать строку в число. id: {Rsp$JX%Cwa].U=6UmD=
2026-05-23T13:21:16+0300 INFO: C:\Users\Ksenya\Desktop\hakaton\main\resource\1aa85cc2-1089-4544-ae2e-753c8465485d\main.py Завершение. Выполняемый шаг: Преобразовать строку в число. id: {Rsp$JX%Cwa].U=6UmD=
2026-05-23T13:21:19+0300 INFO: C:\Users\Ksenya\Desktop\hakaton\main\resource\1aa85cc2-1089-4544-ae2e-753c8465485d\main.py Завершение. Выполняемый шаг: Задержка. id: ??=,o)g^!HRb+gO2+Wzh
2026-05-23T13:21:19+0300 INFO: C:\Users\Ksenya\Desktop\hakaton\main\resource\1aa85cc2-1089-4544-ae2e-753c8465485d\main.py Старт. Выполняемый шаг: Клик по Web-элементу. id: EBp7HZH}x+19aqf!)2/)
2026-05-23T13:21:20+0300 INFO: C:\Users\Ksenya\Desktop\hakaton\main\resource\1aa85cc2-1089-4544-ae2e-753c8465485d\main.py Выполнение. Выполняемый шаг: Клик по Web-элементу. id: EBp7HZH}x+19aqf!)2/)
2026-05-23T13:21:20+0300 INFO: C:\Users\Ksenya\Desktop\hakaton\main\resource\1aa85cc2-1089-4544-ae2e-753c8465485d\main.py Завершение. Выполняемый шаг: Клик по Web-элементу. id: EBp7HZH}x+19aqf!)2/)
2026-05-23T13:21:20+0300 INFO: C:\Users\Ksenya\Desktop\hakaton\main\resource\1aa85cc2-1089-4544-ae2e-753c8465485d\main.py Старт. Выполняемый шаг: Ввод в веб-сайт. id: %w9B]^SDY]u6w8A[VN]B
2026-05-23T13:21:22+0300 INFO: C:\Users\Ksenya\Desktop\hakaton\main\resource\1aa85cc2-1089-4544-ae2e-753c8465485d\main.py Выполнение. Выполняемый шаг: Ввод в веб-сайт. id: %w9B]^SDY]u6w8A[VN]B
2026-05-23T13:21:22+0300 INFO: C:\Users\Ksenya\Desktop\hakaton\main\resource\1aa85cc2-1089-4544-ae2e-753c8465485d\main.py Завершение. Выполняемый шаг: Ввод в веб-сайт. id: %w9B]^SDY]u6w8A[VN]B
2026-05-23T13:21:22+0300 INFO: C:\Users\Ksenya\Desktop\hakaton\main\resource\1aa85cc2-1089-4544-ae2e-753c8465485d\main.py Старт. Выполняемый шаг: Клик по Web-элементу. id: H6A$`ZrfUnP;M.)V!gP%
2026-05-23T13:21:23+0300 INFO: C:\Users\Ksenya\Desktop\hakaton\main\resource\1aa85cc2-1089-4544-ae2e-753c8465485d\main.py Выполнение. Выполняемый шаг: Клик по Web-элементу. id: H6A$`ZrfUnP;M.)V!gP%
2026-05-23T13:21:23+0300 INFO: C:\Users\Ksenya\Desktop\hakaton\main\resource\1aa85cc2-1089-4544-ae2e-753c8465485d\main.py Завершение. Выполняемый шаг: Клик по Web-элементу. id: H6A$`ZrfUnP;M.)V!gP%
2026-05-23T13:21:23+0300 INFO: C:\Users\Ksenya\Desktop\hakaton\main\resource\1aa85cc2-1089-4544-ae2e-753c8465485d\main.py Старт. Выполняемый шаг: Ввод в веб-сайт. id: y:}|lxK((=67v}qu8Ym-
2026-05-23T13:21:24+0300 INFO: C:\Users\Ksenya\Desktop\hakaton\main\resource\1aa85cc2-1089-4544-ae2e-753c8465485d\main.py Выполнение. Выполняемый шаг: Ввод в веб-сайт. id: y:}|lxK((=67v}qu8Ym-
2026-05-23T13:21:24+0300 INFO: C:\Users\Ksenya\Desktop\hakaton\main\resource\1aa85cc2-1089-4544-ae2e-753c8465485d\main.py Завершение. Выполняемый шаг: Ввод в веб-сайт. id: y:}|lxK((=67v}qu8Ym-
2026-05-23T13:21:24+0300 INFO: C:\Users\Ksenya\Desktop\hakaton\main\resource\1aa85cc2-1089-4544-ae2e-753c8465485d\main.py Старт. Выполняемый шаг: Клик по Web-элементу. id: [Q2@mu?#NQ2xEX2OXYF$
2026-05-23T13:21:25+0300 INFO: C:\Users\Ksenya\Desktop\hakaton\main\resource\1aa85cc2-1089-4544-ae2e-753c8465485d\main.py Выполнение. Выполняемый шаг: Клик по Web-элементу. id: [Q2@mu?#NQ2xEX2OXYF$
2026-05-23T13:21:25+0300 INFO: C:\Users\Ksenya\Desktop\hakaton\main\resource\1aa85cc2-1089-4544-ae2e-753c8465485d\main.py Завершение. Выполняемый шаг: Клик по Web-элементу. id: [Q2@mu?#NQ2xEX2OXYF$
2026-05-23T13:21:25+0300 INFO: C:\Users\Ksenya\Desktop\hakaton\main\resource\1aa85cc2-1089-4544-ae2e-753c8465485d\main.py Старт. Выполняемый шаг: Открыть/переключиться на страницу 1C-веб. id: jeZ1?$9a)$u(D8cjz_4t
2026-05-23T13:21:32+0300 INFO: C:\Users\Ksenya\Desktop\hakaton\main\resource\1aa85cc2-1089-4544-ae2e-753c8465485d\main.py Выполнение. Выполняемый шаг: Открыть/переключиться на страницу 1C-веб. id: jeZ1?$9a)$u(D8cjz_4t
2026-05-23T14:32:47+0300 INFO: Старт робота: C:\Users\Ksenya\Desktop\hakaton\main\resource\5592b54c-bdd7-4fbf-b27b-1ba827458b05\main.py
2026-05-23T14:32:47+0300 INFO: C:\Users\Ksenya\Desktop\hakaton\main\resource\5592b54c-bdd7-4fbf-b27b-1ba827458b05\main.py Старт. Выполняемый шаг: Обработка ошибки. id: E(ohZ?TiZWX5;}Gqu-r,
2026-05-23T14:32:48+0300 INFO: C:\Users\Ksenya\Desktop\hakaton\main\resource\5592b54c-bdd7-4fbf-b27b-1ba827458b05\main.py Выполнение. Выполняемый шаг: Обработка ошибки. id: E(ohZ?TiZWX5;}Gqu-r,
2026-05-23T14:32:48+0300 INFO: C:\Users\Ksenya\Desktop\hakaton\main\resource\5592b54c-bdd7-4fbf-b27b-1ba827458b05\main.py Робот запущен
2026-05-23T14:32:48+0300 INFO: C:\Users\Ksenya\Desktop\hakaton\main\resource\5592b54c-bdd7-4fbf-b27b-1ba827458b05\main.py Старт. Выполняемый шаг: Присвоить значение переменной. id: uT8K_dR,wNXk4m?dkCsM
2026-05-23T14:32:49+0300 INFO: C:\Users\Ksenya\Desktop\hakaton\main\resource\5592b54c-bdd7-4fbf-b27b-1ba827458b05\main.py Выполнение. Выполняемый шаг: Присвоить значение переменной. id: uT8K_dR,wNXk4m?dkCsM
2026-05-23T14:32:49+0300 INFO: C:\Users\Ksenya\Desktop\hakaton\main\resource\5592b54c-bdd7-4fbf-b27b-1ba827458b05\main.py Завершение. Выполняемый шаг: Присвоить значение переменной. id: uT8K_dR,wNXk4m?dkCsM
2026-05-23T14:32:49+0300 INFO: C:\Users\Ksenya\Desktop\hakaton\main\resource\5592b54c-bdd7-4fbf-b27b-1ba827458b05\main.py Старт. Выполняемый шаг: Присвоить значение переменной. id: :MAZ.Rz62:ZsFDl7vQQJ
2026-05-23T14:32:50+0300 INFO: C:\Users\Ksenya\Desktop\hakaton\main\resource\5592b54c-bdd7-4fbf-b27b-1ba827458b05\main.py Выполнение. Выполняемый шаг: Присвоить значение переменной. id: :MAZ.Rz62:ZsFDl7vQQJ
2026-05-23T14:32:50+0300 INFO: C:\Users\Ksenya\Desktop\hakaton\main\resource\5592b54c-bdd7-4fbf-b27b-1ba827458b05\main.py Завершение. Выполняемый шаг: Присвоить значение переменной. id: :MAZ.Rz62:ZsFDl7vQQJ
2026-05-23T14:32:50+0300 INFO: C:\Users\Ksenya\Desktop\hakaton\main\resource\5592b54c-bdd7-4fbf-b27b-1ba827458b05\main.py Старт. Выполняемый шаг: Присвоить значение переменной. id: WBqw15|Z#}dx_{yM[UJS
2026-05-23T14:32:51+0300 INFO: C:\Users\Ksenya\Desktop\hakaton\main\resource\5592b54c-bdd7-4fbf-b27b-1ba827458b05\main.py Выполнение. Выполняемый шаг: Присвоить значение переменной. id: WBqw15|Z#}dx_{yM[UJS
2026-05-23T14:32:51+0300 INFO: C:\Users\Ksenya\Desktop\hakaton\main\resource\5592b54c-bdd7-4fbf-b27b-1ba827458b05\main.py Завершение. Выполняемый шаг: Присвоить значение переменной. id: WBqw15|Z#}dx_{yM[UJS
2026-05-23T14:32:51+0300 INFO: C:\Users\Ksenya\Desktop\hakaton\main\resource\5592b54c-bdd7-4fbf-b27b-1ba827458b05\main.py Старт. Выполняемый шаг: Присвоить значение переменной. id: ZD}VS]B8yU%7IR$_1:gx
2026-05-23T14:32:51+0300 INFO: C:\Users\Ksenya\Desktop\hakaton\main\resource\5592b54c-bdd7-4fbf-b27b-1ba827458b05\main.py Выполнение. Выполняемый шаг: Присвоить значение переменной. id: ZD}VS]B8yU%7IR$_1:gx
2026-05-23T14:32:51+0300 INFO: C:\Users\Ksenya\Desktop\hakaton\main\resource\5592b54c-bdd7-4fbf-b27b-1ba827458b05\main.py Старт. Выполняемый шаг: Прочитать файл. id: h-7qLFMP}Ex#VZ)Ao@jd
2026-05-23T14:32:51+0300 INFO: C:\Users\Ksenya\Desktop\hakaton\main\resource\5592b54c-bdd7-4fbf-b27b-1ba827458b05\main.py Завершение. Выполняемый шаг: Прочитать файл. id: h-7qLFMP}Ex#VZ)Ao@jd
2026-05-23T14:32:51+0300 INFO: C:\Users\Ksenya\Desktop\hakaton\main\resource\5592b54c-bdd7-4fbf-b27b-1ba827458b05\main.py Завершение. Выполняемый шаг: Присвоить значение переменной. id: ZD}VS]B8yU%7IR$_1:gx
2026-05-23T14:32:51+0300 INFO: C:\Users\Ksenya\Desktop\hakaton\main\resource\5592b54c-bdd7-4fbf-b27b-1ba827458b05\main.py Старт. Выполняемый шаг: Присвоить значение переменной. id: ^0R|78#C*6Lo31|B;%K9
2026-05-23T14:32:52+0300 INFO: C:\Users\Ksenya\Desktop\hakaton\main\resource\5592b54c-bdd7-4fbf-b27b-1ba827458b05\main.py Выполнение. Выполняемый шаг: Присвоить значение переменной. id: ^0R|78#C*6Lo31|B;%K9
2026-05-23T14:32:52+0300 INFO: C:\Users\Ksenya\Desktop\hakaton\main\resource\5592b54c-bdd7-4fbf-b27b-1ba827458b05\main.py Завершение. Выполняемый шаг: Присвоить значение переменной. id: ^0R|78#C*6Lo31|B;%K9
2026-05-23T14:32:52+0300 INFO: C:\Users\Ksenya\Desktop\hakaton\main\resource\5592b54c-bdd7-4fbf-b27b-1ba827458b05\main.py Старт. Выполняемый шаг: Присвоить значение переменной. id: p$O:QoI+|4ux$8{ysFr:
2026-05-23T14:32:53+0300 INFO: C:\Users\Ksenya\Desktop\hakaton\main\resource\5592b54c-bdd7-4fbf-b27b-1ba827458b05\main.py Выполнение. Выполняемый шаг: Присвоить значение переменной. id: p$O:QoI+|4ux$8{ysFr:
2026-05-23T14:32:53+0300 INFO: C:\Users\Ksenya\Desktop\hakaton\main\resource\5592b54c-bdd7-4fbf-b27b-1ba827458b05\main.py Завершение. Выполняемый шаг: Присвоить значение переменной. id: p$O:QoI+|4ux$8{ysFr:
2026-05-23T14:32:53+0300 INFO: C:\Users\Ksenya\Desktop\hakaton\main\resource\5592b54c-bdd7-4fbf-b27b-1ba827458b05\main.py Старт. Выполняемый шаг: Присвоить значение переменной. id: ]Nwow_`34-zY1snYsMa=
2026-05-23T14:32:54+0300 INFO: C:\Users\Ksenya\Desktop\hakaton\main\resource\5592b54c-bdd7-4fbf-b27b-1ba827458b05\main.py Выполнение. Выполняемый шаг: Присвоить значение переменной. id: ]Nwow_`34-zY1snYsMa=
2026-05-23T14:32:54+0300 INFO: C:\Users\Ksenya\Desktop\hakaton\main\resource\5592b54c-bdd7-4fbf-b27b-1ba827458b05\main.py Завершение. Выполняемый шаг: Присвоить значение переменной. id: ]Nwow_`34-zY1snYsMa=
2026-05-23T14:32:54+0300 INFO: C:\Users\Ksenya\Desktop\hakaton\main\resource\5592b54c-bdd7-4fbf-b27b-1ba827458b05\main.py Старт. Выполняемый шаг: Присвоить значение переменной. id: 7qHD^~+B#bUSw)9hi;V5
2026-05-23T14:32:54+0300 INFO: C:\Users\Ksenya\Desktop\hakaton\main\resource\5592b54c-bdd7-4fbf-b27b-1ba827458b05\main.py Выполнение. Выполняемый шаг: Присвоить значение переменной. id: 7qHD^~+B#bUSw)9hi;V5
2026-05-23T14:32:54+0300 INFO: C:\Users\Ksenya\Desktop\hakaton\main\resource\5592b54c-bdd7-4fbf-b27b-1ba827458b05\main.py Завершение. Выполняемый шаг: Присвоить значение переменной. id: 7qHD^~+B#bUSw)9hi;V5
2026-05-23T14:32:54+0300 INFO: C:\Users\Ksenya\Desktop\hakaton\main\resource\5592b54c-bdd7-4fbf-b27b-1ba827458b05\main.py Старт. Выполняемый шаг: Присвоить значение переменной. id: 3oGjmJ`CaVRVz9#qu*_m
2026-05-23T14:32:55+0300 INFO: C:\Users\Ksenya\Desktop\hakaton\main\resource\5592b54c-bdd7-4fbf-b27b-1ba827458b05\main.py Выполнение. Выполняемый шаг: Присвоить значение переменной. id: 3oGjmJ`CaVRVz9#qu*_m
2026-05-23T14:32:55+0300 INFO: C:\Users\Ksenya\Desktop\hakaton\main\resource\5592b54c-bdd7-4fbf-b27b-1ba827458b05\main.py Завершение. Выполняемый шаг: Присвоить значение переменной. id: 3oGjmJ`CaVRVz9#qu*_m
2026-05-23T14:32:55+0300 INFO: C:\Users\Ksenya\Desktop\hakaton\main\resource\5592b54c-bdd7-4fbf-b27b-1ba827458b05\main.py Старт. Выполняемый шаг: Присвоить значение переменной. id: :kF]*7FA#}yI!L)At3D0
2026-05-23T14:32:56+0300 INFO: C:\Users\Ksenya\Desktop\hakaton\main\resource\5592b54c-bdd7-4fbf-b27b-1ba827458b05\main.py Выполнение. Выполняемый шаг: Присвоить значение переменной. id: :kF]*7FA#}yI!L)At3D0
2026-05-23T14:32:56+0300 INFO: C:\Users\Ksenya\Desktop\hakaton\main\resource\5592b54c-bdd7-4fbf-b27b-1ba827458b05\main.py Завершение. Выполняемый шаг: Присвоить значение переменной. id: :kF]*7FA#}yI!L)At3D0
2026-05-23T14:32:56+0300 INFO: C:\Users\Ksenya\Desktop\hakaton\main\resource\5592b54c-bdd7-4fbf-b27b-1ba827458b05\main.py Отправляю запрос в 1С
2026-05-23T14:32:56+0300 INFO: C:\Users\Ksenya\Desktop\hakaton\main\resource\5592b54c-bdd7-4fbf-b27b-1ba827458b05\main.py Старт. Выполняемый шаг: Присвоить значение переменной. id: 5Ew%Wt$JK+7d7TXLxId_
2026-05-23T14:32:57+0300 INFO: C:\Users\Ksenya\Desktop\hakaton\main\resource\5592b54c-bdd7-4fbf-b27b-1ba827458b05\main.py Выполнение. Выполняемый шаг: Присвоить значение переменной. id: 5Ew%Wt$JK+7d7TXLxId_
2026-05-23T14:32:57+0300 INFO: C:\Users\Ksenya\Desktop\hakaton\main\resource\5592b54c-bdd7-4fbf-b27b-1ba827458b05\main.py Старт. Выполняемый шаг: Создать сессию браузера. id: 4#bM-7PYt%bTkrSh8bfZ
2026-05-23T14:34:30+0300 INFO: Старт робота: C:\Users\Ksenya\Desktop\hakaton\main\resource\cf0bb641-259d-4499-8940-1aa54877f49b\main.py
2026-05-23T14:34:30+0300 INFO: C:\Users\Ksenya\Desktop\hakaton\main\resource\cf0bb641-259d-4499-8940-1aa54877f49b\main.py Старт. Выполняемый шаг: Обработка ошибки. id: E(ohZ?TiZWX5;}Gqu-r,
2026-05-23T14:34:31+0300 INFO: C:\Users\Ksenya\Desktop\hakaton\main\resource\cf0bb641-259d-4499-8940-1aa54877f49b\main.py Выполнение. Выполняемый шаг: Обработка ошибки. id: E(ohZ?TiZWX5;}Gqu-r,
2026-05-23T14:34:31+0300 INFO: C:\Users\Ksenya\Desktop\hakaton\main\resource\cf0bb641-259d-4499-8940-1aa54877f49b\main.py Робот запущен
2026-05-23T14:34:31+0300 INFO: C:\Users\Ksenya\Desktop\hakaton\main\resource\cf0bb641-259d-4499-8940-1aa54877f49b\main.py Старт. Выполняемый шаг: Присвоить значение переменной. id: uT8K_dR,wNXk4m?dkCsM
2026-05-23T14:34:32+0300 INFO: C:\Users\Ksenya\Desktop\hakaton\main\resource\cf0bb641-259d-4499-8940-1aa54877f49b\main.py Выполнение. Выполняемый шаг: Присвоить значение переменной. id: uT8K_dR,wNXk4m?dkCsM
2026-05-23T14:34:32+0300 INFO: C:\Users\Ksenya\Desktop\hakaton\main\resource\cf0bb641-259d-4499-8940-1aa54877f49b\main.py Завершение. Выполняемый шаг: Присвоить значение переменной. id: uT8K_dR,wNXk4m?dkCsM
2026-05-23T14:34:32+0300 INFO: C:\Users\Ksenya\Desktop\hakaton\main\resource\cf0bb641-259d-4499-8940-1aa54877f49b\main.py Старт. Выполняемый шаг: Присвоить значение переменной. id: :MAZ.Rz62:ZsFDl7vQQJ
2026-05-23T14:34:32+0300 INFO: C:\Users\Ksenya\Desktop\hakaton\main\resource\cf0bb641-259d-4499-8940-1aa54877f49b\main.py Выполнение. Выполняемый шаг: Присвоить значение переменной. id: :MAZ.Rz62:ZsFDl7vQQJ
2026-05-23T14:34:32+0300 INFO: C:\Users\Ksenya\Desktop\hakaton\main\resource\cf0bb641-259d-4499-8940-1aa54877f49b\main.py Завершение. Выполняемый шаг: Присвоить значение переменной. id: :MAZ.Rz62:ZsFDl7vQQJ
2026-05-23T14:34:32+0300 INFO: C:\Users\Ksenya\Desktop\hakaton\main\resource\cf0bb641-259d-4499-8940-1aa54877f49b\main.py Старт. Выполняемый шаг: Присвоить значение переменной. id: WBqw15|Z#}dx_{yM[UJS
2026-05-23T14:34:33+0300 INFO: C:\Users\Ksenya\Desktop\hakaton\main\resource\cf0bb641-259d-4499-8940-1aa54877f49b\main.py Выполнение. Выполняемый шаг: Присвоить значение переменной. id: WBqw15|Z#}dx_{yM[UJS
2026-05-23T14:34:33+0300 INFO: C:\Users\Ksenya\Desktop\hakaton\main\resource\cf0bb641-259d-4499-8940-1aa54877f49b\main.py Завершение. Выполняемый шаг: Присвоить значение переменной. id: WBqw15|Z#}dx_{yM[UJS
2026-05-23T14:34:33+0300 INFO: C:\Users\Ksenya\Desktop\hakaton\main\resource\cf0bb641-259d-4499-8940-1aa54877f49b\main.py Старт. Выполняемый шаг: Присвоить значение переменной. id: ZD}VS]B8yU%7IR$_1:gx
2026-05-23T14:34:33+0300 INFO: C:\Users\Ksenya\Desktop\hakaton\main\resource\cf0bb641-259d-4499-8940-1aa54877f49b\main.py Выполнение. Выполняемый шаг: Присвоить значение переменной. id: ZD}VS]B8yU%7IR$_1:gx
2026-05-23T14:34:33+0300 INFO: C:\Users\Ksenya\Desktop\hakaton\main\resource\cf0bb641-259d-4499-8940-1aa54877f49b\main.py Старт. Выполняемый шаг: Прочитать файл. id: h-7qLFMP}Ex#VZ)Ao@jd
2026-05-23T14:34:33+0300 INFO: C:\Users\Ksenya\Desktop\hakaton\main\resource\cf0bb641-259d-4499-8940-1aa54877f49b\main.py Завершение. Выполняемый шаг: Прочитать файл. id: h-7qLFMP}Ex#VZ)Ao@jd
2026-05-23T14:34:33+0300 INFO: C:\Users\Ksenya\Desktop\hakaton\main\resource\cf0bb641-259d-4499-8940-1aa54877f49b\main.py Завершение. Выполняемый шаг: Присвоить значение переменной. id: ZD}VS]B8yU%7IR$_1:gx
2026-05-23T14:34:33+0300 INFO: C:\Users\Ksenya\Desktop\hakaton\main\resource\cf0bb641-259d-4499-8940-1aa54877f49b\main.py Старт. Выполняемый шаг: Присвоить значение переменной. id: ^0R|78#C*6Lo31|B;%K9
2026-05-23T14:34:34+0300 INFO: C:\Users\Ksenya\Desktop\hakaton\main\resource\cf0bb641-259d-4499-8940-1aa54877f49b\main.py Выполнение. Выполняемый шаг: Присвоить значение переменной. id: ^0R|78#C*6Lo31|B;%K9
2026-05-23T14:34:34+0300 INFO: C:\Users\Ksenya\Desktop\hakaton\main\resource\cf0bb641-259d-4499-8940-1aa54877f49b\main.py Завершение. Выполняемый шаг: Присвоить значение переменной. id: ^0R|78#C*6Lo31|B;%K9
2026-05-23T14:34:34+0300 INFO: C:\Users\Ksenya\Desktop\hakaton\main\resource\cf0bb641-259d-4499-8940-1aa54877f49b\main.py Старт. Выполняемый шаг: Присвоить значение переменной. id: p$O:QoI+|4ux$8{ysFr:
2026-05-23T14:34:35+0300 INFO: C:\Users\Ksenya\Desktop\hakaton\main\resource\cf0bb641-259d-4499-8940-1aa54877f49b\main.py Выполнение. Выполняемый шаг: Присвоить значение переменной. id: p$O:QoI+|4ux$8{ysFr:
2026-05-23T14:34:35+0300 INFO: C:\Users\Ksenya\Desktop\hakaton\main\resource\cf0bb641-259d-4499-8940-1aa54877f49b\main.py Завершение. Выполняемый шаг: Присвоить значение переменной. id: p$O:QoI+|4ux$8{ysFr:
2026-05-23T14:34:35+0300 INFO: C:\Users\Ksenya\Desktop\hakaton\main\resource\cf0bb641-259d-4499-8940-1aa54877f49b\main.py Старт. Выполняемый шаг: Присвоить значение переменной. id: ]Nwow_`34-zY1snYsMa=
2026-05-23T14:34:35+0300 INFO: C:\Users\Ksenya\Desktop\hakaton\main\resource\cf0bb641-259d-4499-8940-1aa54877f49b\main.py Выполнение. Выполняемый шаг: Присвоить значение переменной. id: ]Nwow_`34-zY1snYsMa=
2026-05-23T14:34:35+0300 INFO: C:\Users\Ksenya\Desktop\hakaton\main\resource\cf0bb641-259d-4499-8940-1aa54877f49b\main.py Завершение. Выполняемый шаг: Присвоить значение переменной. id: ]Nwow_`34-zY1snYsMa=
2026-05-23T14:34:35+0300 INFO: C:\Users\Ksenya\Desktop\hakaton\main\resource\cf0bb641-259d-4499-8940-1aa54877f49b\main.py Старт. Выполняемый шаг: Присвоить значение переменной. id: 7qHD^~+B#bUSw)9hi;V5
2026-05-23T14:34:36+0300 INFO: C:\Users\Ksenya\Desktop\hakaton\main\resource\cf0bb641-259d-4499-8940-1aa54877f49b\main.py Выполнение. Выполняемый шаг: Присвоить значение переменной. id: 7qHD^~+B#bUSw)9hi;V5
2026-05-23T14:34:36+0300 INFO: C:\Users\Ksenya\Desktop\hakaton\main\resource\cf0bb641-259d-4499-8940-1aa54877f49b\main.py Завершение. Выполняемый шаг: Присвоить значение переменной. id: 7qHD^~+B#bUSw)9hi;V5
2026-05-23T14:34:36+0300 INFO: C:\Users\Ksenya\Desktop\hakaton\main\resource\cf0bb641-259d-4499-8940-1aa54877f49b\main.py Старт. Выполняемый шаг: Присвоить значение переменной. id: 3oGjmJ`CaVRVz9#qu*_m
2026-05-23T14:34:37+0300 INFO: C:\Users\Ksenya\Desktop\hakaton\main\resource\cf0bb641-259d-4499-8940-1aa54877f49b\main.py Выполнение. Выполняемый шаг: Присвоить значение переменной. id: 3oGjmJ`CaVRVz9#qu*_m
2026-05-23T14:34:37+0300 INFO: C:\Users\Ksenya\Desktop\hakaton\main\resource\cf0bb641-259d-4499-8940-1aa54877f49b\main.py Завершение. Выполняемый шаг: Присвоить значение переменной. id: 3oGjmJ`CaVRVz9#qu*_m
2026-05-23T14:34:37+0300 INFO: C:\Users\Ksenya\Desktop\hakaton\main\resource\cf0bb641-259d-4499-8940-1aa54877f49b\main.py Старт. Выполняемый шаг: Присвоить значение переменной. id: :kF]*7FA#}yI!L)At3D0
2026-05-23T14:34:37+0300 INFO: C:\Users\Ksenya\Desktop\hakaton\main\resource\cf0bb641-259d-4499-8940-1aa54877f49b\main.py Выполнение. Выполняемый шаг: Присвоить значение переменной. id: :kF]*7FA#}yI!L)At3D0
2026-05-23T14:34:37+0300 INFO: C:\Users\Ksenya\Desktop\hakaton\main\resource\cf0bb641-259d-4499-8940-1aa54877f49b\main.py Завершение. Выполняемый шаг: Присвоить значение переменной. id: :kF]*7FA#}yI!L)At3D0
2026-05-23T14:34:38+0300 INFO: C:\Users\Ksenya\Desktop\hakaton\main\resource\cf0bb641-259d-4499-8940-1aa54877f49b\main.py Отправляю запрос в 1С
2026-05-23T14:34:38+0300 INFO: C:\Users\Ksenya\Desktop\hakaton\main\resource\cf0bb641-259d-4499-8940-1aa54877f49b\main.py Старт. Выполняемый шаг: Присвоить значение переменной. id: 5Ew%Wt$JK+7d7TXLxId_
2026-05-23T14:34:40+0300 INFO: C:\Users\Ksenya\Desktop\hakaton\main\resource\cf0bb641-259d-4499-8940-1aa54877f49b\main.py Выполнение. Выполняемый шаг: Присвоить значение переменной. id: 5Ew%Wt$JK+7d7TXLxId_
2026-05-23T14:34:40+0300 INFO: C:\Users\Ksenya\Desktop\hakaton\main\resource\cf0bb641-259d-4499-8940-1aa54877f49b\main.py Старт. Выполняемый шаг: Создать сессию браузера. id: 4#bM-7PYt%bTkrSh8bfZ
2026-05-23T14:37:20+0300 INFO: Старт робота: C:\Users\Ksenya\Desktop\hakaton\main\resource\3cee8b89-7e76-41ea-9fc0-b877d15d28ff\main.py
2026-05-23T14:37:20+0300 INFO: C:\Users\Ksenya\Desktop\hakaton\main\resource\3cee8b89-7e76-41ea-9fc0-b877d15d28ff\main.py Старт. Выполняемый шаг: Обработка ошибки. id: E(ohZ?TiZWX5;}Gqu-r,
2026-05-23T14:37:20+0300 INFO: C:\Users\Ksenya\Desktop\hakaton\main\resource\3cee8b89-7e76-41ea-9fc0-b877d15d28ff\main.py Выполнение. Выполняемый шаг: Обработка ошибки. id: E(ohZ?TiZWX5;}Gqu-r,
2026-05-23T14:37:20+0300 INFO: C:\Users\Ksenya\Desktop\hakaton\main\resource\3cee8b89-7e76-41ea-9fc0-b877d15d28ff\main.py Робот запущен
2026-05-23T14:37:20+0300 INFO: C:\Users\Ksenya\Desktop\hakaton\main\resource\3cee8b89-7e76-41ea-9fc0-b877d15d28ff\main.py Старт. Выполняемый шаг: Присвоить значение переменной. id: uT8K_dR,wNXk4m?dkCsM
2026-05-23T14:37:21+0300 INFO: C:\Users\Ksenya\Desktop\hakaton\main\resource\3cee8b89-7e76-41ea-9fc0-b877d15d28ff\main.py Выполнение. Выполняемый шаг: Присвоить значение переменной. id: uT8K_dR,wNXk4m?dkCsM
2026-05-23T14:37:21+0300 INFO: C:\Users\Ksenya\Desktop\hakaton\main\resource\3cee8b89-7e76-41ea-9fc0-b877d15d28ff\main.py Завершение. Выполняемый шаг: Присвоить значение переменной. id: uT8K_dR,wNXk4m?dkCsM
2026-05-23T14:37:21+0300 INFO: C:\Users\Ksenya\Desktop\hakaton\main\resource\3cee8b89-7e76-41ea-9fc0-b877d15d28ff\main.py Старт. Выполняемый шаг: Присвоить значение переменной. id: :MAZ.Rz62:ZsFDl7vQQJ
2026-05-23T14:37:22+0300 INFO: C:\Users\Ksenya\Desktop\hakaton\main\resource\3cee8b89-7e76-41ea-9fc0-b877d15d28ff\main.py Выполнение. Выполняемый шаг: Присвоить значение переменной. id: :MAZ.Rz62:ZsFDl7vQQJ
2026-05-23T14:37:22+0300 INFO: C:\Users\Ksenya\Desktop\hakaton\main\resource\3cee8b89-7e76-41ea-9fc0-b877d15d28ff\main.py Завершение. Выполняемый шаг: Присвоить значение переменной. id: :MAZ.Rz62:ZsFDl7vQQJ
2026-05-23T14:37:22+0300 INFO: C:\Users\Ksenya\Desktop\hakaton\main\resource\3cee8b89-7e76-41ea-9fc0-b877d15d28ff\main.py Старт. Выполняемый шаг: Присвоить значение переменной. id: WBqw15|Z#}dx_{yM[UJS
2026-05-23T14:37:23+0300 INFO: C:\Users\Ksenya\Desktop\hakaton\main\resource\3cee8b89-7e76-41ea-9fc0-b877d15d28ff\main.py Выполнение. Выполняемый шаг: Присвоить значение переменной. id: WBqw15|Z#}dx_{yM[UJS
2026-05-23T14:37:23+0300 INFO: C:\Users\Ksenya\Desktop\hakaton\main\resource\3cee8b89-7e76-41ea-9fc0-b877d15d28ff\main.py Завершение. Выполняемый шаг: Присвоить значение переменной. id: WBqw15|Z#}dx_{yM[UJS
2026-05-23T14:37:23+0300 INFO: C:\Users\Ksenya\Desktop\hakaton\main\resource\3cee8b89-7e76-41ea-9fc0-b877d15d28ff\main.py Старт. Выполняемый шаг: Присвоить значение переменной. id: ZD}VS]B8yU%7IR$_1:gx
2026-05-23T14:37:23+0300 INFO: C:\Users\Ksenya\Desktop\hakaton\main\resource\3cee8b89-7e76-41ea-9fc0-b877d15d28ff\main.py Выполнение. Выполняемый шаг: Присвоить значение переменной. id: ZD}VS]B8yU%7IR$_1:gx
2026-05-23T14:37:23+0300 INFO: C:\Users\Ksenya\Desktop\hakaton\main\resource\3cee8b89-7e76-41ea-9fc0-b877d15d28ff\main.py Старт. Выполняемый шаг: Прочитать файл. id: h-7qLFMP}Ex#VZ)Ao@jd
2026-05-23T14:37:23+0300 INFO: C:\Users\Ksenya\Desktop\hakaton\main\resource\3cee8b89-7e76-41ea-9fc0-b877d15d28ff\main.py Завершение. Выполняемый шаг: Прочитать файл. id: h-7qLFMP}Ex#VZ)Ao@jd
2026-05-23T14:37:23+0300 INFO: C:\Users\Ksenya\Desktop\hakaton\main\resource\3cee8b89-7e76-41ea-9fc0-b877d15d28ff\main.py Завершение. Выполняемый шаг: Присвоить значение переменной. id: ZD}VS]B8yU%7IR$_1:gx
2026-05-23T14:37:23+0300 INFO: C:\Users\Ksenya\Desktop\hakaton\main\resource\3cee8b89-7e76-41ea-9fc0-b877d15d28ff\main.py Старт. Выполняемый шаг: Присвоить значение переменной. id: ^0R|78#C*6Lo31|B;%K9
2026-05-23T14:37:24+0300 INFO: C:\Users\Ksenya\Desktop\hakaton\main\resource\3cee8b89-7e76-41ea-9fc0-b877d15d28ff\main.py Выполнение. Выполняемый шаг: Присвоить значение переменной. id: ^0R|78#C*6Lo31|B;%K9
2026-05-23T14:37:24+0300 INFO: C:\Users\Ksenya\Desktop\hakaton\main\resource\3cee8b89-7e76-41ea-9fc0-b877d15d28ff\main.py Завершение. Выполняемый шаг: Присвоить значение переменной. id: ^0R|78#C*6Lo31|B;%K9
2026-05-23T14:37:24+0300 INFO: C:\Users\Ksenya\Desktop\hakaton\main\resource\3cee8b89-7e76-41ea-9fc0-b877d15d28ff\main.py Старт. Выполняемый шаг: Присвоить значение переменной. id: p$O:QoI+|4ux$8{ysFr:
2026-05-23T14:37:25+0300 INFO: C:\Users\Ksenya\Desktop\hakaton\main\resource\3cee8b89-7e76-41ea-9fc0-b877d15d28ff\main.py Выполнение. Выполняемый шаг: Присвоить значение переменной. id: p$O:QoI+|4ux$8{ysFr:
2026-05-23T14:37:25+0300 INFO: C:\Users\Ksenya\Desktop\hakaton\main\resource\3cee8b89-7e76-41ea-9fc0-b877d15d28ff\main.py Завершение. Выполняемый шаг: Присвоить значение переменной. id: p$O:QoI+|4ux$8{ysFr:
2026-05-23T14:37:25+0300 INFO: C:\Users\Ksenya\Desktop\hakaton\main\resource\3cee8b89-7e76-41ea-9fc0-b877d15d28ff\main.py Старт. Выполняемый шаг: Присвоить значение переменной. id: ]Nwow_`34-zY1snYsMa=
2026-05-23T14:37:25+0300 INFO: C:\Users\Ksenya\Desktop\hakaton\main\resource\3cee8b89-7e76-41ea-9fc0-b877d15d28ff\main.py Выполнение. Выполняемый шаг: Присвоить значение переменной. id: ]Nwow_`34-zY1snYsMa=
2026-05-23T14:37:25+0300 INFO: C:\Users\Ksenya\Desktop\hakaton\main\resource\3cee8b89-7e76-41ea-9fc0-b877d15d28ff\main.py Завершение. Выполняемый шаг: Присвоить значение переменной. id: ]Nwow_`34-zY1snYsMa=
2026-05-23T14:37:25+0300 INFO: C:\Users\Ksenya\Desktop\hakaton\main\resource\3cee8b89-7e76-41ea-9fc0-b877d15d28ff\main.py Старт. Выполняемый шаг: Присвоить значение переменной. id: 7qHD^~+B#bUSw)9hi;V5
2026-05-23T14:37:26+0300 INFO: C:\Users\Ksenya\Desktop\hakaton\main\resource\3cee8b89-7e76-41ea-9fc0-b877d15d28ff\main.py Выполнение. Выполняемый шаг: Присвоить значение переменной. id: 7qHD^~+B#bUSw)9hi;V5
2026-05-23T14:37:26+0300 INFO: C:\Users\Ksenya\Desktop\hakaton\main\resource\3cee8b89-7e76-41ea-9fc0-b877d15d28ff\main.py Завершение. Выполняемый шаг: Присвоить значение переменной. id: 7qHD^~+B#bUSw)9hi;V5
2026-05-23T14:37:26+0300 INFO: C:\Users\Ksenya\Desktop\hakaton\main\resource\3cee8b89-7e76-41ea-9fc0-b877d15d28ff\main.py Старт. Выполняемый шаг: Присвоить значение переменной. id: 3oGjmJ`CaVRVz9#qu*_m
2026-05-23T14:37:27+0300 INFO: C:\Users\Ksenya\Desktop\hakaton\main\resource\3cee8b89-7e76-41ea-9fc0-b877d15d28ff\main.py Выполнение. Выполняемый шаг: Присвоить значение переменной. id: 3oGjmJ`CaVRVz9#qu*_m
2026-05-23T14:37:27+0300 INFO: C:\Users\Ksenya\Desktop\hakaton\main\resource\3cee8b89-7e76-41ea-9fc0-b877d15d28ff\main.py Завершение. Выполняемый шаг: Присвоить значение переменной. id: 3oGjmJ`CaVRVz9#qu*_m
2026-05-23T14:37:27+0300 INFO: C:\Users\Ksenya\Desktop\hakaton\main\resource\3cee8b89-7e76-41ea-9fc0-b877d15d28ff\main.py Старт. Выполняемый шаг: Присвоить значение переменной. id: :kF]*7FA#}yI!L)At3D0
2026-05-23T14:37:27+0300 INFO: C:\Users\Ksenya\Desktop\hakaton\main\resource\3cee8b89-7e76-41ea-9fc0-b877d15d28ff\main.py Выполнение. Выполняемый шаг: Присвоить значение переменной. id: :kF]*7FA#}yI!L)At3D0
2026-05-23T14:37:27+0300 INFO: C:\Users\Ksenya\Desktop\hakaton\main\resource\3cee8b89-7e76-41ea-9fc0-b877d15d28ff\main.py Завершение. Выполняемый шаг: Присвоить значение переменной. id: :kF]*7FA#}yI!L)At3D0
2026-05-23T14:37:28+0300 INFO: C:\Users\Ksenya\Desktop\hakaton\main\resource\3cee8b89-7e76-41ea-9fc0-b877d15d28ff\main.py Отправляю запрос в 1С
2026-05-23T14:37:28+0300 INFO: C:\Users\Ksenya\Desktop\hakaton\main\resource\3cee8b89-7e76-41ea-9fc0-b877d15d28ff\main.py Старт. Выполняемый шаг: Присвоить значение переменной. id: 5Ew%Wt$JK+7d7TXLxId_
2026-05-23T14:37:33+0300 INFO: C:\Users\Ksenya\Desktop\hakaton\main\resource\3cee8b89-7e76-41ea-9fc0-b877d15d28ff\main.py Выполнение. Выполняемый шаг: Присвоить значение переменной. id: 5Ew%Wt$JK+7d7TXLxId_
2026-05-23T14:37:33+0300 INFO: C:\Users\Ksenya\Desktop\hakaton\main\resource\3cee8b89-7e76-41ea-9fc0-b877d15d28ff\main.py Старт. Выполняемый шаг: Создать сессию браузера. id: 4#bM-7PYt%bTkrSh8bfZ
2026-05-23T14:43:59+0300 INFO: Старт робота: C:\Users\Ksenya\Desktop\hakaton\main\resource\f5734568-1f35-41bf-9249-c6a7067bf3cd\main.py
2026-05-23T14:43:59+0300 INFO: C:\Users\Ksenya\Desktop\hakaton\main\resource\f5734568-1f35-41bf-9249-c6a7067bf3cd\main.py Старт. Выполняемый шаг: Обработка ошибки. id: E(ohZ?TiZWX5;}Gqu-r,
2026-05-23T14:44:00+0300 INFO: C:\Users\Ksenya\Desktop\hakaton\main\resource\f5734568-1f35-41bf-9249-c6a7067bf3cd\main.py Выполнение. Выполняемый шаг: Обработка ошибки. id: E(ohZ?TiZWX5;}Gqu-r,
2026-05-23T14:44:00+0300 INFO: C:\Users\Ksenya\Desktop\hakaton\main\resource\f5734568-1f35-41bf-9249-c6a7067bf3cd\main.py Робот запущен
2026-05-23T14:44:00+0300 INFO: C:\Users\Ksenya\Desktop\hakaton\main\resource\f5734568-1f35-41bf-9249-c6a7067bf3cd\main.py Старт. Выполняемый шаг: Присвоить значение переменной. id: uT8K_dR,wNXk4m?dkCsM
2026-05-23T14:44:12+0300 INFO: C:\Users\Ksenya\Desktop\hakaton\main\resource\f5734568-1f35-41bf-9249-c6a7067bf3cd\main.py Выполнение. Выполняемый шаг: Присвоить значение переменной. id: uT8K_dR,wNXk4m?dkCsM
2026-05-23T14:44:12+0300 INFO: C:\Users\Ksenya\Desktop\hakaton\main\resource\f5734568-1f35-41bf-9249-c6a7067bf3cd\main.py Завершение. Выполняемый шаг: Присвоить значение переменной. id: uT8K_dR,wNXk4m?dkCsM
2026-05-23T14:44:12+0300 INFO: C:\Users\Ksenya\Desktop\hakaton\main\resource\f5734568-1f35-41bf-9249-c6a7067bf3cd\main.py Старт. Выполняемый шаг: Присвоить значение переменной. id: :MAZ.Rz62:ZsFDl7vQQJ
2026-05-23T14:44:12+0300 INFO: C:\Users\Ksenya\Desktop\hakaton\main\resource\f5734568-1f35-41bf-9249-c6a7067bf3cd\main.py Выполнение. Выполняемый шаг: Присвоить значение переменной. id: :MAZ.Rz62:ZsFDl7vQQJ
2026-05-23T14:44:12+0300 INFO: C:\Users\Ksenya\Desktop\hakaton\main\resource\f5734568-1f35-41bf-9249-c6a7067bf3cd\main.py Завершение. Выполняемый шаг: Присвоить значение переменной. id: :MAZ.Rz62:ZsFDl7vQQJ
2026-05-23T14:44:12+0300 INFO: C:\Users\Ksenya\Desktop\hakaton\main\resource\f5734568-1f35-41bf-9249-c6a7067bf3cd\main.py Старт. Выполняемый шаг: Присвоить значение переменной. id: WBqw15|Z#}dx_{yM[UJS
2026-05-23T14:44:12+0300 INFO: C:\Users\Ksenya\Desktop\hakaton\main\resource\f5734568-1f35-41bf-9249-c6a7067bf3cd\main.py Выполнение. Выполняемый шаг: Присвоить значение переменной. id: WBqw15|Z#}dx_{yM[UJS
2026-05-23T14:44:12+0300 INFO: C:\Users\Ksenya\Desktop\hakaton\main\resource\f5734568-1f35-41bf-9249-c6a7067bf3cd\main.py Завершение. Выполняемый шаг: Присвоить значение переменной. id: WBqw15|Z#}dx_{yM[UJS
2026-05-23T14:44:12+0300 INFO: C:\Users\Ksenya\Desktop\hakaton\main\resource\f5734568-1f35-41bf-9249-c6a7067bf3cd\main.py Старт. Выполняемый шаг: Присвоить значение переменной. id: ZD}VS]B8yU%7IR$_1:gx
2026-05-23T14:44:12+0300 INFO: C:\Users\Ksenya\Desktop\hakaton\main\resource\f5734568-1f35-41bf-9249-c6a7067bf3cd\main.py Выполнение. Выполняемый шаг: Присвоить значение переменной. id: ZD}VS]B8yU%7IR$_1:gx
2026-05-23T14:44:12+0300 INFO: C:\Users\Ksenya\Desktop\hakaton\main\resource\f5734568-1f35-41bf-9249-c6a7067bf3cd\main.py Старт. Выполняемый шаг: Прочитать файл. id: h-7qLFMP}Ex#VZ)Ao@jd
2026-05-23T14:44:12+0300 INFO: C:\Users\Ksenya\Desktop\hakaton\main\resource\f5734568-1f35-41bf-9249-c6a7067bf3cd\main.py Завершение. Выполняемый шаг: Прочитать файл. id: h-7qLFMP}Ex#VZ)Ao@jd
2026-05-23T14:44:12+0300 INFO: C:\Users\Ksenya\Desktop\hakaton\main\resource\f5734568-1f35-41bf-9249-c6a7067bf3cd\main.py Завершение. Выполняемый шаг: Присвоить значение переменной. id: ZD}VS]B8yU%7IR$_1:gx
2026-05-23T14:44:12+0300 INFO: C:\Users\Ksenya\Desktop\hakaton\main\resource\f5734568-1f35-41bf-9249-c6a7067bf3cd\main.py Старт. Выполняемый шаг: Присвоить значение переменной. id: ^0R|78#C*6Lo31|B;%K9
2026-05-23T14:44:12+0300 INFO: C:\Users\Ksenya\Desktop\hakaton\main\resource\f5734568-1f35-41bf-9249-c6a7067bf3cd\main.py Выполнение. Выполняемый шаг: Присвоить значение переменной. id: ^0R|78#C*6Lo31|B;%K9
2026-05-23T14:44:12+0300 INFO: C:\Users\Ksenya\Desktop\hakaton\main\resource\f5734568-1f35-41bf-9249-c6a7067bf3cd\main.py Завершение. Выполняемый шаг: Присвоить значение переменной. id: ^0R|78#C*6Lo31|B;%K9
2026-05-23T14:44:12+0300 INFO: C:\Users\Ksenya\Desktop\hakaton\main\resource\f5734568-1f35-41bf-9249-c6a7067bf3cd\main.py Старт. Выполняемый шаг: Присвоить значение переменной. id: p$O:QoI+|4ux$8{ysFr:
2026-05-23T14:44:12+0300 INFO: C:\Users\Ksenya\Desktop\hakaton\main\resource\f5734568-1f35-41bf-9249-c6a7067bf3cd\main.py Выполнение. Выполняемый шаг: Присвоить значение переменной. id: p$O:QoI+|4ux$8{ysFr:
2026-05-23T14:44:12+0300 INFO: C:\Users\Ksenya\Desktop\hakaton\main\resource\f5734568-1f35-41bf-9249-c6a7067bf3cd\main.py Завершение. Выполняемый шаг: Присвоить значение переменной. id: p$O:QoI+|4ux$8{ysFr:
2026-05-23T14:44:12+0300 INFO: C:\Users\Ksenya\Desktop\hakaton\main\resource\f5734568-1f35-41bf-9249-c6a7067bf3cd\main.py Старт. Выполняемый шаг: Присвоить значение переменной. id: ]Nwow_`34-zY1snYsMa=
2026-05-23T14:44:12+0300 INFO: C:\Users\Ksenya\Desktop\hakaton\main\resource\f5734568-1f35-41bf-9249-c6a7067bf3cd\main.py Выполнение. Выполняемый шаг: Присвоить значение переменной. id: ]Nwow_`34-zY1snYsMa=
2026-05-23T14:44:12+0300 INFO: C:\Users\Ksenya\Desktop\hakaton\main\resource\f5734568-1f35-41bf-9249-c6a7067bf3cd\main.py Завершение. Выполняемый шаг: Присвоить значение переменной. id: ]Nwow_`34-zY1snYsMa=
2026-05-23T14:44:12+0300 INFO: C:\Users\Ksenya\Desktop\hakaton\main\resource\f5734568-1f35-41bf-9249-c6a7067bf3cd\main.py Старт. Выполняемый шаг: Присвоить значение переменной. id: 7qHD^~+B#bUSw)9hi;V5
2026-05-23T14:44:12+0300 INFO: C:\Users\Ksenya\Desktop\hakaton\main\resource\f5734568-1f35-41bf-9249-c6a7067bf3cd\main.py Выполнение. Выполняемый шаг: Присвоить значение переменной. id: 7qHD^~+B#bUSw)9hi;V5
2026-05-23T14:44:12+0300 INFO: C:\Users\Ksenya\Desktop\hakaton\main\resource\f5734568-1f35-41bf-9249-c6a7067bf3cd\main.py Завершение. Выполняемый шаг: Присвоить значение переменной. id: 7qHD^~+B#bUSw)9hi;V5
2026-05-23T14:44:12+0300 INFO: C:\Users\Ksenya\Desktop\hakaton\main\resource\f5734568-1f35-41bf-9249-c6a7067bf3cd\main.py Старт. Выполняемый шаг: Присвоить значение переменной. id: 3oGjmJ`CaVRVz9#qu*_m
2026-05-23T14:44:14+0300 INFO: C:\Users\Ksenya\Desktop\hakaton\main\resource\f5734568-1f35-41bf-9249-c6a7067bf3cd\main.py Выполнение. Выполняемый шаг: Присвоить значение переменной. id: 3oGjmJ`CaVRVz9#qu*_m
2026-05-23T14:44:14+0300 INFO: C:\Users\Ksenya\Desktop\hakaton\main\resource\f5734568-1f35-41bf-9249-c6a7067bf3cd\main.py Завершение. Выполняемый шаг: Присвоить значение переменной. id: 3oGjmJ`CaVRVz9#qu*_m
2026-05-23T14:44:14+0300 INFO: C:\Users\Ksenya\Desktop\hakaton\main\resource\f5734568-1f35-41bf-9249-c6a7067bf3cd\main.py Старт. Выполняемый шаг: Присвоить значение переменной. id: :kF]*7FA#}yI!L)At3D0
2026-05-23T14:44:15+0300 INFO: C:\Users\Ksenya\Desktop\hakaton\main\resource\f5734568-1f35-41bf-9249-c6a7067bf3cd\main.py Выполнение. Выполняемый шаг: Присвоить значение переменной. id: :kF]*7FA#}yI!L)At3D0
2026-05-23T14:44:15+0300 INFO: C:\Users\Ksenya\Desktop\hakaton\main\resource\f5734568-1f35-41bf-9249-c6a7067bf3cd\main.py Завершение. Выполняемый шаг: Присвоить значение переменной. id: :kF]*7FA#}yI!L)At3D0
2026-05-23T14:44:16+0300 INFO: C:\Users\Ksenya\Desktop\hakaton\main\resource\f5734568-1f35-41bf-9249-c6a7067bf3cd\main.py Отправляю запрос в 1С
2026-05-23T14:44:16+0300 INFO: C:\Users\Ksenya\Desktop\hakaton\main\resource\f5734568-1f35-41bf-9249-c6a7067bf3cd\main.py Старт. Выполняемый шаг: Присвоить значение переменной. id: 5Ew%Wt$JK+7d7TXLxId_
2026-05-23T14:44:16+0300 INFO: C:\Users\Ksenya\Desktop\hakaton\main\resource\f5734568-1f35-41bf-9249-c6a7067bf3cd\main.py Выполнение. Выполняемый шаг: Присвоить значение переменной. id: 5Ew%Wt$JK+7d7TXLxId_
2026-05-23T14:44:16+0300 INFO: C:\Users\Ksenya\Desktop\hakaton\main\resource\f5734568-1f35-41bf-9249-c6a7067bf3cd\main.py Старт. Выполняемый шаг: Создать сессию браузера. id: 4#bM-7PYt%bTkrSh8bfZ
2026-05-23T14:44:22+0300 INFO: C:\Users\Ksenya\Desktop\hakaton\main\resource\f5734568-1f35-41bf-9249-c6a7067bf3cd\main.py Завершение. Выполняемый шаг: Создать сессию браузера. id: 4#bM-7PYt%bTkrSh8bfZ
2026-05-23T14:44:22+0300 INFO: C:\Users\Ksenya\Desktop\hakaton\main\resource\f5734568-1f35-41bf-9249-c6a7067bf3cd\main.py Завершение. Выполняемый шаг: Присвоить значение переменной. id: 5Ew%Wt$JK+7d7TXLxId_
2026-05-23T14:44:22+0300 INFO: C:\Users\Ksenya\Desktop\hakaton\main\resource\f5734568-1f35-41bf-9249-c6a7067bf3cd\main.py Старт. Выполняемый шаг: Открыть страницу в браузере. id: _{QT4zD{Fqs69!/:|#zp
2026-05-23T14:44:24+0300 INFO: C:\Users\Ksenya\Desktop\hakaton\main\resource\f5734568-1f35-41bf-9249-c6a7067bf3cd\main.py Выполнение. Выполняемый шаг: Открыть страницу в браузере. id: _{QT4zD{Fqs69!/:|#zp
2026-05-23T14:44:26+0300 INFO: C:\Users\Ksenya\Desktop\hakaton\main\resource\f5734568-1f35-41bf-9249-c6a7067bf3cd\main.py Завершение. Выполняемый шаг: Открыть страницу в браузере. id: _{QT4zD{Fqs69!/:|#zp
2026-05-23T14:44:26+0300 INFO: C:\Users\Ksenya\Desktop\hakaton\main\resource\f5734568-1f35-41bf-9249-c6a7067bf3cd\main.py Старт. Выполняемый шаг: Задержка. id: ??=,o)g^!HRb+gO2+Wzh
2026-05-23T14:45:04+0300 INFO: C:\Users\Ksenya\Desktop\hakaton\main\resource\f5734568-1f35-41bf-9249-c6a7067bf3cd\main.py Выполнение. Выполняемый шаг: Задержка. id: ??=,o)g^!HRb+gO2+Wzh
2026-05-23T14:45:04+0300 INFO: C:\Users\Ksenya\Desktop\hakaton\main\resource\f5734568-1f35-41bf-9249-c6a7067bf3cd\main.py Старт. Выполняемый шаг: Преобразовать строку в число. id: {Rsp$JX%Cwa].U=6UmD=
2026-05-23T14:45:04+0300 INFO: C:\Users\Ksenya\Desktop\hakaton\main\resource\f5734568-1f35-41bf-9249-c6a7067bf3cd\main.py Завершение. Выполняемый шаг: Преобразовать строку в число. id: {Rsp$JX%Cwa].U=6UmD=
2026-05-23T14:45:07+0300 INFO: C:\Users\Ksenya\Desktop\hakaton\main\resource\f5734568-1f35-41bf-9249-c6a7067bf3cd\main.py Завершение. Выполняемый шаг: Задержка. id: ??=,o)g^!HRb+gO2+Wzh
2026-05-23T14:45:07+0300 INFO: C:\Users\Ksenya\Desktop\hakaton\main\resource\f5734568-1f35-41bf-9249-c6a7067bf3cd\main.py Старт. Выполняемый шаг: Клик по Web-элементу. id: EBp7HZH}x+19aqf!)2/)
2026-05-23T14:45:14+0300 INFO: C:\Users\Ksenya\Desktop\hakaton\main\resource\f5734568-1f35-41bf-9249-c6a7067bf3cd\main.py Выполнение. Выполняемый шаг: Клик по Web-элементу. id: EBp7HZH}x+19aqf!)2/)
2026-05-23T14:45:29+0300 INFO: Старт робота: C:\Users\Ksenya\Desktop\hakaton\main\resource\bdf68e24-33e6-4ff1-90fe-34f862142ecd\main.py
2026-05-23T14:45:29+0300 INFO: C:\Users\Ksenya\Desktop\hakaton\main\resource\bdf68e24-33e6-4ff1-90fe-34f862142ecd\main.py Старт. Выполняемый шаг: Обработка ошибки. id: E(ohZ?TiZWX5;}Gqu-r,
2026-05-23T14:45:30+0300 INFO: C:\Users\Ksenya\Desktop\hakaton\main\resource\bdf68e24-33e6-4ff1-90fe-34f862142ecd\main.py Выполнение. Выполняемый шаг: Обработка ошибки. id: E(ohZ?TiZWX5;}Gqu-r,
2026-05-23T14:45:30+0300 INFO: C:\Users\Ksenya\Desktop\hakaton\main\resource\bdf68e24-33e6-4ff1-90fe-34f862142ecd\main.py Робот запущен
2026-05-23T14:45:30+0300 INFO: C:\Users\Ksenya\Desktop\hakaton\main\resource\bdf68e24-33e6-4ff1-90fe-34f862142ecd\main.py Старт. Выполняемый шаг: Присвоить значение переменной. id: uT8K_dR,wNXk4m?dkCsM
2026-05-23T14:45:31+0300 INFO: C:\Users\Ksenya\Desktop\hakaton\main\resource\bdf68e24-33e6-4ff1-90fe-34f862142ecd\main.py Выполнение. Выполняемый шаг: Присвоить значение переменной. id: uT8K_dR,wNXk4m?dkCsM
2026-05-23T14:45:31+0300 INFO: C:\Users\Ksenya\Desktop\hakaton\main\resource\bdf68e24-33e6-4ff1-90fe-34f862142ecd\main.py Завершение. Выполняемый шаг: Присвоить значение переменной. id: uT8K_dR,wNXk4m?dkCsM
2026-05-23T14:45:31+0300 INFO: C:\Users\Ksenya\Desktop\hakaton\main\resource\bdf68e24-33e6-4ff1-90fe-34f862142ecd\main.py Старт. Выполняемый шаг: Присвоить значение переменной. id: :MAZ.Rz62:ZsFDl7vQQJ
2026-05-23T14:45:31+0300 INFO: C:\Users\Ksenya\Desktop\hakaton\main\resource\bdf68e24-33e6-4ff1-90fe-34f862142ecd\main.py Выполнение. Выполняемый шаг: Присвоить значение переменной. id: :MAZ.Rz62:ZsFDl7vQQJ
2026-05-23T14:45:31+0300 INFO: C:\Users\Ksenya\Desktop\hakaton\main\resource\bdf68e24-33e6-4ff1-90fe-34f862142ecd\main.py Завершение. Выполняемый шаг: Присвоить значение переменной. id: :MAZ.Rz62:ZsFDl7vQQJ
2026-05-23T14:45:31+0300 INFO: C:\Users\Ksenya\Desktop\hakaton\main\resource\bdf68e24-33e6-4ff1-90fe-34f862142ecd\main.py Старт. Выполняемый шаг: Присвоить значение переменной. id: WBqw15|Z#}dx_{yM[UJS
2026-05-23T14:45:32+0300 INFO: C:\Users\Ksenya\Desktop\hakaton\main\resource\bdf68e24-33e6-4ff1-90fe-34f862142ecd\main.py Выполнение. Выполняемый шаг: Присвоить значение переменной. id: WBqw15|Z#}dx_{yM[UJS
2026-05-23T14:45:32+0300 INFO: C:\Users\Ksenya\Desktop\hakaton\main\resource\bdf68e24-33e6-4ff1-90fe-34f862142ecd\main.py Завершение. Выполняемый шаг: Присвоить значение переменной. id: WBqw15|Z#}dx_{yM[UJS
2026-05-23T14:45:32+0300 INFO: C:\Users\Ksenya\Desktop\hakaton\main\resource\bdf68e24-33e6-4ff1-90fe-34f862142ecd\main.py Старт. Выполняемый шаг: Присвоить значение переменной. id: ZD}VS]B8yU%7IR$_1:gx
2026-05-23T14:45:32+0300 INFO: C:\Users\Ksenya\Desktop\hakaton\main\resource\bdf68e24-33e6-4ff1-90fe-34f862142ecd\main.py Выполнение. Выполняемый шаг: Присвоить значение переменной. id: ZD}VS]B8yU%7IR$_1:gx
2026-05-23T14:45:32+0300 INFO: C:\Users\Ksenya\Desktop\hakaton\main\resource\bdf68e24-33e6-4ff1-90fe-34f862142ecd\main.py Старт. Выполняемый шаг: Прочитать файл. id: h-7qLFMP}Ex#VZ)Ao@jd
2026-05-23T14:45:32+0300 INFO: C:\Users\Ksenya\Desktop\hakaton\main\resource\bdf68e24-33e6-4ff1-90fe-34f862142ecd\main.py Завершение. Выполняемый шаг: Прочитать файл. id: h-7qLFMP}Ex#VZ)Ao@jd
2026-05-23T14:45:32+0300 INFO: C:\Users\Ksenya\Desktop\hakaton\main\resource\bdf68e24-33e6-4ff1-90fe-34f862142ecd\main.py Завершение. Выполняемый шаг: Присвоить значение переменной. id: ZD}VS]B8yU%7IR$_1:gx
2026-05-23T14:45:32+0300 INFO: C:\Users\Ksenya\Desktop\hakaton\main\resource\bdf68e24-33e6-4ff1-90fe-34f862142ecd\main.py Старт. Выполняемый шаг: Присвоить значение переменной. id: ^0R|78#C*6Lo31|B;%K9
2026-05-23T14:45:33+0300 INFO: C:\Users\Ksenya\Desktop\hakaton\main\resource\bdf68e24-33e6-4ff1-90fe-34f862142ecd\main.py Выполнение. Выполняемый шаг: Присвоить значение переменной. id: ^0R|78#C*6Lo31|B;%K9
2026-05-23T14:45:33+0300 INFO: C:\Users\Ksenya\Desktop\hakaton\main\resource\bdf68e24-33e6-4ff1-90fe-34f862142ecd\main.py Завершение. Выполняемый шаг: Присвоить значение переменной. id: ^0R|78#C*6Lo31|B;%K9
2026-05-23T14:45:33+0300 INFO: C:\Users\Ksenya\Desktop\hakaton\main\resource\bdf68e24-33e6-4ff1-90fe-34f862142ecd\main.py Старт. Выполняемый шаг: Присвоить значение переменной. id: p$O:QoI+|4ux$8{ysFr:
2026-05-23T14:45:33+0300 INFO: C:\Users\Ksenya\Desktop\hakaton\main\resource\bdf68e24-33e6-4ff1-90fe-34f862142ecd\main.py Выполнение. Выполняемый шаг: Присвоить значение переменной. id: p$O:QoI+|4ux$8{ysFr:
2026-05-23T14:45:33+0300 INFO: C:\Users\Ksenya\Desktop\hakaton\main\resource\bdf68e24-33e6-4ff1-90fe-34f862142ecd\main.py Завершение. Выполняемый шаг: Присвоить значение переменной. id: p$O:QoI+|4ux$8{ysFr:
2026-05-23T14:45:33+0300 INFO: C:\Users\Ksenya\Desktop\hakaton\main\resource\bdf68e24-33e6-4ff1-90fe-34f862142ecd\main.py Старт. Выполняемый шаг: Присвоить значение переменной. id: ]Nwow_`34-zY1snYsMa=
2026-05-23T14:45:33+0300 INFO: C:\Users\Ksenya\Desktop\hakaton\main\resource\bdf68e24-33e6-4ff1-90fe-34f862142ecd\main.py Выполнение. Выполняемый шаг: Присвоить значение переменной. id: ]Nwow_`34-zY1snYsMa=
2026-05-23T14:45:33+0300 INFO: C:\Users\Ksenya\Desktop\hakaton\main\resource\bdf68e24-33e6-4ff1-90fe-34f862142ecd\main.py Завершение. Выполняемый шаг: Присвоить значение переменной. id: ]Nwow_`34-zY1snYsMa=
2026-05-23T14:45:33+0300 INFO: C:\Users\Ksenya\Desktop\hakaton\main\resource\bdf68e24-33e6-4ff1-90fe-34f862142ecd\main.py Старт. Выполняемый шаг: Присвоить значение переменной. id: 7qHD^~+B#bUSw)9hi;V5
2026-05-23T14:45:33+0300 INFO: C:\Users\Ksenya\Desktop\hakaton\main\resource\bdf68e24-33e6-4ff1-90fe-34f862142ecd\main.py Выполнение. Выполняемый шаг: Присвоить значение переменной. id: 7qHD^~+B#bUSw)9hi;V5
2026-05-23T14:45:33+0300 INFO: C:\Users\Ksenya\Desktop\hakaton\main\resource\bdf68e24-33e6-4ff1-90fe-34f862142ecd\main.py Завершение. Выполняемый шаг: Присвоить значение переменной. id: 7qHD^~+B#bUSw)9hi;V5
2026-05-23T14:45:33+0300 INFO: C:\Users\Ksenya\Desktop\hakaton\main\resource\bdf68e24-33e6-4ff1-90fe-34f862142ecd\main.py Старт. Выполняемый шаг: Присвоить значение переменной. id: 3oGjmJ`CaVRVz9#qu*_m
2026-05-23T14:45:34+0300 INFO: C:\Users\Ksenya\Desktop\hakaton\main\resource\bdf68e24-33e6-4ff1-90fe-34f862142ecd\main.py Выполнение. Выполняемый шаг: Присвоить значение переменной. id: 3oGjmJ`CaVRVz9#qu*_m
2026-05-23T14:45:34+0300 INFO: C:\Users\Ksenya\Desktop\hakaton\main\resource\bdf68e24-33e6-4ff1-90fe-34f862142ecd\main.py Завершение. Выполняемый шаг: Присвоить значение переменной. id: 3oGjmJ`CaVRVz9#qu*_m
2026-05-23T14:45:34+0300 INFO: C:\Users\Ksenya\Desktop\hakaton\main\resource\bdf68e24-33e6-4ff1-90fe-34f862142ecd\main.py Старт. Выполняемый шаг: Присвоить значение переменной. id: :kF]*7FA#}yI!L)At3D0
2026-05-23T14:45:34+0300 INFO: C:\Users\Ksenya\Desktop\hakaton\main\resource\bdf68e24-33e6-4ff1-90fe-34f862142ecd\main.py Выполнение. Выполняемый шаг: Присвоить значение переменной. id: :kF]*7FA#}yI!L)At3D0
2026-05-23T14:45:34+0300 INFO: C:\Users\Ksenya\Desktop\hakaton\main\resource\bdf68e24-33e6-4ff1-90fe-34f862142ecd\main.py Завершение. Выполняемый шаг: Присвоить значение переменной. id: :kF]*7FA#}yI!L)At3D0
2026-05-23T14:45:34+0300 INFO: C:\Users\Ksenya\Desktop\hakaton\main\resource\bdf68e24-33e6-4ff1-90fe-34f862142ecd\main.py Отправляю запрос в 1С
2026-05-23T14:45:34+0300 INFO: C:\Users\Ksenya\Desktop\hakaton\main\resource\bdf68e24-33e6-4ff1-90fe-34f862142ecd\main.py Старт. Выполняемый шаг: Присвоить значение переменной. id: 5Ew%Wt$JK+7d7TXLxId_
2026-05-23T14:45:34+0300 INFO: C:\Users\Ksenya\Desktop\hakaton\main\resource\bdf68e24-33e6-4ff1-90fe-34f862142ecd\main.py Выполнение. Выполняемый шаг: Присвоить значение переменной. id: 5Ew%Wt$JK+7d7TXLxId_
2026-05-23T14:45:34+0300 INFO: C:\Users\Ksenya\Desktop\hakaton\main\resource\bdf68e24-33e6-4ff1-90fe-34f862142ecd\main.py Старт. Выполняемый шаг: Создать сессию браузера. id: 4#bM-7PYt%bTkrSh8bfZ
2026-05-23T14:45:40+0300 INFO: C:\Users\Ksenya\Desktop\hakaton\main\resource\bdf68e24-33e6-4ff1-90fe-34f862142ecd\main.py Завершение. Выполняемый шаг: Создать сессию браузера. id: 4#bM-7PYt%bTkrSh8bfZ
2026-05-23T14:45:40+0300 INFO: C:\Users\Ksenya\Desktop\hakaton\main\resource\bdf68e24-33e6-4ff1-90fe-34f862142ecd\main.py Завершение. Выполняемый шаг: Присвоить значение переменной. id: 5Ew%Wt$JK+7d7TXLxId_
2026-05-23T14:45:40+0300 INFO: C:\Users\Ksenya\Desktop\hakaton\main\resource\bdf68e24-33e6-4ff1-90fe-34f862142ecd\main.py Старт. Выполняемый шаг: Открыть страницу в браузере. id: _{QT4zD{Fqs69!/:|#zp
2026-05-23T14:45:43+0300 INFO: C:\Users\Ksenya\Desktop\hakaton\main\resource\bdf68e24-33e6-4ff1-90fe-34f862142ecd\main.py Выполнение. Выполняемый шаг: Открыть страницу в браузере. id: _{QT4zD{Fqs69!/:|#zp
2026-05-23T14:45:45+0300 INFO: C:\Users\Ksenya\Desktop\hakaton\main\resource\bdf68e24-33e6-4ff1-90fe-34f862142ecd\main.py Завершение. Выполняемый шаг: Открыть страницу в браузере. id: _{QT4zD{Fqs69!/:|#zp
2026-05-23T14:45:45+0300 INFO: C:\Users\Ksenya\Desktop\hakaton\main\resource\bdf68e24-33e6-4ff1-90fe-34f862142ecd\main.py Старт. Выполняемый шаг: Задержка. id: ??=,o)g^!HRb+gO2+Wzh
2026-05-23T14:45:47+0300 INFO: C:\Users\Ksenya\Desktop\hakaton\main\resource\bdf68e24-33e6-4ff1-90fe-34f862142ecd\main.py Выполнение. Выполняемый шаг: Задержка. id: ??=,o)g^!HRb+gO2+Wzh
2026-05-23T14:45:47+0300 INFO: C:\Users\Ksenya\Desktop\hakaton\main\resource\bdf68e24-33e6-4ff1-90fe-34f862142ecd\main.py Старт. Выполняемый шаг: Преобразовать строку в число. id: {Rsp$JX%Cwa].U=6UmD=
2026-05-23T14:45:47+0300 INFO: C:\Users\Ksenya\Desktop\hakaton\main\resource\bdf68e24-33e6-4ff1-90fe-34f862142ecd\main.py Завершение. Выполняемый шаг: Преобразовать строку в число. id: {Rsp$JX%Cwa].U=6UmD=
2026-05-23T14:45:50+0300 INFO: C:\Users\Ksenya\Desktop\hakaton\main\resource\bdf68e24-33e6-4ff1-90fe-34f862142ecd\main.py Завершение. Выполняемый шаг: Задержка. id: ??=,o)g^!HRb+gO2+Wzh
2026-05-23T14:45:50+0300 INFO: C:\Users\Ksenya\Desktop\hakaton\main\resource\bdf68e24-33e6-4ff1-90fe-34f862142ecd\main.py Старт. Выполняемый шаг: Клик по Web-элементу. id: EBp7HZH}x+19aqf!)2/)
2026-05-23T14:45:54+0300 INFO: C:\Users\Ksenya\Desktop\hakaton\main\resource\bdf68e24-33e6-4ff1-90fe-34f862142ecd\main.py Выполнение. Выполняемый шаг: Клик по Web-элементу. id: EBp7HZH}x+19aqf!)2/)
2026-05-23T14:46:28+0300 INFO: Запуск процесса из студии разработки. C:\Users\Ksenya\Desktop\hakaton\main\process\main.json
2026-05-23T14:46:30+0300 INFO: Старт робота: C:\Users\Ksenya\Desktop\hakaton\main\resource\b4f79d3a-a66d-46e1-b94c-ce26f6248b2f\main.py
2026-05-23T14:46:30+0300 INFO: C:\Users\Ksenya\Desktop\hakaton\main\resource\b4f79d3a-a66d-46e1-b94c-ce26f6248b2f\main.py Робот запущен
2026-05-23T14:46:30+0300 INFO: C:\Users\Ksenya\Desktop\hakaton\main\resource\b4f79d3a-a66d-46e1-b94c-ce26f6248b2f\main.py Отправляю запрос в 1С
2026-05-23T14:46:59+0300 ERROR: C:\Users\Ksenya\Desktop\hakaton\main\resource\b4f79d3a-a66d-46e1-b94c-ce26f6248b2f\main.py Ошибка выполнения робота
2026-05-23T14:46:59+0300 INFO: Завершение работы робота: C:\Users\Ksenya\Desktop\hakaton\main\resource\b4f79d3a-a66d-46e1-b94c-ce26f6248b2f\main.py
2026-05-23T14:47:00+0300 INFO: Завершение выполнения процесса. C:\Users\Ksenya\Desktop\hakaton\main\process\main.json
2026-05-23T14:47:14+0300 INFO: Старт робота: C:\Users\Ksenya\Desktop\hakaton\main\resource\a4a4acd4-324f-4d6d-bac9-1a92a9849c0f\main.py
2026-05-23T14:47:14+0300 INFO: C:\Users\Ksenya\Desktop\hakaton\main\resource\a4a4acd4-324f-4d6d-bac9-1a92a9849c0f\main.py Старт. Выполняемый шаг: Обработка ошибки. id: E(ohZ?TiZWX5;}Gqu-r,
2026-05-23T14:47:15+0300 INFO: C:\Users\Ksenya\Desktop\hakaton\main\resource\a4a4acd4-324f-4d6d-bac9-1a92a9849c0f\main.py Выполнение. Выполняемый шаг: Обработка ошибки. id: E(ohZ?TiZWX5;}Gqu-r,
2026-05-23T14:47:15+0300 INFO: C:\Users\Ksenya\Desktop\hakaton\main\resource\a4a4acd4-324f-4d6d-bac9-1a92a9849c0f\main.py Робот запущен
2026-05-23T14:47:15+0300 INFO: C:\Users\Ksenya\Desktop\hakaton\main\resource\a4a4acd4-324f-4d6d-bac9-1a92a9849c0f\main.py Старт. Выполняемый шаг: Присвоить значение переменной. id: uT8K_dR,wNXk4m?dkCsM
2026-05-23T14:47:16+0300 INFO: C:\Users\Ksenya\Desktop\hakaton\main\resource\a4a4acd4-324f-4d6d-bac9-1a92a9849c0f\main.py Выполнение. Выполняемый шаг: Присвоить значение переменной. id: uT8K_dR,wNXk4m?dkCsM
2026-05-23T14:47:16+0300 INFO: C:\Users\Ksenya\Desktop\hakaton\main\resource\a4a4acd4-324f-4d6d-bac9-1a92a9849c0f\main.py Завершение. Выполняемый шаг: Присвоить значение переменной. id: uT8K_dR,wNXk4m?dkCsM
2026-05-23T14:47:16+0300 INFO: C:\Users\Ksenya\Desktop\hakaton\main\resource\a4a4acd4-324f-4d6d-bac9-1a92a9849c0f\main.py Старт. Выполняемый шаг: Присвоить значение переменной. id: :MAZ.Rz62:ZsFDl7vQQJ
2026-05-23T14:47:16+0300 INFO: C:\Users\Ksenya\Desktop\hakaton\main\resource\a4a4acd4-324f-4d6d-bac9-1a92a9849c0f\main.py Выполнение. Выполняемый шаг: Присвоить значение переменной. id: :MAZ.Rz62:ZsFDl7vQQJ
2026-05-23T14:47:16+0300 INFO: C:\Users\Ksenya\Desktop\hakaton\main\resource\a4a4acd4-324f-4d6d-bac9-1a92a9849c0f\main.py Завершение. Выполняемый шаг: Присвоить значение переменной. id: :MAZ.Rz62:ZsFDl7vQQJ
2026-05-23T14:47:16+0300 INFO: C:\Users\Ksenya\Desktop\hakaton\main\resource\a4a4acd4-324f-4d6d-bac9-1a92a9849c0f\main.py Старт. Выполняемый шаг: Присвоить значение переменной. id: WBqw15|Z#}dx_{yM[UJS
2026-05-23T14:47:16+0300 INFO: C:\Users\Ksenya\Desktop\hakaton\main\resource\a4a4acd4-324f-4d6d-bac9-1a92a9849c0f\main.py Выполнение. Выполняемый шаг: Присвоить значение переменной. id: WBqw15|Z#}dx_{yM[UJS
2026-05-23T14:47:16+0300 INFO: C:\Users\Ksenya\Desktop\hakaton\main\resource\a4a4acd4-324f-4d6d-bac9-1a92a9849c0f\main.py Завершение. Выполняемый шаг: Присвоить значение переменной. id: WBqw15|Z#}dx_{yM[UJS
2026-05-23T14:47:16+0300 INFO: C:\Users\Ksenya\Desktop\hakaton\main\resource\a4a4acd4-324f-4d6d-bac9-1a92a9849c0f\main.py Старт. Выполняемый шаг: Присвоить значение переменной. id: ZD}VS]B8yU%7IR$_1:gx
2026-05-23T14:47:17+0300 INFO: C:\Users\Ksenya\Desktop\hakaton\main\resource\a4a4acd4-324f-4d6d-bac9-1a92a9849c0f\main.py Выполнение. Выполняемый шаг: Присвоить значение переменной. id: ZD}VS]B8yU%7IR$_1:gx
2026-05-23T14:47:17+0300 INFO: C:\Users\Ksenya\Desktop\hakaton\main\resource\a4a4acd4-324f-4d6d-bac9-1a92a9849c0f\main.py Старт. Выполняемый шаг: Прочитать файл. id: h-7qLFMP}Ex#VZ)Ao@jd
2026-05-23T14:47:17+0300 INFO: C:\Users\Ksenya\Desktop\hakaton\main\resource\a4a4acd4-324f-4d6d-bac9-1a92a9849c0f\main.py Завершение. Выполняемый шаг: Прочитать файл. id: h-7qLFMP}Ex#VZ)Ao@jd
2026-05-23T14:47:17+0300 INFO: C:\Users\Ksenya\Desktop\hakaton\main\resource\a4a4acd4-324f-4d6d-bac9-1a92a9849c0f\main.py Завершение. Выполняемый шаг: Присвоить значение переменной. id: ZD}VS]B8yU%7IR$_1:gx
2026-05-23T14:47:17+0300 INFO: C:\Users\Ksenya\Desktop\hakaton\main\resource\a4a4acd4-324f-4d6d-bac9-1a92a9849c0f\main.py Старт. Выполняемый шаг: Присвоить значение переменной. id: ^0R|78#C*6Lo31|B;%K9
2026-05-23T14:47:17+0300 INFO: C:\Users\Ksenya\Desktop\hakaton\main\resource\a4a4acd4-324f-4d6d-bac9-1a92a9849c0f\main.py Выполнение. Выполняемый шаг: Присвоить значение переменной. id: ^0R|78#C*6Lo31|B;%K9
2026-05-23T14:47:17+0300 INFO: C:\Users\Ksenya\Desktop\hakaton\main\resource\a4a4acd4-324f-4d6d-bac9-1a92a9849c0f\main.py Завершение. Выполняемый шаг: Присвоить значение переменной. id: ^0R|78#C*6Lo31|B;%K9
2026-05-23T14:47:17+0300 INFO: C:\Users\Ksenya\Desktop\hakaton\main\resource\a4a4acd4-324f-4d6d-bac9-1a92a9849c0f\main.py Старт. Выполняемый шаг: Присвоить значение переменной. id: p$O:QoI+|4ux$8{ysFr:
2026-05-23T14:47:18+0300 INFO: C:\Users\Ksenya\Desktop\hakaton\main\resource\a4a4acd4-324f-4d6d-bac9-1a92a9849c0f\main.py Выполнение. Выполняемый шаг: Присвоить значение переменной. id: p$O:QoI+|4ux$8{ysFr:
2026-05-23T14:47:18+0300 INFO: C:\Users\Ksenya\Desktop\hakaton\main\resource\a4a4acd4-324f-4d6d-bac9-1a92a9849c0f\main.py Завершение. Выполняемый шаг: Присвоить значение переменной. id: p$O:QoI+|4ux$8{ysFr:
2026-05-23T14:47:18+0300 INFO: C:\Users\Ksenya\Desktop\hakaton\main\resource\a4a4acd4-324f-4d6d-bac9-1a92a9849c0f\main.py Старт. Выполняемый шаг: Присвоить значение переменной. id: ]Nwow_`34-zY1snYsMa=
2026-05-23T14:47:18+0300 INFO: C:\Users\Ksenya\Desktop\hakaton\main\resource\a4a4acd4-324f-4d6d-bac9-1a92a9849c0f\main.py Выполнение. Выполняемый шаг: Присвоить значение переменной. id: ]Nwow_`34-zY1snYsMa=
2026-05-23T14:47:18+0300 INFO: C:\Users\Ksenya\Desktop\hakaton\main\resource\a4a4acd4-324f-4d6d-bac9-1a92a9849c0f\main.py Завершение. Выполняемый шаг: Присвоить значение переменной. id: ]Nwow_`34-zY1snYsMa=
2026-05-23T14:47:18+0300 INFO: C:\Users\Ksenya\Desktop\hakaton\main\resource\a4a4acd4-324f-4d6d-bac9-1a92a9849c0f\main.py Старт. Выполняемый шаг: Присвоить значение переменной. id: 7qHD^~+B#bUSw)9hi;V5
2026-05-23T14:47:19+0300 INFO: C:\Users\Ksenya\Desktop\hakaton\main\resource\a4a4acd4-324f-4d6d-bac9-1a92a9849c0f\main.py Выполнение. Выполняемый шаг: Присвоить значение переменной. id: 7qHD^~+B#bUSw)9hi;V5
2026-05-23T14:47:19+0300 INFO: C:\Users\Ksenya\Desktop\hakaton\main\resource\a4a4acd4-324f-4d6d-bac9-1a92a9849c0f\main.py Завершение. Выполняемый шаг: Присвоить значение переменной. id: 7qHD^~+B#bUSw)9hi;V5
2026-05-23T14:47:19+0300 INFO: C:\Users\Ksenya\Desktop\hakaton\main\resource\a4a4acd4-324f-4d6d-bac9-1a92a9849c0f\main.py Старт. Выполняемый шаг: Присвоить значение переменной. id: 3oGjmJ`CaVRVz9#qu*_m
2026-05-23T14:47:19+0300 INFO: C:\Users\Ksenya\Desktop\hakaton\main\resource\a4a4acd4-324f-4d6d-bac9-1a92a9849c0f\main.py Выполнение. Выполняемый шаг: Присвоить значение переменной. id: 3oGjmJ`CaVRVz9#qu*_m
2026-05-23T14:47:19+0300 INFO: C:\Users\Ksenya\Desktop\hakaton\main\resource\a4a4acd4-324f-4d6d-bac9-1a92a9849c0f\main.py Завершение. Выполняемый шаг: Присвоить значение переменной. id: 3oGjmJ`CaVRVz9#qu*_m
2026-05-23T14:47:19+0300 INFO: C:\Users\Ksenya\Desktop\hakaton\main\resource\a4a4acd4-324f-4d6d-bac9-1a92a9849c0f\main.py Старт. Выполняемый шаг: Присвоить значение переменной. id: :kF]*7FA#}yI!L)At3D0
2026-05-23T14:47:20+0300 INFO: C:\Users\Ksenya\Desktop\hakaton\main\resource\a4a4acd4-324f-4d6d-bac9-1a92a9849c0f\main.py Выполнение. Выполняемый шаг: Присвоить значение переменной. id: :kF]*7FA#}yI!L)At3D0
2026-05-23T14:47:20+0300 INFO: C:\Users\Ksenya\Desktop\hakaton\main\resource\a4a4acd4-324f-4d6d-bac9-1a92a9849c0f\main.py Завершение. Выполняемый шаг: Присвоить значение переменной. id: :kF]*7FA#}yI!L)At3D0
2026-05-23T14:47:21+0300 INFO: C:\Users\Ksenya\Desktop\hakaton\main\resource\a4a4acd4-324f-4d6d-bac9-1a92a9849c0f\main.py Отправляю запрос в 1С
2026-05-23T14:47:21+0300 INFO: C:\Users\Ksenya\Desktop\hakaton\main\resource\a4a4acd4-324f-4d6d-bac9-1a92a9849c0f\main.py Старт. Выполняемый шаг: Присвоить значение переменной. id: 5Ew%Wt$JK+7d7TXLxId_
2026-05-23T14:47:22+0300 INFO: C:\Users\Ksenya\Desktop\hakaton\main\resource\a4a4acd4-324f-4d6d-bac9-1a92a9849c0f\main.py Выполнение. Выполняемый шаг: Присвоить значение переменной. id: 5Ew%Wt$JK+7d7TXLxId_
2026-05-23T14:47:22+0300 INFO: C:\Users\Ksenya\Desktop\hakaton\main\resource\a4a4acd4-324f-4d6d-bac9-1a92a9849c0f\main.py Старт. Выполняемый шаг: Создать сессию браузера. id: 4#bM-7PYt%bTkrSh8bfZ
2026-05-23T14:47:28+0300 INFO: C:\Users\Ksenya\Desktop\hakaton\main\resource\a4a4acd4-324f-4d6d-bac9-1a92a9849c0f\main.py Завершение. Выполняемый шаг: Создать сессию браузера. id: 4#bM-7PYt%bTkrSh8bfZ
2026-05-23T14:47:28+0300 INFO: C:\Users\Ksenya\Desktop\hakaton\main\resource\a4a4acd4-324f-4d6d-bac9-1a92a9849c0f\main.py Завершение. Выполняемый шаг: Присвоить значение переменной. id: 5Ew%Wt$JK+7d7TXLxId_
2026-05-23T14:47:28+0300 INFO: C:\Users\Ksenya\Desktop\hakaton\main\resource\a4a4acd4-324f-4d6d-bac9-1a92a9849c0f\main.py Старт. Выполняемый шаг: Открыть страницу в браузере. id: _{QT4zD{Fqs69!/:|#zp
2026-05-23T14:47:30+0300 INFO: C:\Users\Ksenya\Desktop\hakaton\main\resource\a4a4acd4-324f-4d6d-bac9-1a92a9849c0f\main.py Выполнение. Выполняемый шаг: Открыть страницу в браузере. id: _{QT4zD{Fqs69!/:|#zp
2026-05-23T14:47:32+0300 INFO: C:\Users\Ksenya\Desktop\hakaton\main\resource\a4a4acd4-324f-4d6d-bac9-1a92a9849c0f\main.py Завершение. Выполняемый шаг: Открыть страницу в браузере. id: _{QT4zD{Fqs69!/:|#zp
2026-05-23T14:47:32+0300 INFO: C:\Users\Ksenya\Desktop\hakaton\main\resource\a4a4acd4-324f-4d6d-bac9-1a92a9849c0f\main.py Старт. Выполняемый шаг: Задержка. id: ??=,o)g^!HRb+gO2+Wzh
2026-05-23T14:47:34+0300 INFO: C:\Users\Ksenya\Desktop\hakaton\main\resource\a4a4acd4-324f-4d6d-bac9-1a92a9849c0f\main.py Выполнение. Выполняемый шаг: Задержка. id: ??=,o)g^!HRb+gO2+Wzh
2026-05-23T14:47:34+0300 INFO: C:\Users\Ksenya\Desktop\hakaton\main\resource\a4a4acd4-324f-4d6d-bac9-1a92a9849c0f\main.py Старт. Выполняемый шаг: Преобразовать строку в число. id: {Rsp$JX%Cwa].U=6UmD=
2026-05-23T14:47:34+0300 INFO: C:\Users\Ksenya\Desktop\hakaton\main\resource\a4a4acd4-324f-4d6d-bac9-1a92a9849c0f\main.py Завершение. Выполняемый шаг: Преобразовать строку в число. id: {Rsp$JX%Cwa].U=6UmD=
2026-05-23T14:47:37+0300 INFO: C:\Users\Ksenya\Desktop\hakaton\main\resource\a4a4acd4-324f-4d6d-bac9-1a92a9849c0f\main.py Завершение. Выполняемый шаг: Задержка. id: ??=,o)g^!HRb+gO2+Wzh
2026-05-23T14:47:37+0300 INFO: C:\Users\Ksenya\Desktop\hakaton\main\resource\a4a4acd4-324f-4d6d-bac9-1a92a9849c0f\main.py Старт. Выполняемый шаг: Клик по Web-элементу. id: EBp7HZH}x+19aqf!)2/)
2026-05-23T14:47:38+0300 INFO: C:\Users\Ksenya\Desktop\hakaton\main\resource\a4a4acd4-324f-4d6d-bac9-1a92a9849c0f\main.py Выполнение. Выполняемый шаг: Клик по Web-элементу. id: EBp7HZH}x+19aqf!)2/)
2026-05-23T14:47:38+0300 INFO: C:\Users\Ksenya\Desktop\hakaton\main\resource\a4a4acd4-324f-4d6d-bac9-1a92a9849c0f\main.py Завершение. Выполняемый шаг: Клик по Web-элементу. id: EBp7HZH}x+19aqf!)2/)
2026-05-23T14:47:38+0300 INFO: C:\Users\Ksenya\Desktop\hakaton\main\resource\a4a4acd4-324f-4d6d-bac9-1a92a9849c0f\main.py Старт. Выполняемый шаг: Ввод в веб-сайт. id: %w9B]^SDY]u6w8A[VN]B
2026-05-23T14:47:40+0300 INFO: C:\Users\Ksenya\Desktop\hakaton\main\resource\a4a4acd4-324f-4d6d-bac9-1a92a9849c0f\main.py Выполнение. Выполняемый шаг: Ввод в веб-сайт. id: %w9B]^SDY]u6w8A[VN]B
2026-05-23T14:47:40+0300 INFO: C:\Users\Ksenya\Desktop\hakaton\main\resource\a4a4acd4-324f-4d6d-bac9-1a92a9849c0f\main.py Завершение. Выполняемый шаг: Ввод в веб-сайт. id: %w9B]^SDY]u6w8A[VN]B
2026-05-23T14:47:40+0300 INFO: C:\Users\Ksenya\Desktop\hakaton\main\resource\a4a4acd4-324f-4d6d-bac9-1a92a9849c0f\main.py Старт. Выполняемый шаг: Клик по Web-элементу. id: H6A$`ZrfUnP;M.)V!gP%
2026-05-23T14:47:41+0300 INFO: C:\Users\Ksenya\Desktop\hakaton\main\resource\a4a4acd4-324f-4d6d-bac9-1a92a9849c0f\main.py Выполнение. Выполняемый шаг: Клик по Web-элементу. id: H6A$`ZrfUnP;M.)V!gP%
2026-05-23T14:47:41+0300 INFO: C:\Users\Ksenya\Desktop\hakaton\main\resource\a4a4acd4-324f-4d6d-bac9-1a92a9849c0f\main.py Завершение. Выполняемый шаг: Клик по Web-элементу. id: H6A$`ZrfUnP;M.)V!gP%
2026-05-23T14:47:41+0300 INFO: C:\Users\Ksenya\Desktop\hakaton\main\resource\a4a4acd4-324f-4d6d-bac9-1a92a9849c0f\main.py Старт. Выполняемый шаг: Ввод в веб-сайт. id: y:}|lxK((=67v}qu8Ym-
2026-05-23T14:47:42+0300 INFO: C:\Users\Ksenya\Desktop\hakaton\main\resource\a4a4acd4-324f-4d6d-bac9-1a92a9849c0f\main.py Выполнение. Выполняемый шаг: Ввод в веб-сайт. id: y:}|lxK((=67v}qu8Ym-
2026-05-23T14:47:43+0300 INFO: C:\Users\Ksenya\Desktop\hakaton\main\resource\a4a4acd4-324f-4d6d-bac9-1a92a9849c0f\main.py Завершение. Выполняемый шаг: Ввод в веб-сайт. id: y:}|lxK((=67v}qu8Ym-
2026-05-23T14:47:43+0300 INFO: C:\Users\Ksenya\Desktop\hakaton\main\resource\a4a4acd4-324f-4d6d-bac9-1a92a9849c0f\main.py Старт. Выполняемый шаг: Клик по Web-элементу. id: [Q2@mu?#NQ2xEX2OXYF$
2026-05-23T14:47:44+0300 INFO: C:\Users\Ksenya\Desktop\hakaton\main\resource\a4a4acd4-324f-4d6d-bac9-1a92a9849c0f\main.py Выполнение. Выполняемый шаг: Клик по Web-элементу. id: [Q2@mu?#NQ2xEX2OXYF$
2026-05-23T14:47:44+0300 INFO: C:\Users\Ksenya\Desktop\hakaton\main\resource\a4a4acd4-324f-4d6d-bac9-1a92a9849c0f\main.py Завершение. Выполняемый шаг: Клик по Web-элементу. id: [Q2@mu?#NQ2xEX2OXYF$
2026-05-23T14:47:44+0300 INFO: C:\Users\Ksenya\Desktop\hakaton\main\resource\a4a4acd4-324f-4d6d-bac9-1a92a9849c0f\main.py Старт. Выполняемый шаг: Открыть/переключиться на страницу 1C-веб. id: jeZ1?$9a)$u(D8cjz_4t
2026-05-23T14:48:00+0300 INFO: C:\Users\Ksenya\Desktop\hakaton\main\resource\a4a4acd4-324f-4d6d-bac9-1a92a9849c0f\main.py Выполнение. Выполняемый шаг: Открыть/переключиться на страницу 1C-веб. id: jeZ1?$9a)$u(D8cjz_4t
2026-05-23T14:57:27+0300 INFO: Старт робота: C:\Users\Ksenya\Desktop\hakaton\main\resource\d6d98453-cdeb-464f-ac54-1479d4a78dee\main.py
2026-05-23T14:57:27+0300 INFO: C:\Users\Ksenya\Desktop\hakaton\main\resource\d6d98453-cdeb-464f-ac54-1479d4a78dee\main.py Старт. Выполняемый шаг: Обработка ошибки. id: E(ohZ?TiZWX5;}Gqu-r,
2026-05-23T14:57:30+0300 INFO: C:\Users\Ksenya\Desktop\hakaton\main\resource\d6d98453-cdeb-464f-ac54-1479d4a78dee\main.py Выполнение. Выполняемый шаг: Обработка ошибки. id: E(ohZ?TiZWX5;}Gqu-r,
2026-05-23T14:57:30+0300 INFO: C:\Users\Ksenya\Desktop\hakaton\main\resource\d6d98453-cdeb-464f-ac54-1479d4a78dee\main.py Робот запущен
2026-05-23T14:57:30+0300 INFO: C:\Users\Ksenya\Desktop\hakaton\main\resource\d6d98453-cdeb-464f-ac54-1479d4a78dee\main.py Старт. Выполняемый шаг: Присвоить значение переменной. id: uT8K_dR,wNXk4m?dkCsM
2026-05-23T14:57:31+0300 INFO: C:\Users\Ksenya\Desktop\hakaton\main\resource\d6d98453-cdeb-464f-ac54-1479d4a78dee\main.py Выполнение. Выполняемый шаг: Присвоить значение переменной. id: uT8K_dR,wNXk4m?dkCsM
2026-05-23T14:57:31+0300 INFO: C:\Users\Ksenya\Desktop\hakaton\main\resource\d6d98453-cdeb-464f-ac54-1479d4a78dee\main.py Завершение. Выполняемый шаг: Присвоить значение переменной. id: uT8K_dR,wNXk4m?dkCsM
2026-05-23T14:57:31+0300 INFO: C:\Users\Ksenya\Desktop\hakaton\main\resource\d6d98453-cdeb-464f-ac54-1479d4a78dee\main.py Старт. Выполняемый шаг: Присвоить значение переменной. id: :MAZ.Rz62:ZsFDl7vQQJ
2026-05-23T14:57:31+0300 INFO: C:\Users\Ksenya\Desktop\hakaton\main\resource\d6d98453-cdeb-464f-ac54-1479d4a78dee\main.py Выполнение. Выполняемый шаг: Присвоить значение переменной. id: :MAZ.Rz62:ZsFDl7vQQJ
2026-05-23T14:57:31+0300 INFO: C:\Users\Ksenya\Desktop\hakaton\main\resource\d6d98453-cdeb-464f-ac54-1479d4a78dee\main.py Завершение. Выполняемый шаг: Присвоить значение переменной. id: :MAZ.Rz62:ZsFDl7vQQJ
2026-05-23T14:57:31+0300 INFO: C:\Users\Ksenya\Desktop\hakaton\main\resource\d6d98453-cdeb-464f-ac54-1479d4a78dee\main.py Старт. Выполняемый шаг: Присвоить значение переменной. id: WBqw15|Z#}dx_{yM[UJS
2026-05-23T14:57:31+0300 INFO: C:\Users\Ksenya\Desktop\hakaton\main\resource\d6d98453-cdeb-464f-ac54-1479d4a78dee\main.py Выполнение. Выполняемый шаг: Присвоить значение переменной. id: WBqw15|Z#}dx_{yM[UJS
2026-05-23T14:57:31+0300 INFO: C:\Users\Ksenya\Desktop\hakaton\main\resource\d6d98453-cdeb-464f-ac54-1479d4a78dee\main.py Завершение. Выполняемый шаг: Присвоить значение переменной. id: WBqw15|Z#}dx_{yM[UJS
2026-05-23T14:57:31+0300 INFO: C:\Users\Ksenya\Desktop\hakaton\main\resource\d6d98453-cdeb-464f-ac54-1479d4a78dee\main.py Старт. Выполняемый шаг: Присвоить значение переменной. id: ZD}VS]B8yU%7IR$_1:gx
2026-05-23T14:57:32+0300 INFO: C:\Users\Ksenya\Desktop\hakaton\main\resource\d6d98453-cdeb-464f-ac54-1479d4a78dee\main.py Выполнение. Выполняемый шаг: Присвоить значение переменной. id: ZD}VS]B8yU%7IR$_1:gx
2026-05-23T14:57:32+0300 INFO: C:\Users\Ksenya\Desktop\hakaton\main\resource\d6d98453-cdeb-464f-ac54-1479d4a78dee\main.py Старт. Выполняемый шаг: Прочитать файл. id: h-7qLFMP}Ex#VZ)Ao@jd
2026-05-23T14:57:32+0300 INFO: C:\Users\Ksenya\Desktop\hakaton\main\resource\d6d98453-cdeb-464f-ac54-1479d4a78dee\main.py Завершение. Выполняемый шаг: Прочитать файл. id: h-7qLFMP}Ex#VZ)Ao@jd
2026-05-23T14:57:32+0300 INFO: C:\Users\Ksenya\Desktop\hakaton\main\resource\d6d98453-cdeb-464f-ac54-1479d4a78dee\main.py Завершение. Выполняемый шаг: Присвоить значение переменной. id: ZD}VS]B8yU%7IR$_1:gx
2026-05-23T14:57:32+0300 INFO: C:\Users\Ksenya\Desktop\hakaton\main\resource\d6d98453-cdeb-464f-ac54-1479d4a78dee\main.py Старт. Выполняемый шаг: Присвоить значение переменной. id: ^0R|78#C*6Lo31|B;%K9
2026-05-23T14:57:33+0300 INFO: C:\Users\Ksenya\Desktop\hakaton\main\resource\d6d98453-cdeb-464f-ac54-1479d4a78dee\main.py Выполнение. Выполняемый шаг: Присвоить значение переменной. id: ^0R|78#C*6Lo31|B;%K9
2026-05-23T14:57:33+0300 INFO: C:\Users\Ksenya\Desktop\hakaton\main\resource\d6d98453-cdeb-464f-ac54-1479d4a78dee\main.py Завершение. Выполняемый шаг: Присвоить значение переменной. id: ^0R|78#C*6Lo31|B;%K9
2026-05-23T14:57:33+0300 INFO: C:\Users\Ksenya\Desktop\hakaton\main\resource\d6d98453-cdeb-464f-ac54-1479d4a78dee\main.py Старт. Выполняемый шаг: Присвоить значение переменной. id: p$O:QoI+|4ux$8{ysFr:
2026-05-23T14:57:33+0300 INFO: C:\Users\Ksenya\Desktop\hakaton\main\resource\d6d98453-cdeb-464f-ac54-1479d4a78dee\main.py Выполнение. Выполняемый шаг: Присвоить значение переменной. id: p$O:QoI+|4ux$8{ysFr:
2026-05-23T14:57:33+0300 INFO: C:\Users\Ksenya\Desktop\hakaton\main\resource\d6d98453-cdeb-464f-ac54-1479d4a78dee\main.py Завершение. Выполняемый шаг: Присвоить значение переменной. id: p$O:QoI+|4ux$8{ysFr:
2026-05-23T14:57:33+0300 INFO: C:\Users\Ksenya\Desktop\hakaton\main\resource\d6d98453-cdeb-464f-ac54-1479d4a78dee\main.py Старт. Выполняемый шаг: Присвоить значение переменной. id: ]Nwow_`34-zY1snYsMa=
2026-05-23T14:57:34+0300 INFO: C:\Users\Ksenya\Desktop\hakaton\main\resource\d6d98453-cdeb-464f-ac54-1479d4a78dee\main.py Выполнение. Выполняемый шаг: Присвоить значение переменной. id: ]Nwow_`34-zY1snYsMa=
2026-05-23T14:57:34+0300 INFO: C:\Users\Ksenya\Desktop\hakaton\main\resource\d6d98453-cdeb-464f-ac54-1479d4a78dee\main.py Завершение. Выполняемый шаг: Присвоить значение переменной. id: ]Nwow_`34-zY1snYsMa=
2026-05-23T14:57:34+0300 INFO: C:\Users\Ksenya\Desktop\hakaton\main\resource\d6d98453-cdeb-464f-ac54-1479d4a78dee\main.py Старт. Выполняемый шаг: Присвоить значение переменной. id: 7qHD^~+B#bUSw)9hi;V5
2026-05-23T14:57:34+0300 INFO: C:\Users\Ksenya\Desktop\hakaton\main\resource\d6d98453-cdeb-464f-ac54-1479d4a78dee\main.py Выполнение. Выполняемый шаг: Присвоить значение переменной. id: 7qHD^~+B#bUSw)9hi;V5
2026-05-23T14:57:34+0300 INFO: C:\Users\Ksenya\Desktop\hakaton\main\resource\d6d98453-cdeb-464f-ac54-1479d4a78dee\main.py Завершение. Выполняемый шаг: Присвоить значение переменной. id: 7qHD^~+B#bUSw)9hi;V5
2026-05-23T14:57:34+0300 INFO: C:\Users\Ksenya\Desktop\hakaton\main\resource\d6d98453-cdeb-464f-ac54-1479d4a78dee\main.py Старт. Выполняемый шаг: Присвоить значение переменной. id: 3oGjmJ`CaVRVz9#qu*_m
2026-05-23T14:57:35+0300 INFO: C:\Users\Ksenya\Desktop\hakaton\main\resource\d6d98453-cdeb-464f-ac54-1479d4a78dee\main.py Выполнение. Выполняемый шаг: Присвоить значение переменной. id: 3oGjmJ`CaVRVz9#qu*_m
2026-05-23T14:57:35+0300 INFO: C:\Users\Ksenya\Desktop\hakaton\main\resource\d6d98453-cdeb-464f-ac54-1479d4a78dee\main.py Завершение. Выполняемый шаг: Присвоить значение переменной. id: 3oGjmJ`CaVRVz9#qu*_m
2026-05-23T14:57:35+0300 INFO: C:\Users\Ksenya\Desktop\hakaton\main\resource\d6d98453-cdeb-464f-ac54-1479d4a78dee\main.py Старт. Выполняемый шаг: Присвоить значение переменной. id: :kF]*7FA#}yI!L)At3D0
2026-05-23T14:57:35+0300 INFO: C:\Users\Ksenya\Desktop\hakaton\main\resource\d6d98453-cdeb-464f-ac54-1479d4a78dee\main.py Выполнение. Выполняемый шаг: Присвоить значение переменной. id: :kF]*7FA#}yI!L)At3D0
2026-05-23T14:57:35+0300 INFO: C:\Users\Ksenya\Desktop\hakaton\main\resource\d6d98453-cdeb-464f-ac54-1479d4a78dee\main.py Завершение. Выполняемый шаг: Присвоить значение переменной. id: :kF]*7FA#}yI!L)At3D0
2026-05-23T14:57:35+0300 INFO: C:\Users\Ksenya\Desktop\hakaton\main\resource\d6d98453-cdeb-464f-ac54-1479d4a78dee\main.py Отправляю запрос в 1С
2026-05-23T14:57:35+0300 INFO: C:\Users\Ksenya\Desktop\hakaton\main\resource\d6d98453-cdeb-464f-ac54-1479d4a78dee\main.py Старт. Выполняемый шаг: Присвоить значение переменной. id: 5Ew%Wt$JK+7d7TXLxId_
2026-05-23T14:57:36+0300 INFO: C:\Users\Ksenya\Desktop\hakaton\main\resource\d6d98453-cdeb-464f-ac54-1479d4a78dee\main.py Выполнение. Выполняемый шаг: Присвоить значение переменной. id: 5Ew%Wt$JK+7d7TXLxId_
2026-05-23T14:57:36+0300 INFO: C:\Users\Ksenya\Desktop\hakaton\main\resource\d6d98453-cdeb-464f-ac54-1479d4a78dee\main.py Старт. Выполняемый шаг: Создать сессию браузера. id: 4#bM-7PYt%bTkrSh8bfZ
2026-05-23T14:57:42+0300 INFO: C:\Users\Ksenya\Desktop\hakaton\main\resource\d6d98453-cdeb-464f-ac54-1479d4a78dee\main.py Завершение. Выполняемый шаг: Создать сессию браузера. id: 4#bM-7PYt%bTkrSh8bfZ
2026-05-23T14:57:42+0300 INFO: C:\Users\Ksenya\Desktop\hakaton\main\resource\d6d98453-cdeb-464f-ac54-1479d4a78dee\main.py Завершение. Выполняемый шаг: Присвоить значение переменной. id: 5Ew%Wt$JK+7d7TXLxId_
2026-05-23T14:57:42+0300 INFO: C:\Users\Ksenya\Desktop\hakaton\main\resource\d6d98453-cdeb-464f-ac54-1479d4a78dee\main.py Старт. Выполняемый шаг: Открыть страницу в браузере. id: _{QT4zD{Fqs69!/:|#zp
2026-05-23T14:57:43+0300 INFO: C:\Users\Ksenya\Desktop\hakaton\main\resource\d6d98453-cdeb-464f-ac54-1479d4a78dee\main.py Выполнение. Выполняемый шаг: Открыть страницу в браузере. id: _{QT4zD{Fqs69!/:|#zp
2026-05-23T14:57:45+0300 INFO: C:\Users\Ksenya\Desktop\hakaton\main\resource\d6d98453-cdeb-464f-ac54-1479d4a78dee\main.py Завершение. Выполняемый шаг: Открыть страницу в браузере. id: _{QT4zD{Fqs69!/:|#zp
2026-05-23T14:57:45+0300 INFO: C:\Users\Ksenya\Desktop\hakaton\main\resource\d6d98453-cdeb-464f-ac54-1479d4a78dee\main.py Старт. Выполняемый шаг: Задержка. id: ??=,o)g^!HRb+gO2+Wzh
2026-05-23T14:57:47+0300 INFO: C:\Users\Ksenya\Desktop\hakaton\main\resource\d6d98453-cdeb-464f-ac54-1479d4a78dee\main.py Выполнение. Выполняемый шаг: Задержка. id: ??=,o)g^!HRb+gO2+Wzh
2026-05-23T14:57:47+0300 INFO: C:\Users\Ksenya\Desktop\hakaton\main\resource\d6d98453-cdeb-464f-ac54-1479d4a78dee\main.py Старт. Выполняемый шаг: Преобразовать строку в число. id: {Rsp$JX%Cwa].U=6UmD=
2026-05-23T14:57:47+0300 INFO: C:\Users\Ksenya\Desktop\hakaton\main\resource\d6d98453-cdeb-464f-ac54-1479d4a78dee\main.py Завершение. Выполняемый шаг: Преобразовать строку в число. id: {Rsp$JX%Cwa].U=6UmD=
2026-05-23T14:57:50+0300 INFO: C:\Users\Ksenya\Desktop\hakaton\main\resource\d6d98453-cdeb-464f-ac54-1479d4a78dee\main.py Завершение. Выполняемый шаг: Задержка. id: ??=,o)g^!HRb+gO2+Wzh
2026-05-23T14:57:50+0300 INFO: C:\Users\Ksenya\Desktop\hakaton\main\resource\d6d98453-cdeb-464f-ac54-1479d4a78dee\main.py Старт. Выполняемый шаг: Клик по Web-элементу. id: EBp7HZH}x+19aqf!)2/)
2026-05-23T14:57:51+0300 INFO: C:\Users\Ksenya\Desktop\hakaton\main\resource\d6d98453-cdeb-464f-ac54-1479d4a78dee\main.py Выполнение. Выполняемый шаг: Клик по Web-элементу. id: EBp7HZH}x+19aqf!)2/)
2026-05-23T14:57:51+0300 INFO: C:\Users\Ksenya\Desktop\hakaton\main\resource\d6d98453-cdeb-464f-ac54-1479d4a78dee\main.py Завершение. Выполняемый шаг: Клик по Web-элементу. id: EBp7HZH}x+19aqf!)2/)
2026-05-23T14:57:51+0300 INFO: C:\Users\Ksenya\Desktop\hakaton\main\resource\d6d98453-cdeb-464f-ac54-1479d4a78dee\main.py Старт. Выполняемый шаг: Ввод в веб-сайт. id: %w9B]^SDY]u6w8A[VN]B
2026-05-23T14:57:53+0300 INFO: C:\Users\Ksenya\Desktop\hakaton\main\resource\d6d98453-cdeb-464f-ac54-1479d4a78dee\main.py Выполнение. Выполняемый шаг: Ввод в веб-сайт. id: %w9B]^SDY]u6w8A[VN]B
2026-05-23T14:57:53+0300 INFO: C:\Users\Ksenya\Desktop\hakaton\main\resource\d6d98453-cdeb-464f-ac54-1479d4a78dee\main.py Завершение. Выполняемый шаг: Ввод в веб-сайт. id: %w9B]^SDY]u6w8A[VN]B
2026-05-23T14:57:53+0300 INFO: C:\Users\Ksenya\Desktop\hakaton\main\resource\d6d98453-cdeb-464f-ac54-1479d4a78dee\main.py Старт. Выполняемый шаг: Клик по Web-элементу. id: H6A$`ZrfUnP;M.)V!gP%
2026-05-23T14:57:54+0300 INFO: C:\Users\Ksenya\Desktop\hakaton\main\resource\d6d98453-cdeb-464f-ac54-1479d4a78dee\main.py Выполнение. Выполняемый шаг: Клик по Web-элементу. id: H6A$`ZrfUnP;M.)V!gP%
2026-05-23T14:57:54+0300 INFO: C:\Users\Ksenya\Desktop\hakaton\main\resource\d6d98453-cdeb-464f-ac54-1479d4a78dee\main.py Завершение. Выполняемый шаг: Клик по Web-элементу. id: H6A$`ZrfUnP;M.)V!gP%
2026-05-23T14:57:54+0300 INFO: C:\Users\Ksenya\Desktop\hakaton\main\resource\d6d98453-cdeb-464f-ac54-1479d4a78dee\main.py Старт. Выполняемый шаг: Ввод в веб-сайт. id: y:}|lxK((=67v}qu8Ym-
2026-05-23T14:57:55+0300 INFO: C:\Users\Ksenya\Desktop\hakaton\main\resource\d6d98453-cdeb-464f-ac54-1479d4a78dee\main.py Выполнение. Выполняемый шаг: Ввод в веб-сайт. id: y:}|lxK((=67v}qu8Ym-
2026-05-23T14:57:55+0300 INFO: C:\Users\Ksenya\Desktop\hakaton\main\resource\d6d98453-cdeb-464f-ac54-1479d4a78dee\main.py Завершение. Выполняемый шаг: Ввод в веб-сайт. id: y:}|lxK((=67v}qu8Ym-
2026-05-23T14:57:55+0300 INFO: C:\Users\Ksenya\Desktop\hakaton\main\resource\d6d98453-cdeb-464f-ac54-1479d4a78dee\main.py Старт. Выполняемый шаг: Клик по Web-элементу. id: [Q2@mu?#NQ2xEX2OXYF$
2026-05-23T14:57:56+0300 INFO: C:\Users\Ksenya\Desktop\hakaton\main\resource\d6d98453-cdeb-464f-ac54-1479d4a78dee\main.py Выполнение. Выполняемый шаг: Клик по Web-элементу. id: [Q2@mu?#NQ2xEX2OXYF$
2026-05-23T14:57:56+0300 INFO: C:\Users\Ksenya\Desktop\hakaton\main\resource\d6d98453-cdeb-464f-ac54-1479d4a78dee\main.py Завершение. Выполняемый шаг: Клик по Web-элементу. id: [Q2@mu?#NQ2xEX2OXYF$
2026-05-23T14:57:56+0300 INFO: C:\Users\Ksenya\Desktop\hakaton\main\resource\d6d98453-cdeb-464f-ac54-1479d4a78dee\main.py Старт. Выполняемый шаг: Задержка. id: `^?P,o-StU!YIwW:*51`
2026-05-23T14:58:19+0300 INFO: C:\Users\Ksenya\Desktop\hakaton\main\resource\d6d98453-cdeb-464f-ac54-1479d4a78dee\main.py Выполнение. Выполняемый шаг: Задержка. id: `^?P,o-StU!YIwW:*51`
2026-05-23T14:58:19+0300 INFO: C:\Users\Ksenya\Desktop\hakaton\main\resource\d6d98453-cdeb-464f-ac54-1479d4a78dee\main.py Старт. Выполняемый шаг: Преобразовать строку в число. id: uw`j?F`+X9C3RI;{kpUw
2026-05-23T14:58:19+0300 INFO: C:\Users\Ksenya\Desktop\hakaton\main\resource\d6d98453-cdeb-464f-ac54-1479d4a78dee\main.py Завершение. Выполняемый шаг: Преобразовать строку в число. id: uw`j?F`+X9C3RI;{kpUw
2026-05-23T14:58:22+0300 INFO: C:\Users\Ksenya\Desktop\hakaton\main\resource\d6d98453-cdeb-464f-ac54-1479d4a78dee\main.py Завершение. Выполняемый шаг: Задержка. id: `^?P,o-StU!YIwW:*51`
2026-05-23T14:58:22+0300 INFO: C:\Users\Ksenya\Desktop\hakaton\main\resource\d6d98453-cdeb-464f-ac54-1479d4a78dee\main.py Старт. Выполняемый шаг: Клик по Web-элементу. id: !*p3azK$H5lkwE@DW$s_
2026-05-23T14:58:28+0300 INFO: C:\Users\Ksenya\Desktop\hakaton\main\resource\d6d98453-cdeb-464f-ac54-1479d4a78dee\main.py Выполнение. Выполняемый шаг: Клик по Web-элементу. id: !*p3azK$H5lkwE@DW$s_
2026-05-23T14:58:28+0300 INFO: C:\Users\Ksenya\Desktop\hakaton\main\resource\d6d98453-cdeb-464f-ac54-1479d4a78dee\main.py Завершение. Выполняемый шаг: Клик по Web-элементу. id: !*p3azK$H5lkwE@DW$s_
2026-05-23T14:58:28+0300 INFO: C:\Users\Ksenya\Desktop\hakaton\main\resource\d6d98453-cdeb-464f-ac54-1479d4a78dee\main.py Старт. Выполняемый шаг: Клик по Web-элементу. id: ]8Xi8xyWQkijnuXN/Mwn
2026-05-23T14:58:31+0300 INFO: C:\Users\Ksenya\Desktop\hakaton\main\resource\d6d98453-cdeb-464f-ac54-1479d4a78dee\main.py Выполнение. Выполняемый шаг: Клик по Web-элементу. id: ]8Xi8xyWQkijnuXN/Mwn
2026-05-23T14:59:43+0300 INFO: Старт робота: C:\Users\Ksenya\Desktop\hakaton\main\resource\3dba1b7f-b246-4654-a46c-e1843d2193a0\main.py
2026-05-23T14:59:43+0300 INFO: C:\Users\Ksenya\Desktop\hakaton\main\resource\3dba1b7f-b246-4654-a46c-e1843d2193a0\main.py Старт. Выполняемый шаг: Обработка ошибки. id: E(ohZ?TiZWX5;}Gqu-r,
2026-05-23T14:59:48+0300 INFO: C:\Users\Ksenya\Desktop\hakaton\main\resource\3dba1b7f-b246-4654-a46c-e1843d2193a0\main.py Выполнение. Выполняемый шаг: Обработка ошибки. id: E(ohZ?TiZWX5;}Gqu-r,
2026-05-23T14:59:48+0300 INFO: C:\Users\Ksenya\Desktop\hakaton\main\resource\3dba1b7f-b246-4654-a46c-e1843d2193a0\main.py Робот запущен
2026-05-23T14:59:48+0300 INFO: C:\Users\Ksenya\Desktop\hakaton\main\resource\3dba1b7f-b246-4654-a46c-e1843d2193a0\main.py Старт. Выполняемый шаг: Присвоить значение переменной. id: uT8K_dR,wNXk4m?dkCsM
2026-05-23T14:59:49+0300 INFO: C:\Users\Ksenya\Desktop\hakaton\main\resource\3dba1b7f-b246-4654-a46c-e1843d2193a0\main.py Выполнение. Выполняемый шаг: Присвоить значение переменной. id: uT8K_dR,wNXk4m?dkCsM
2026-05-23T14:59:49+0300 INFO: C:\Users\Ksenya\Desktop\hakaton\main\resource\3dba1b7f-b246-4654-a46c-e1843d2193a0\main.py Завершение. Выполняемый шаг: Присвоить значение переменной. id: uT8K_dR,wNXk4m?dkCsM
2026-05-23T14:59:49+0300 INFO: C:\Users\Ksenya\Desktop\hakaton\main\resource\3dba1b7f-b246-4654-a46c-e1843d2193a0\main.py Старт. Выполняемый шаг: Присвоить значение переменной. id: :MAZ.Rz62:ZsFDl7vQQJ
2026-05-23T14:59:50+0300 INFO: C:\Users\Ksenya\Desktop\hakaton\main\resource\3dba1b7f-b246-4654-a46c-e1843d2193a0\main.py Выполнение. Выполняемый шаг: Присвоить значение переменной. id: :MAZ.Rz62:ZsFDl7vQQJ
2026-05-23T14:59:50+0300 INFO: C:\Users\Ksenya\Desktop\hakaton\main\resource\3dba1b7f-b246-4654-a46c-e1843d2193a0\main.py Завершение. Выполняемый шаг: Присвоить значение переменной. id: :MAZ.Rz62:ZsFDl7vQQJ
2026-05-23T14:59:50+0300 INFO: C:\Users\Ksenya\Desktop\hakaton\main\resource\3dba1b7f-b246-4654-a46c-e1843d2193a0\main.py Старт. Выполняемый шаг: Присвоить значение переменной. id: WBqw15|Z#}dx_{yM[UJS
2026-05-23T14:59:50+0300 INFO: C:\Users\Ksenya\Desktop\hakaton\main\resource\3dba1b7f-b246-4654-a46c-e1843d2193a0\main.py Выполнение. Выполняемый шаг: Присвоить значение переменной. id: WBqw15|Z#}dx_{yM[UJS
2026-05-23T14:59:50+0300 INFO: C:\Users\Ksenya\Desktop\hakaton\main\resource\3dba1b7f-b246-4654-a46c-e1843d2193a0\main.py Завершение. Выполняемый шаг: Присвоить значение переменной. id: WBqw15|Z#}dx_{yM[UJS
2026-05-23T14:59:50+0300 INFO: C:\Users\Ksenya\Desktop\hakaton\main\resource\3dba1b7f-b246-4654-a46c-e1843d2193a0\main.py Старт. Выполняемый шаг: Присвоить значение переменной. id: ZD}VS]B8yU%7IR$_1:gx
2026-05-23T14:59:50+0300 INFO: C:\Users\Ksenya\Desktop\hakaton\main\resource\3dba1b7f-b246-4654-a46c-e1843d2193a0\main.py Выполнение. Выполняемый шаг: Присвоить значение переменной. id: ZD}VS]B8yU%7IR$_1:gx
2026-05-23T14:59:50+0300 INFO: C:\Users\Ksenya\Desktop\hakaton\main\resource\3dba1b7f-b246-4654-a46c-e1843d2193a0\main.py Старт. Выполняемый шаг: Прочитать файл. id: h-7qLFMP}Ex#VZ)Ao@jd
2026-05-23T14:59:50+0300 INFO: C:\Users\Ksenya\Desktop\hakaton\main\resource\3dba1b7f-b246-4654-a46c-e1843d2193a0\main.py Завершение. Выполняемый шаг: Прочитать файл. id: h-7qLFMP}Ex#VZ)Ao@jd
2026-05-23T14:59:50+0300 INFO: C:\Users\Ksenya\Desktop\hakaton\main\resource\3dba1b7f-b246-4654-a46c-e1843d2193a0\main.py Завершение. Выполняемый шаг: Присвоить значение переменной. id: ZD}VS]B8yU%7IR$_1:gx
2026-05-23T14:59:50+0300 INFO: C:\Users\Ksenya\Desktop\hakaton\main\resource\3dba1b7f-b246-4654-a46c-e1843d2193a0\main.py Старт. Выполняемый шаг: Присвоить значение переменной. id: ^0R|78#C*6Lo31|B;%K9
2026-05-23T14:59:51+0300 INFO: C:\Users\Ksenya\Desktop\hakaton\main\resource\3dba1b7f-b246-4654-a46c-e1843d2193a0\main.py Выполнение. Выполняемый шаг: Присвоить значение переменной. id: ^0R|78#C*6Lo31|B;%K9
2026-05-23T14:59:51+0300 INFO: C:\Users\Ksenya\Desktop\hakaton\main\resource\3dba1b7f-b246-4654-a46c-e1843d2193a0\main.py Завершение. Выполняемый шаг: Присвоить значение переменной. id: ^0R|78#C*6Lo31|B;%K9
2026-05-23T14:59:51+0300 INFO: C:\Users\Ksenya\Desktop\hakaton\main\resource\3dba1b7f-b246-4654-a46c-e1843d2193a0\main.py Старт. Выполняемый шаг: Присвоить значение переменной. id: p$O:QoI+|4ux$8{ysFr:
2026-05-23T14:59:51+0300 INFO: C:\Users\Ksenya\Desktop\hakaton\main\resource\3dba1b7f-b246-4654-a46c-e1843d2193a0\main.py Выполнение. Выполняемый шаг: Присвоить значение переменной. id: p$O:QoI+|4ux$8{ysFr:
2026-05-23T14:59:51+0300 INFO: C:\Users\Ksenya\Desktop\hakaton\main\resource\3dba1b7f-b246-4654-a46c-e1843d2193a0\main.py Завершение. Выполняемый шаг: Присвоить значение переменной. id: p$O:QoI+|4ux$8{ysFr:
2026-05-23T14:59:51+0300 INFO: C:\Users\Ksenya\Desktop\hakaton\main\resource\3dba1b7f-b246-4654-a46c-e1843d2193a0\main.py Старт. Выполняемый шаг: Присвоить значение переменной. id: ]Nwow_`34-zY1snYsMa=
2026-05-23T14:59:52+0300 INFO: C:\Users\Ksenya\Desktop\hakaton\main\resource\3dba1b7f-b246-4654-a46c-e1843d2193a0\main.py Выполнение. Выполняемый шаг: Присвоить значение переменной. id: ]Nwow_`34-zY1snYsMa=
2026-05-23T14:59:52+0300 INFO: C:\Users\Ksenya\Desktop\hakaton\main\resource\3dba1b7f-b246-4654-a46c-e1843d2193a0\main.py Завершение. Выполняемый шаг: Присвоить значение переменной. id: ]Nwow_`34-zY1snYsMa=
2026-05-23T14:59:52+0300 INFO: C:\Users\Ksenya\Desktop\hakaton\main\resource\3dba1b7f-b246-4654-a46c-e1843d2193a0\main.py Старт. Выполняемый шаг: Присвоить значение переменной. id: 7qHD^~+B#bUSw)9hi;V5
2026-05-23T14:59:52+0300 INFO: C:\Users\Ksenya\Desktop\hakaton\main\resource\3dba1b7f-b246-4654-a46c-e1843d2193a0\main.py Выполнение. Выполняемый шаг: Присвоить значение переменной. id: 7qHD^~+B#bUSw)9hi;V5
2026-05-23T14:59:52+0300 INFO: C:\Users\Ksenya\Desktop\hakaton\main\resource\3dba1b7f-b246-4654-a46c-e1843d2193a0\main.py Завершение. Выполняемый шаг: Присвоить значение переменной. id: 7qHD^~+B#bUSw)9hi;V5
2026-05-23T14:59:52+0300 INFO: C:\Users\Ksenya\Desktop\hakaton\main\resource\3dba1b7f-b246-4654-a46c-e1843d2193a0\main.py Старт. Выполняемый шаг: Присвоить значение переменной. id: 3oGjmJ`CaVRVz9#qu*_m
2026-05-23T14:59:52+0300 INFO: C:\Users\Ksenya\Desktop\hakaton\main\resource\3dba1b7f-b246-4654-a46c-e1843d2193a0\main.py Выполнение. Выполняемый шаг: Присвоить значение переменной. id: 3oGjmJ`CaVRVz9#qu*_m
2026-05-23T14:59:52+0300 INFO: C:\Users\Ksenya\Desktop\hakaton\main\resource\3dba1b7f-b246-4654-a46c-e1843d2193a0\main.py Завершение. Выполняемый шаг: Присвоить значение переменной. id: 3oGjmJ`CaVRVz9#qu*_m
2026-05-23T14:59:52+0300 INFO: C:\Users\Ksenya\Desktop\hakaton\main\resource\3dba1b7f-b246-4654-a46c-e1843d2193a0\main.py Старт. Выполняемый шаг: Присвоить значение переменной. id: :kF]*7FA#}yI!L)At3D0
2026-05-23T14:59:53+0300 INFO: C:\Users\Ksenya\Desktop\hakaton\main\resource\3dba1b7f-b246-4654-a46c-e1843d2193a0\main.py Выполнение. Выполняемый шаг: Присвоить значение переменной. id: :kF]*7FA#}yI!L)At3D0
2026-05-23T14:59:53+0300 INFO: C:\Users\Ksenya\Desktop\hakaton\main\resource\3dba1b7f-b246-4654-a46c-e1843d2193a0\main.py Завершение. Выполняемый шаг: Присвоить значение переменной. id: :kF]*7FA#}yI!L)At3D0
2026-05-23T14:59:53+0300 INFO: C:\Users\Ksenya\Desktop\hakaton\main\resource\3dba1b7f-b246-4654-a46c-e1843d2193a0\main.py Отправляю запрос в 1С
2026-05-23T14:59:53+0300 INFO: C:\Users\Ksenya\Desktop\hakaton\main\resource\3dba1b7f-b246-4654-a46c-e1843d2193a0\main.py Старт. Выполняемый шаг: Присвоить значение переменной. id: 5Ew%Wt$JK+7d7TXLxId_
2026-05-23T14:59:54+0300 INFO: C:\Users\Ksenya\Desktop\hakaton\main\resource\3dba1b7f-b246-4654-a46c-e1843d2193a0\main.py Выполнение. Выполняемый шаг: Присвоить значение переменной. id: 5Ew%Wt$JK+7d7TXLxId_
2026-05-23T14:59:54+0300 INFO: C:\Users\Ksenya\Desktop\hakaton\main\resource\3dba1b7f-b246-4654-a46c-e1843d2193a0\main.py Старт. Выполняемый шаг: Создать сессию браузера. id: 4#bM-7PYt%bTkrSh8bfZ
2026-05-23T15:00:00+0300 INFO: C:\Users\Ksenya\Desktop\hakaton\main\resource\3dba1b7f-b246-4654-a46c-e1843d2193a0\main.py Завершение. Выполняемый шаг: Создать сессию браузера. id: 4#bM-7PYt%bTkrSh8bfZ
2026-05-23T15:00:00+0300 INFO: C:\Users\Ksenya\Desktop\hakaton\main\resource\3dba1b7f-b246-4654-a46c-e1843d2193a0\main.py Завершение. Выполняемый шаг: Присвоить значение переменной. id: 5Ew%Wt$JK+7d7TXLxId_
2026-05-23T15:00:00+0300 INFO: C:\Users\Ksenya\Desktop\hakaton\main\resource\3dba1b7f-b246-4654-a46c-e1843d2193a0\main.py Старт. Выполняемый шаг: Открыть страницу в браузере. id: _{QT4zD{Fqs69!/:|#zp
2026-05-23T15:00:01+0300 INFO: C:\Users\Ksenya\Desktop\hakaton\main\resource\3dba1b7f-b246-4654-a46c-e1843d2193a0\main.py Выполнение. Выполняемый шаг: Открыть страницу в браузере. id: _{QT4zD{Fqs69!/:|#zp
2026-05-23T15:00:03+0300 INFO: C:\Users\Ksenya\Desktop\hakaton\main\resource\3dba1b7f-b246-4654-a46c-e1843d2193a0\main.py Завершение. Выполняемый шаг: Открыть страницу в браузере. id: _{QT4zD{Fqs69!/:|#zp
2026-05-23T15:00:03+0300 INFO: C:\Users\Ksenya\Desktop\hakaton\main\resource\3dba1b7f-b246-4654-a46c-e1843d2193a0\main.py Старт. Выполняемый шаг: Задержка. id: ??=,o)g^!HRb+gO2+Wzh
2026-05-23T15:00:05+0300 INFO: C:\Users\Ksenya\Desktop\hakaton\main\resource\3dba1b7f-b246-4654-a46c-e1843d2193a0\main.py Выполнение. Выполняемый шаг: Задержка. id: ??=,o)g^!HRb+gO2+Wzh
2026-05-23T15:00:05+0300 INFO: C:\Users\Ksenya\Desktop\hakaton\main\resource\3dba1b7f-b246-4654-a46c-e1843d2193a0\main.py Старт. Выполняемый шаг: Преобразовать строку в число. id: {Rsp$JX%Cwa].U=6UmD=
2026-05-23T15:00:05+0300 INFO: C:\Users\Ksenya\Desktop\hakaton\main\resource\3dba1b7f-b246-4654-a46c-e1843d2193a0\main.py Завершение. Выполняемый шаг: Преобразовать строку в число. id: {Rsp$JX%Cwa].U=6UmD=
2026-05-23T15:00:08+0300 INFO: C:\Users\Ksenya\Desktop\hakaton\main\resource\3dba1b7f-b246-4654-a46c-e1843d2193a0\main.py Завершение. Выполняемый шаг: Задержка. id: ??=,o)g^!HRb+gO2+Wzh
2026-05-23T15:00:08+0300 INFO: C:\Users\Ksenya\Desktop\hakaton\main\resource\3dba1b7f-b246-4654-a46c-e1843d2193a0\main.py Старт. Выполняемый шаг: Клик по Web-элементу. id: EBp7HZH}x+19aqf!)2/)
2026-05-23T15:00:09+0300 INFO: C:\Users\Ksenya\Desktop\hakaton\main\resource\3dba1b7f-b246-4654-a46c-e1843d2193a0\main.py Выполнение. Выполняемый шаг: Клик по Web-элементу. id: EBp7HZH}x+19aqf!)2/)
2026-05-23T15:00:09+0300 INFO: C:\Users\Ksenya\Desktop\hakaton\main\resource\3dba1b7f-b246-4654-a46c-e1843d2193a0\main.py Завершение. Выполняемый шаг: Клик по Web-элементу. id: EBp7HZH}x+19aqf!)2/)
2026-05-23T15:00:09+0300 INFO: C:\Users\Ksenya\Desktop\hakaton\main\resource\3dba1b7f-b246-4654-a46c-e1843d2193a0\main.py Старт. Выполняемый шаг: Ввод в веб-сайт. id: %w9B]^SDY]u6w8A[VN]B
2026-05-23T15:00:10+0300 INFO: C:\Users\Ksenya\Desktop\hakaton\main\resource\3dba1b7f-b246-4654-a46c-e1843d2193a0\main.py Выполнение. Выполняемый шаг: Ввод в веб-сайт. id: %w9B]^SDY]u6w8A[VN]B
2026-05-23T15:00:11+0300 INFO: C:\Users\Ksenya\Desktop\hakaton\main\resource\3dba1b7f-b246-4654-a46c-e1843d2193a0\main.py Завершение. Выполняемый шаг: Ввод в веб-сайт. id: %w9B]^SDY]u6w8A[VN]B
2026-05-23T15:00:11+0300 INFO: C:\Users\Ksenya\Desktop\hakaton\main\resource\3dba1b7f-b246-4654-a46c-e1843d2193a0\main.py Старт. Выполняемый шаг: Клик по Web-элементу. id: H6A$`ZrfUnP;M.)V!gP%
2026-05-23T15:00:12+0300 INFO: C:\Users\Ksenya\Desktop\hakaton\main\resource\3dba1b7f-b246-4654-a46c-e1843d2193a0\main.py Выполнение. Выполняемый шаг: Клик по Web-элементу. id: H6A$`ZrfUnP;M.)V!gP%
2026-05-23T15:00:12+0300 INFO: C:\Users\Ksenya\Desktop\hakaton\main\resource\3dba1b7f-b246-4654-a46c-e1843d2193a0\main.py Завершение. Выполняемый шаг: Клик по Web-элементу. id: H6A$`ZrfUnP;M.)V!gP%
2026-05-23T15:00:12+0300 INFO: C:\Users\Ksenya\Desktop\hakaton\main\resource\3dba1b7f-b246-4654-a46c-e1843d2193a0\main.py Старт. Выполняемый шаг: Ввод в веб-сайт. id: y:}|lxK((=67v}qu8Ym-
2026-05-23T15:00:13+0300 INFO: C:\Users\Ksenya\Desktop\hakaton\main\resource\3dba1b7f-b246-4654-a46c-e1843d2193a0\main.py Выполнение. Выполняемый шаг: Ввод в веб-сайт. id: y:}|lxK((=67v}qu8Ym-
2026-05-23T15:00:13+0300 INFO: C:\Users\Ksenya\Desktop\hakaton\main\resource\3dba1b7f-b246-4654-a46c-e1843d2193a0\main.py Завершение. Выполняемый шаг: Ввод в веб-сайт. id: y:}|lxK((=67v}qu8Ym-
2026-05-23T15:00:13+0300 INFO: C:\Users\Ksenya\Desktop\hakaton\main\resource\3dba1b7f-b246-4654-a46c-e1843d2193a0\main.py Старт. Выполняемый шаг: Клик по Web-элементу. id: [Q2@mu?#NQ2xEX2OXYF$
2026-05-23T15:00:13+0300 INFO: C:\Users\Ksenya\Desktop\hakaton\main\resource\3dba1b7f-b246-4654-a46c-e1843d2193a0\main.py Выполнение. Выполняемый шаг: Клик по Web-элементу. id: [Q2@mu?#NQ2xEX2OXYF$
2026-05-23T15:00:14+0300 INFO: C:\Users\Ksenya\Desktop\hakaton\main\resource\3dba1b7f-b246-4654-a46c-e1843d2193a0\main.py Завершение. Выполняемый шаг: Клик по Web-элементу. id: [Q2@mu?#NQ2xEX2OXYF$
2026-05-23T15:00:14+0300 INFO: C:\Users\Ksenya\Desktop\hakaton\main\resource\3dba1b7f-b246-4654-a46c-e1843d2193a0\main.py Старт. Выполняемый шаг: Задержка. id: `^?P,o-StU!YIwW:*51`
2026-05-23T15:00:29+0300 INFO: C:\Users\Ksenya\Desktop\hakaton\main\resource\3dba1b7f-b246-4654-a46c-e1843d2193a0\main.py Выполнение. Выполняемый шаг: Задержка. id: `^?P,o-StU!YIwW:*51`
2026-05-23T15:00:29+0300 INFO: C:\Users\Ksenya\Desktop\hakaton\main\resource\3dba1b7f-b246-4654-a46c-e1843d2193a0\main.py Старт. Выполняемый шаг: Преобразовать строку в число. id: uw`j?F`+X9C3RI;{kpUw
2026-05-23T15:00:29+0300 INFO: C:\Users\Ksenya\Desktop\hakaton\main\resource\3dba1b7f-b246-4654-a46c-e1843d2193a0\main.py Завершение. Выполняемый шаг: Преобразовать строку в число. id: uw`j?F`+X9C3RI;{kpUw
2026-05-23T15:00:32+0300 INFO: C:\Users\Ksenya\Desktop\hakaton\main\resource\3dba1b7f-b246-4654-a46c-e1843d2193a0\main.py Завершение. Выполняемый шаг: Задержка. id: `^?P,o-StU!YIwW:*51`
2026-05-23T15:00:32+0300 INFO: C:\Users\Ksenya\Desktop\hakaton\main\resource\3dba1b7f-b246-4654-a46c-e1843d2193a0\main.py Старт. Выполняемый шаг: Клик по Web-элементу. id: !*p3azK$H5lkwE@DW$s_
2026-05-23T15:00:34+0300 INFO: C:\Users\Ksenya\Desktop\hakaton\main\resource\3dba1b7f-b246-4654-a46c-e1843d2193a0\main.py Выполнение. Выполняемый шаг: Клик по Web-элементу. id: !*p3azK$H5lkwE@DW$s_
2026-05-23T15:00:34+0300 INFO: C:\Users\Ksenya\Desktop\hakaton\main\resource\3dba1b7f-b246-4654-a46c-e1843d2193a0\main.py Завершение. Выполняемый шаг: Клик по Web-элементу. id: !*p3azK$H5lkwE@DW$s_
2026-05-23T15:00:34+0300 INFO: C:\Users\Ksenya\Desktop\hakaton\main\resource\3dba1b7f-b246-4654-a46c-e1843d2193a0\main.py Старт. Выполняемый шаг: Клик по Web-элементу. id: ]8Xi8xyWQkijnuXN/Mwn
2026-05-23T15:00:36+0300 INFO: C:\Users\Ksenya\Desktop\hakaton\main\resource\3dba1b7f-b246-4654-a46c-e1843d2193a0\main.py Выполнение. Выполняемый шаг: Клик по Web-элементу. id: ]8Xi8xyWQkijnuXN/Mwn
2026-05-23T15:05:50+0300 INFO: Старт робота: C:\Users\Ksenya\Desktop\hakaton\main\resource\492567f5-89d1-4acb-b7ef-01ca67c9460a\main.py
2026-05-23T15:05:50+0300 INFO: C:\Users\Ksenya\Desktop\hakaton\main\resource\492567f5-89d1-4acb-b7ef-01ca67c9460a\main.py Старт. Выполняемый шаг: Обработка ошибки. id: E(ohZ?TiZWX5;}Gqu-r,
2026-05-23T15:05:56+0300 INFO: C:\Users\Ksenya\Desktop\hakaton\main\resource\492567f5-89d1-4acb-b7ef-01ca67c9460a\main.py Выполнение. Выполняемый шаг: Обработка ошибки. id: E(ohZ?TiZWX5;}Gqu-r,
2026-05-23T15:05:56+0300 INFO: C:\Users\Ksenya\Desktop\hakaton\main\resource\492567f5-89d1-4acb-b7ef-01ca67c9460a\main.py Робот запущен
2026-05-23T15:05:56+0300 INFO: C:\Users\Ksenya\Desktop\hakaton\main\resource\492567f5-89d1-4acb-b7ef-01ca67c9460a\main.py Старт. Выполняемый шаг: Присвоить значение переменной. id: uT8K_dR,wNXk4m?dkCsM
2026-05-23T15:05:57+0300 INFO: C:\Users\Ksenya\Desktop\hakaton\main\resource\492567f5-89d1-4acb-b7ef-01ca67c9460a\main.py Выполнение. Выполняемый шаг: Присвоить значение переменной. id: uT8K_dR,wNXk4m?dkCsM
2026-05-23T15:05:57+0300 INFO: C:\Users\Ksenya\Desktop\hakaton\main\resource\492567f5-89d1-4acb-b7ef-01ca67c9460a\main.py Завершение. Выполняемый шаг: Присвоить значение переменной. id: uT8K_dR,wNXk4m?dkCsM
2026-05-23T15:05:57+0300 INFO: C:\Users\Ksenya\Desktop\hakaton\main\resource\492567f5-89d1-4acb-b7ef-01ca67c9460a\main.py Старт. Выполняемый шаг: Присвоить значение переменной. id: :MAZ.Rz62:ZsFDl7vQQJ
2026-05-23T15:05:57+0300 INFO: C:\Users\Ksenya\Desktop\hakaton\main\resource\492567f5-89d1-4acb-b7ef-01ca67c9460a\main.py Выполнение. Выполняемый шаг: Присвоить значение переменной. id: :MAZ.Rz62:ZsFDl7vQQJ
2026-05-23T15:05:57+0300 INFO: C:\Users\Ksenya\Desktop\hakaton\main\resource\492567f5-89d1-4acb-b7ef-01ca67c9460a\main.py Завершение. Выполняемый шаг: Присвоить значение переменной. id: :MAZ.Rz62:ZsFDl7vQQJ
2026-05-23T15:05:57+0300 INFO: C:\Users\Ksenya\Desktop\hakaton\main\resource\492567f5-89d1-4acb-b7ef-01ca67c9460a\main.py Старт. Выполняемый шаг: Присвоить значение переменной. id: WBqw15|Z#}dx_{yM[UJS
2026-05-23T15:05:58+0300 INFO: C:\Users\Ksenya\Desktop\hakaton\main\resource\492567f5-89d1-4acb-b7ef-01ca67c9460a\main.py Выполнение. Выполняемый шаг: Присвоить значение переменной. id: WBqw15|Z#}dx_{yM[UJS
2026-05-23T15:05:58+0300 INFO: C:\Users\Ksenya\Desktop\hakaton\main\resource\492567f5-89d1-4acb-b7ef-01ca67c9460a\main.py Завершение. Выполняемый шаг: Присвоить значение переменной. id: WBqw15|Z#}dx_{yM[UJS
2026-05-23T15:05:58+0300 INFO: C:\Users\Ksenya\Desktop\hakaton\main\resource\492567f5-89d1-4acb-b7ef-01ca67c9460a\main.py Старт. Выполняемый шаг: Присвоить значение переменной. id: ZD}VS]B8yU%7IR$_1:gx
2026-05-23T15:05:58+0300 INFO: C:\Users\Ksenya\Desktop\hakaton\main\resource\492567f5-89d1-4acb-b7ef-01ca67c9460a\main.py Выполнение. Выполняемый шаг: Присвоить значение переменной. id: ZD}VS]B8yU%7IR$_1:gx
2026-05-23T15:05:58+0300 INFO: C:\Users\Ksenya\Desktop\hakaton\main\resource\492567f5-89d1-4acb-b7ef-01ca67c9460a\main.py Старт. Выполняемый шаг: Прочитать файл. id: h-7qLFMP}Ex#VZ)Ao@jd
2026-05-23T15:05:58+0300 INFO: C:\Users\Ksenya\Desktop\hakaton\main\resource\492567f5-89d1-4acb-b7ef-01ca67c9460a\main.py Завершение. Выполняемый шаг: Прочитать файл. id: h-7qLFMP}Ex#VZ)Ao@jd
2026-05-23T15:05:58+0300 INFO: C:\Users\Ksenya\Desktop\hakaton\main\resource\492567f5-89d1-4acb-b7ef-01ca67c9460a\main.py Завершение. Выполняемый шаг: Присвоить значение переменной. id: ZD}VS]B8yU%7IR$_1:gx
2026-05-23T15:05:58+0300 INFO: C:\Users\Ksenya\Desktop\hakaton\main\resource\492567f5-89d1-4acb-b7ef-01ca67c9460a\main.py Старт. Выполняемый шаг: Присвоить значение переменной. id: ^0R|78#C*6Lo31|B;%K9
2026-05-23T15:05:58+0300 INFO: C:\Users\Ksenya\Desktop\hakaton\main\resource\492567f5-89d1-4acb-b7ef-01ca67c9460a\main.py Выполнение. Выполняемый шаг: Присвоить значение переменной. id: ^0R|78#C*6Lo31|B;%K9
2026-05-23T15:05:58+0300 INFO: C:\Users\Ksenya\Desktop\hakaton\main\resource\492567f5-89d1-4acb-b7ef-01ca67c9460a\main.py Завершение. Выполняемый шаг: Присвоить значение переменной. id: ^0R|78#C*6Lo31|B;%K9
2026-05-23T15:05:58+0300 INFO: C:\Users\Ksenya\Desktop\hakaton\main\resource\492567f5-89d1-4acb-b7ef-01ca67c9460a\main.py Старт. Выполняемый шаг: Присвоить значение переменной. id: p$O:QoI+|4ux$8{ysFr:
2026-05-23T15:05:58+0300 INFO: C:\Users\Ksenya\Desktop\hakaton\main\resource\492567f5-89d1-4acb-b7ef-01ca67c9460a\main.py Выполнение. Выполняемый шаг: Присвоить значение переменной. id: p$O:QoI+|4ux$8{ysFr:
2026-05-23T15:05:58+0300 INFO: C:\Users\Ksenya\Desktop\hakaton\main\resource\492567f5-89d1-4acb-b7ef-01ca67c9460a\main.py Завершение. Выполняемый шаг: Присвоить значение переменной. id: p$O:QoI+|4ux$8{ysFr:
2026-05-23T15:05:58+0300 INFO: C:\Users\Ksenya\Desktop\hakaton\main\resource\492567f5-89d1-4acb-b7ef-01ca67c9460a\main.py Старт. Выполняемый шаг: Присвоить значение переменной. id: ]Nwow_`34-zY1snYsMa=
2026-05-23T15:05:58+0300 INFO: C:\Users\Ksenya\Desktop\hakaton\main\resource\492567f5-89d1-4acb-b7ef-01ca67c9460a\main.py Выполнение. Выполняемый шаг: Присвоить значение переменной. id: ]Nwow_`34-zY1snYsMa=
2026-05-23T15:05:58+0300 INFO: C:\Users\Ksenya\Desktop\hakaton\main\resource\492567f5-89d1-4acb-b7ef-01ca67c9460a\main.py Завершение. Выполняемый шаг: Присвоить значение переменной. id: ]Nwow_`34-zY1snYsMa=
2026-05-23T15:05:58+0300 INFO: C:\Users\Ksenya\Desktop\hakaton\main\resource\492567f5-89d1-4acb-b7ef-01ca67c9460a\main.py Старт. Выполняемый шаг: Присвоить значение переменной. id: 7qHD^~+B#bUSw)9hi;V5
2026-05-23T15:05:58+0300 INFO: C:\Users\Ksenya\Desktop\hakaton\main\resource\492567f5-89d1-4acb-b7ef-01ca67c9460a\main.py Выполнение. Выполняемый шаг: Присвоить значение переменной. id: 7qHD^~+B#bUSw)9hi;V5
2026-05-23T15:05:58+0300 INFO: C:\Users\Ksenya\Desktop\hakaton\main\resource\492567f5-89d1-4acb-b7ef-01ca67c9460a\main.py Завершение. Выполняемый шаг: Присвоить значение переменной. id: 7qHD^~+B#bUSw)9hi;V5
2026-05-23T15:05:58+0300 INFO: C:\Users\Ksenya\Desktop\hakaton\main\resource\492567f5-89d1-4acb-b7ef-01ca67c9460a\main.py Старт. Выполняемый шаг: Присвоить значение переменной. id: 3oGjmJ`CaVRVz9#qu*_m
2026-05-23T15:05:59+0300 INFO: C:\Users\Ksenya\Desktop\hakaton\main\resource\492567f5-89d1-4acb-b7ef-01ca67c9460a\main.py Выполнение. Выполняемый шаг: Присвоить значение переменной. id: 3oGjmJ`CaVRVz9#qu*_m
2026-05-23T15:05:59+0300 INFO: C:\Users\Ksenya\Desktop\hakaton\main\resource\492567f5-89d1-4acb-b7ef-01ca67c9460a\main.py Завершение. Выполняемый шаг: Присвоить значение переменной. id: 3oGjmJ`CaVRVz9#qu*_m
2026-05-23T15:05:59+0300 INFO: C:\Users\Ksenya\Desktop\hakaton\main\resource\492567f5-89d1-4acb-b7ef-01ca67c9460a\main.py Старт. Выполняемый шаг: Присвоить значение переменной. id: :kF]*7FA#}yI!L)At3D0
2026-05-23T15:05:59+0300 INFO: C:\Users\Ksenya\Desktop\hakaton\main\resource\492567f5-89d1-4acb-b7ef-01ca67c9460a\main.py Выполнение. Выполняемый шаг: Присвоить значение переменной. id: :kF]*7FA#}yI!L)At3D0
2026-05-23T15:05:59+0300 INFO: C:\Users\Ksenya\Desktop\hakaton\main\resource\492567f5-89d1-4acb-b7ef-01ca67c9460a\main.py Завершение. Выполняемый шаг: Присвоить значение переменной. id: :kF]*7FA#}yI!L)At3D0
2026-05-23T15:05:59+0300 INFO: C:\Users\Ksenya\Desktop\hakaton\main\resource\492567f5-89d1-4acb-b7ef-01ca67c9460a\main.py Отправляю запрос в 1С
2026-05-23T15:05:59+0300 INFO: C:\Users\Ksenya\Desktop\hakaton\main\resource\492567f5-89d1-4acb-b7ef-01ca67c9460a\main.py Старт. Выполняемый шаг: Присвоить значение переменной. id: 5Ew%Wt$JK+7d7TXLxId_
2026-05-23T15:05:59+0300 INFO: C:\Users\Ksenya\Desktop\hakaton\main\resource\492567f5-89d1-4acb-b7ef-01ca67c9460a\main.py Выполнение. Выполняемый шаг: Присвоить значение переменной. id: 5Ew%Wt$JK+7d7TXLxId_
2026-05-23T15:05:59+0300 INFO: C:\Users\Ksenya\Desktop\hakaton\main\resource\492567f5-89d1-4acb-b7ef-01ca67c9460a\main.py Старт. Выполняемый шаг: Создать сессию браузера. id: 4#bM-7PYt%bTkrSh8bfZ
2026-05-23T15:06:05+0300 INFO: C:\Users\Ksenya\Desktop\hakaton\main\resource\492567f5-89d1-4acb-b7ef-01ca67c9460a\main.py Завершение. Выполняемый шаг: Создать сессию браузера. id: 4#bM-7PYt%bTkrSh8bfZ
2026-05-23T15:06:05+0300 INFO: C:\Users\Ksenya\Desktop\hakaton\main\resource\492567f5-89d1-4acb-b7ef-01ca67c9460a\main.py Завершение. Выполняемый шаг: Присвоить значение переменной. id: 5Ew%Wt$JK+7d7TXLxId_
2026-05-23T15:06:05+0300 INFO: C:\Users\Ksenya\Desktop\hakaton\main\resource\492567f5-89d1-4acb-b7ef-01ca67c9460a\main.py Старт. Выполняемый шаг: Открыть страницу в браузере. id: _{QT4zD{Fqs69!/:|#zp
2026-05-23T15:06:05+0300 INFO: C:\Users\Ksenya\Desktop\hakaton\main\resource\492567f5-89d1-4acb-b7ef-01ca67c9460a\main.py Выполнение. Выполняемый шаг: Открыть страницу в браузере. id: _{QT4zD{Fqs69!/:|#zp
2026-05-23T15:06:07+0300 INFO: C:\Users\Ksenya\Desktop\hakaton\main\resource\492567f5-89d1-4acb-b7ef-01ca67c9460a\main.py Завершение. Выполняемый шаг: Открыть страницу в браузере. id: _{QT4zD{Fqs69!/:|#zp
2026-05-23T15:06:07+0300 INFO: C:\Users\Ksenya\Desktop\hakaton\main\resource\492567f5-89d1-4acb-b7ef-01ca67c9460a\main.py Старт. Выполняемый шаг: Задержка. id: ??=,o)g^!HRb+gO2+Wzh
2026-05-23T15:06:07+0300 INFO: C:\Users\Ksenya\Desktop\hakaton\main\resource\492567f5-89d1-4acb-b7ef-01ca67c9460a\main.py Выполнение. Выполняемый шаг: Задержка. id: ??=,o)g^!HRb+gO2+Wzh
2026-05-23T15:06:07+0300 INFO: C:\Users\Ksenya\Desktop\hakaton\main\resource\492567f5-89d1-4acb-b7ef-01ca67c9460a\main.py Старт. Выполняемый шаг: Преобразовать строку в число. id: {Rsp$JX%Cwa].U=6UmD=
2026-05-23T15:06:07+0300 INFO: C:\Users\Ksenya\Desktop\hakaton\main\resource\492567f5-89d1-4acb-b7ef-01ca67c9460a\main.py Завершение. Выполняемый шаг: Преобразовать строку в число. id: {Rsp$JX%Cwa].U=6UmD=
2026-05-23T15:06:10+0300 INFO: C:\Users\Ksenya\Desktop\hakaton\main\resource\492567f5-89d1-4acb-b7ef-01ca67c9460a\main.py Завершение. Выполняемый шаг: Задержка. id: ??=,o)g^!HRb+gO2+Wzh
2026-05-23T15:06:10+0300 INFO: C:\Users\Ksenya\Desktop\hakaton\main\resource\492567f5-89d1-4acb-b7ef-01ca67c9460a\main.py Старт. Выполняемый шаг: Клик по Web-элементу. id: EBp7HZH}x+19aqf!)2/)
2026-05-23T15:06:10+0300 INFO: C:\Users\Ksenya\Desktop\hakaton\main\resource\492567f5-89d1-4acb-b7ef-01ca67c9460a\main.py Выполнение. Выполняемый шаг: Клик по Web-элементу. id: EBp7HZH}x+19aqf!)2/)
2026-05-23T15:06:10+0300 INFO: C:\Users\Ksenya\Desktop\hakaton\main\resource\492567f5-89d1-4acb-b7ef-01ca67c9460a\main.py Завершение. Выполняемый шаг: Клик по Web-элементу. id: EBp7HZH}x+19aqf!)2/)
2026-05-23T15:06:10+0300 INFO: C:\Users\Ksenya\Desktop\hakaton\main\resource\492567f5-89d1-4acb-b7ef-01ca67c9460a\main.py Старт. Выполняемый шаг: Ввод в веб-сайт. id: %w9B]^SDY]u6w8A[VN]B
2026-05-23T15:06:10+0300 INFO: C:\Users\Ksenya\Desktop\hakaton\main\resource\492567f5-89d1-4acb-b7ef-01ca67c9460a\main.py Выполнение. Выполняемый шаг: Ввод в веб-сайт. id: %w9B]^SDY]u6w8A[VN]B
2026-05-23T15:06:10+0300 INFO: C:\Users\Ksenya\Desktop\hakaton\main\resource\492567f5-89d1-4acb-b7ef-01ca67c9460a\main.py Завершение. Выполняемый шаг: Ввод в веб-сайт. id: %w9B]^SDY]u6w8A[VN]B
2026-05-23T15:06:10+0300 INFO: C:\Users\Ksenya\Desktop\hakaton\main\resource\492567f5-89d1-4acb-b7ef-01ca67c9460a\main.py Старт. Выполняемый шаг: Клик по Web-элементу. id: H6A$`ZrfUnP;M.)V!gP%
2026-05-23T15:06:10+0300 INFO: C:\Users\Ksenya\Desktop\hakaton\main\resource\492567f5-89d1-4acb-b7ef-01ca67c9460a\main.py Выполнение. Выполняемый шаг: Клик по Web-элементу. id: H6A$`ZrfUnP;M.)V!gP%
2026-05-23T15:06:11+0300 INFO: C:\Users\Ksenya\Desktop\hakaton\main\resource\492567f5-89d1-4acb-b7ef-01ca67c9460a\main.py Завершение. Выполняемый шаг: Клик по Web-элементу. id: H6A$`ZrfUnP;M.)V!gP%
2026-05-23T15:06:11+0300 INFO: C:\Users\Ksenya\Desktop\hakaton\main\resource\492567f5-89d1-4acb-b7ef-01ca67c9460a\main.py Старт. Выполняемый шаг: Ввод в веб-сайт. id: y:}|lxK((=67v}qu8Ym-
2026-05-23T15:06:11+0300 INFO: C:\Users\Ksenya\Desktop\hakaton\main\resource\492567f5-89d1-4acb-b7ef-01ca67c9460a\main.py Выполнение. Выполняемый шаг: Ввод в веб-сайт. id: y:}|lxK((=67v}qu8Ym-
2026-05-23T15:06:11+0300 INFO: C:\Users\Ksenya\Desktop\hakaton\main\resource\492567f5-89d1-4acb-b7ef-01ca67c9460a\main.py Завершение. Выполняемый шаг: Ввод в веб-сайт. id: y:}|lxK((=67v}qu8Ym-
2026-05-23T15:06:11+0300 INFO: C:\Users\Ksenya\Desktop\hakaton\main\resource\492567f5-89d1-4acb-b7ef-01ca67c9460a\main.py Старт. Выполняемый шаг: Клик по Web-элементу. id: [Q2@mu?#NQ2xEX2OXYF$
2026-05-23T15:06:11+0300 INFO: C:\Users\Ksenya\Desktop\hakaton\main\resource\492567f5-89d1-4acb-b7ef-01ca67c9460a\main.py Выполнение. Выполняемый шаг: Клик по Web-элементу. id: [Q2@mu?#NQ2xEX2OXYF$
2026-05-23T15:06:11+0300 INFO: C:\Users\Ksenya\Desktop\hakaton\main\resource\492567f5-89d1-4acb-b7ef-01ca67c9460a\main.py Завершение. Выполняемый шаг: Клик по Web-элементу. id: [Q2@mu?#NQ2xEX2OXYF$
2026-05-23T15:06:11+0300 INFO: C:\Users\Ksenya\Desktop\hakaton\main\resource\492567f5-89d1-4acb-b7ef-01ca67c9460a\main.py Старт. Выполняемый шаг: Задержка. id: `^?P,o-StU!YIwW:*51`
2026-05-23T15:06:11+0300 INFO: C:\Users\Ksenya\Desktop\hakaton\main\resource\492567f5-89d1-4acb-b7ef-01ca67c9460a\main.py Выполнение. Выполняемый шаг: Задержка. id: `^?P,o-StU!YIwW:*51`
2026-05-23T15:06:11+0300 INFO: C:\Users\Ksenya\Desktop\hakaton\main\resource\492567f5-89d1-4acb-b7ef-01ca67c9460a\main.py Старт. Выполняемый шаг: Преобразовать строку в число. id: uw`j?F`+X9C3RI;{kpUw
2026-05-23T15:06:11+0300 INFO: C:\Users\Ksenya\Desktop\hakaton\main\resource\492567f5-89d1-4acb-b7ef-01ca67c9460a\main.py Завершение. Выполняемый шаг: Преобразовать строку в число. id: uw`j?F`+X9C3RI;{kpUw
2026-05-23T15:06:14+0300 INFO: C:\Users\Ksenya\Desktop\hakaton\main\resource\492567f5-89d1-4acb-b7ef-01ca67c9460a\main.py Завершение. Выполняемый шаг: Задержка. id: `^?P,o-StU!YIwW:*51`
2026-05-23T15:06:14+0300 INFO: C:\Users\Ksenya\Desktop\hakaton\main\resource\492567f5-89d1-4acb-b7ef-01ca67c9460a\main.py Старт. Выполняемый шаг: Клик по Web-элементу. id: !*p3azK$H5lkwE@DW$s_
2026-05-23T15:06:14+0300 INFO: C:\Users\Ksenya\Desktop\hakaton\main\resource\492567f5-89d1-4acb-b7ef-01ca67c9460a\main.py Выполнение. Выполняемый шаг: Клик по Web-элементу. id: !*p3azK$H5lkwE@DW$s_
2026-05-23T15:06:27+0300 INFO: C:\Users\Ksenya\Desktop\hakaton\main\resource\492567f5-89d1-4acb-b7ef-01ca67c9460a\main.py Завершение. Выполняемый шаг: Клик по Web-элементу. id: !*p3azK$H5lkwE@DW$s_
2026-05-23T15:06:27+0300 INFO: C:\Users\Ksenya\Desktop\hakaton\main\resource\492567f5-89d1-4acb-b7ef-01ca67c9460a\main.py Старт. Выполняемый шаг: Клик по Web-элементу. id: ]8Xi8xyWQkijnuXN/Mwn
2026-05-23T15:06:27+0300 INFO: C:\Users\Ksenya\Desktop\hakaton\main\resource\492567f5-89d1-4acb-b7ef-01ca67c9460a\main.py Выполнение. Выполняемый шаг: Клик по Web-элементу. id: ]8Xi8xyWQkijnuXN/Mwn
2026-05-23T15:06:27+0300 INFO: C:\Users\Ksenya\Desktop\hakaton\main\resource\492567f5-89d1-4acb-b7ef-01ca67c9460a\main.py Завершение. Выполняемый шаг: Клик по Web-элементу. id: ]8Xi8xyWQkijnuXN/Mwn
2026-05-23T15:06:27+0300 INFO: C:\Users\Ksenya\Desktop\hakaton\main\resource\492567f5-89d1-4acb-b7ef-01ca67c9460a\main.py Старт. Выполняемый шаг: Клик по Web-элементу. id: 2|)*w/x[i^%Clh|4N/:Z
2026-05-23T15:06:27+0300 INFO: C:\Users\Ksenya\Desktop\hakaton\main\resource\492567f5-89d1-4acb-b7ef-01ca67c9460a\main.py Выполнение. Выполняемый шаг: Клик по Web-элементу. id: 2|)*w/x[i^%Clh|4N/:Z
2026-05-23T15:06:38+0300 ERROR: C:\Users\Ksenya\Desktop\hakaton\main\resource\492567f5-89d1-4acb-b7ef-01ca67c9460a\main.py Ошибка выполнения робота
2026-05-23T15:06:38+0300 INFO: C:\Users\Ksenya\Desktop\hakaton\main\resource\492567f5-89d1-4acb-b7ef-01ca67c9460a\main.py Завершение. Выполняемый шаг: Обработка ошибки. id: E(ohZ?TiZWX5;}Gqu-r,
2026-05-23T15:06:38+0300 INFO: Завершение работы робота: C:\Users\Ksenya\Desktop\hakaton\main\resource\492567f5-89d1-4acb-b7ef-01ca67c9460a\main.py
2026-05-23T15:18:47+0300 INFO: Запуск процесса из студии разработки. C:\Users\Ksenya\Desktop\hakaton\main\process\main.json
2026-05-23T15:18:49+0300 INFO: Старт робота: C:\Users\Ksenya\Desktop\hakaton\main\resource\4948cfcc-df64-4c0a-b02e-8a2872b8cd75\main.py
2026-05-23T15:18:49+0300 INFO: C:\Users\Ksenya\Desktop\hakaton\main\resource\4948cfcc-df64-4c0a-b02e-8a2872b8cd75\main.py Робот запущен
2026-05-23T15:18:49+0300 INFO: C:\Users\Ksenya\Desktop\hakaton\main\resource\4948cfcc-df64-4c0a-b02e-8a2872b8cd75\main.py Отправляю запрос в 1С
2026-05-23T15:19:20+0300 ERROR: C:\Users\Ksenya\Desktop\hakaton\main\resource\4948cfcc-df64-4c0a-b02e-8a2872b8cd75\main.py Ошибка выполнения робота
2026-05-23T15:19:20+0300 INFO: Завершение работы робота: C:\Users\Ksenya\Desktop\hakaton\main\resource\4948cfcc-df64-4c0a-b02e-8a2872b8cd75\main.py
2026-05-23T15:19:20+0300 INFO: Завершение выполнения процесса. C:\Users\Ksenya\Desktop\hakaton\main\process\main.json
2026-05-23T15:19:43+0300 INFO: Старт робота: C:\Users\Ksenya\Desktop\hakaton\main\resource\cd8d0d8f-eb81-4559-a5cb-0af9eb0c95fc\main.py
2026-05-23T15:19:43+0300 INFO: C:\Users\Ksenya\Desktop\hakaton\main\resource\cd8d0d8f-eb81-4559-a5cb-0af9eb0c95fc\main.py Старт. Выполняемый шаг: Обработка ошибки. id: E(ohZ?TiZWX5;}Gqu-r,
2026-05-23T15:19:43+0300 INFO: C:\Users\Ksenya\Desktop\hakaton\main\resource\cd8d0d8f-eb81-4559-a5cb-0af9eb0c95fc\main.py Выполнение. Выполняемый шаг: Обработка ошибки. id: E(ohZ?TiZWX5;}Gqu-r,
2026-05-23T15:19:43+0300 INFO: C:\Users\Ksenya\Desktop\hakaton\main\resource\cd8d0d8f-eb81-4559-a5cb-0af9eb0c95fc\main.py Робот запущен
2026-05-23T15:19:43+0300 INFO: C:\Users\Ksenya\Desktop\hakaton\main\resource\cd8d0d8f-eb81-4559-a5cb-0af9eb0c95fc\main.py Старт. Выполняемый шаг: Присвоить значение переменной. id: uT8K_dR,wNXk4m?dkCsM
2026-05-23T15:19:44+0300 INFO: C:\Users\Ksenya\Desktop\hakaton\main\resource\cd8d0d8f-eb81-4559-a5cb-0af9eb0c95fc\main.py Выполнение. Выполняемый шаг: Присвоить значение переменной. id: uT8K_dR,wNXk4m?dkCsM
2026-05-23T15:19:44+0300 INFO: C:\Users\Ksenya\Desktop\hakaton\main\resource\cd8d0d8f-eb81-4559-a5cb-0af9eb0c95fc\main.py Завершение. Выполняемый шаг: Присвоить значение переменной. id: uT8K_dR,wNXk4m?dkCsM
2026-05-23T15:19:44+0300 INFO: C:\Users\Ksenya\Desktop\hakaton\main\resource\cd8d0d8f-eb81-4559-a5cb-0af9eb0c95fc\main.py Старт. Выполняемый шаг: Присвоить значение переменной. id: :MAZ.Rz62:ZsFDl7vQQJ
2026-05-23T15:19:44+0300 INFO: C:\Users\Ksenya\Desktop\hakaton\main\resource\cd8d0d8f-eb81-4559-a5cb-0af9eb0c95fc\main.py Выполнение. Выполняемый шаг: Присвоить значение переменной. id: :MAZ.Rz62:ZsFDl7vQQJ
2026-05-23T15:19:44+0300 INFO: C:\Users\Ksenya\Desktop\hakaton\main\resource\cd8d0d8f-eb81-4559-a5cb-0af9eb0c95fc\main.py Завершение. Выполняемый шаг: Присвоить значение переменной. id: :MAZ.Rz62:ZsFDl7vQQJ
2026-05-23T15:19:44+0300 INFO: C:\Users\Ksenya\Desktop\hakaton\main\resource\cd8d0d8f-eb81-4559-a5cb-0af9eb0c95fc\main.py Старт. Выполняемый шаг: Присвоить значение переменной. id: WBqw15|Z#}dx_{yM[UJS
2026-05-23T15:19:44+0300 INFO: C:\Users\Ksenya\Desktop\hakaton\main\resource\cd8d0d8f-eb81-4559-a5cb-0af9eb0c95fc\main.py Выполнение. Выполняемый шаг: Присвоить значение переменной. id: WBqw15|Z#}dx_{yM[UJS
2026-05-23T15:19:44+0300 INFO: C:\Users\Ksenya\Desktop\hakaton\main\resource\cd8d0d8f-eb81-4559-a5cb-0af9eb0c95fc\main.py Завершение. Выполняемый шаг: Присвоить значение переменной. id: WBqw15|Z#}dx_{yM[UJS
2026-05-23T15:19:44+0300 INFO: C:\Users\Ksenya\Desktop\hakaton\main\resource\cd8d0d8f-eb81-4559-a5cb-0af9eb0c95fc\main.py Старт. Выполняемый шаг: Присвоить значение переменной. id: ZD}VS]B8yU%7IR$_1:gx
2026-05-23T15:19:45+0300 INFO: C:\Users\Ksenya\Desktop\hakaton\main\resource\cd8d0d8f-eb81-4559-a5cb-0af9eb0c95fc\main.py Выполнение. Выполняемый шаг: Присвоить значение переменной. id: ZD}VS]B8yU%7IR$_1:gx
2026-05-23T15:19:45+0300 INFO: C:\Users\Ksenya\Desktop\hakaton\main\resource\cd8d0d8f-eb81-4559-a5cb-0af9eb0c95fc\main.py Старт. Выполняемый шаг: Прочитать файл. id: h-7qLFMP}Ex#VZ)Ao@jd
2026-05-23T15:19:45+0300 INFO: C:\Users\Ksenya\Desktop\hakaton\main\resource\cd8d0d8f-eb81-4559-a5cb-0af9eb0c95fc\main.py Завершение. Выполняемый шаг: Прочитать файл. id: h-7qLFMP}Ex#VZ)Ao@jd
2026-05-23T15:19:45+0300 INFO: C:\Users\Ksenya\Desktop\hakaton\main\resource\cd8d0d8f-eb81-4559-a5cb-0af9eb0c95fc\main.py Завершение. Выполняемый шаг: Присвоить значение переменной. id: ZD}VS]B8yU%7IR$_1:gx
2026-05-23T15:19:45+0300 INFO: C:\Users\Ksenya\Desktop\hakaton\main\resource\cd8d0d8f-eb81-4559-a5cb-0af9eb0c95fc\main.py Старт. Выполняемый шаг: Присвоить значение переменной. id: ^0R|78#C*6Lo31|B;%K9
2026-05-23T15:19:45+0300 INFO: C:\Users\Ksenya\Desktop\hakaton\main\resource\cd8d0d8f-eb81-4559-a5cb-0af9eb0c95fc\main.py Выполнение. Выполняемый шаг: Присвоить значение переменной. id: ^0R|78#C*6Lo31|B;%K9
2026-05-23T15:19:45+0300 INFO: C:\Users\Ksenya\Desktop\hakaton\main\resource\cd8d0d8f-eb81-4559-a5cb-0af9eb0c95fc\main.py Завершение. Выполняемый шаг: Присвоить значение переменной. id: ^0R|78#C*6Lo31|B;%K9
2026-05-23T15:19:45+0300 INFO: C:\Users\Ksenya\Desktop\hakaton\main\resource\cd8d0d8f-eb81-4559-a5cb-0af9eb0c95fc\main.py Старт. Выполняемый шаг: Присвоить значение переменной. id: p$O:QoI+|4ux$8{ysFr:
2026-05-23T15:19:45+0300 INFO: C:\Users\Ksenya\Desktop\hakaton\main\resource\cd8d0d8f-eb81-4559-a5cb-0af9eb0c95fc\main.py Выполнение. Выполняемый шаг: Присвоить значение переменной. id: p$O:QoI+|4ux$8{ysFr:
2026-05-23T15:19:45+0300 INFO: C:\Users\Ksenya\Desktop\hakaton\main\resource\cd8d0d8f-eb81-4559-a5cb-0af9eb0c95fc\main.py Завершение. Выполняемый шаг: Присвоить значение переменной. id: p$O:QoI+|4ux$8{ysFr:
2026-05-23T15:19:45+0300 INFO: C:\Users\Ksenya\Desktop\hakaton\main\resource\cd8d0d8f-eb81-4559-a5cb-0af9eb0c95fc\main.py Старт. Выполняемый шаг: Присвоить значение переменной. id: ]Nwow_`34-zY1snYsMa=
2026-05-23T15:19:45+0300 INFO: C:\Users\Ksenya\Desktop\hakaton\main\resource\cd8d0d8f-eb81-4559-a5cb-0af9eb0c95fc\main.py Выполнение. Выполняемый шаг: Присвоить значение переменной. id: ]Nwow_`34-zY1snYsMa=
2026-05-23T15:19:45+0300 INFO: C:\Users\Ksenya\Desktop\hakaton\main\resource\cd8d0d8f-eb81-4559-a5cb-0af9eb0c95fc\main.py Завершение. Выполняемый шаг: Присвоить значение переменной. id: ]Nwow_`34-zY1snYsMa=
2026-05-23T15:19:45+0300 INFO: C:\Users\Ksenya\Desktop\hakaton\main\resource\cd8d0d8f-eb81-4559-a5cb-0af9eb0c95fc\main.py Старт. Выполняемый шаг: Присвоить значение переменной. id: 7qHD^~+B#bUSw)9hi;V5
2026-05-23T15:19:45+0300 INFO: C:\Users\Ksenya\Desktop\hakaton\main\resource\cd8d0d8f-eb81-4559-a5cb-0af9eb0c95fc\main.py Выполнение. Выполняемый шаг: Присвоить значение переменной. id: 7qHD^~+B#bUSw)9hi;V5
2026-05-23T15:19:45+0300 INFO: C:\Users\Ksenya\Desktop\hakaton\main\resource\cd8d0d8f-eb81-4559-a5cb-0af9eb0c95fc\main.py Завершение. Выполняемый шаг: Присвоить значение переменной. id: 7qHD^~+B#bUSw)9hi;V5
2026-05-23T15:19:45+0300 INFO: C:\Users\Ksenya\Desktop\hakaton\main\resource\cd8d0d8f-eb81-4559-a5cb-0af9eb0c95fc\main.py Старт. Выполняемый шаг: Присвоить значение переменной. id: 3oGjmJ`CaVRVz9#qu*_m
2026-05-23T15:19:45+0300 INFO: C:\Users\Ksenya\Desktop\hakaton\main\resource\cd8d0d8f-eb81-4559-a5cb-0af9eb0c95fc\main.py Выполнение. Выполняемый шаг: Присвоить значение переменной. id: 3oGjmJ`CaVRVz9#qu*_m
2026-05-23T15:19:45+0300 INFO: C:\Users\Ksenya\Desktop\hakaton\main\resource\cd8d0d8f-eb81-4559-a5cb-0af9eb0c95fc\main.py Завершение. Выполняемый шаг: Присвоить значение переменной. id: 3oGjmJ`CaVRVz9#qu*_m
2026-05-23T15:19:45+0300 INFO: C:\Users\Ksenya\Desktop\hakaton\main\resource\cd8d0d8f-eb81-4559-a5cb-0af9eb0c95fc\main.py Старт. Выполняемый шаг: Присвоить значение переменной. id: :kF]*7FA#}yI!L)At3D0
2026-05-23T15:19:45+0300 INFO: C:\Users\Ksenya\Desktop\hakaton\main\resource\cd8d0d8f-eb81-4559-a5cb-0af9eb0c95fc\main.py Выполнение. Выполняемый шаг: Присвоить значение переменной. id: :kF]*7FA#}yI!L)At3D0
2026-05-23T15:19:45+0300 INFO: C:\Users\Ksenya\Desktop\hakaton\main\resource\cd8d0d8f-eb81-4559-a5cb-0af9eb0c95fc\main.py Завершение. Выполняемый шаг: Присвоить значение переменной. id: :kF]*7FA#}yI!L)At3D0
2026-05-23T15:19:45+0300 INFO: C:\Users\Ksenya\Desktop\hakaton\main\resource\cd8d0d8f-eb81-4559-a5cb-0af9eb0c95fc\main.py Отправляю запрос в 1С
2026-05-23T15:19:45+0300 INFO: C:\Users\Ksenya\Desktop\hakaton\main\resource\cd8d0d8f-eb81-4559-a5cb-0af9eb0c95fc\main.py Старт. Выполняемый шаг: Присвоить значение переменной. id: 5Ew%Wt$JK+7d7TXLxId_
2026-05-23T15:19:45+0300 INFO: C:\Users\Ksenya\Desktop\hakaton\main\resource\cd8d0d8f-eb81-4559-a5cb-0af9eb0c95fc\main.py Выполнение. Выполняемый шаг: Присвоить значение переменной. id: 5Ew%Wt$JK+7d7TXLxId_
2026-05-23T15:19:45+0300 INFO: C:\Users\Ksenya\Desktop\hakaton\main\resource\cd8d0d8f-eb81-4559-a5cb-0af9eb0c95fc\main.py Старт. Выполняемый шаг: Создать сессию браузера. id: 4#bM-7PYt%bTkrSh8bfZ
2026-05-23T15:19:51+0300 INFO: C:\Users\Ksenya\Desktop\hakaton\main\resource\cd8d0d8f-eb81-4559-a5cb-0af9eb0c95fc\main.py Завершение. Выполняемый шаг: Создать сессию браузера. id: 4#bM-7PYt%bTkrSh8bfZ
2026-05-23T15:19:51+0300 INFO: C:\Users\Ksenya\Desktop\hakaton\main\resource\cd8d0d8f-eb81-4559-a5cb-0af9eb0c95fc\main.py Завершение. Выполняемый шаг: Присвоить значение переменной. id: 5Ew%Wt$JK+7d7TXLxId_
2026-05-23T15:19:51+0300 INFO: C:\Users\Ksenya\Desktop\hakaton\main\resource\cd8d0d8f-eb81-4559-a5cb-0af9eb0c95fc\main.py Старт. Выполняемый шаг: Открыть страницу в браузере. id: _{QT4zD{Fqs69!/:|#zp
2026-05-23T15:19:51+0300 INFO: C:\Users\Ksenya\Desktop\hakaton\main\resource\cd8d0d8f-eb81-4559-a5cb-0af9eb0c95fc\main.py Выполнение. Выполняемый шаг: Открыть страницу в браузере. id: _{QT4zD{Fqs69!/:|#zp
2026-05-23T15:19:53+0300 INFO: C:\Users\Ksenya\Desktop\hakaton\main\resource\cd8d0d8f-eb81-4559-a5cb-0af9eb0c95fc\main.py Завершение. Выполняемый шаг: Открыть страницу в браузере. id: _{QT4zD{Fqs69!/:|#zp
2026-05-23T15:19:53+0300 INFO: C:\Users\Ksenya\Desktop\hakaton\main\resource\cd8d0d8f-eb81-4559-a5cb-0af9eb0c95fc\main.py Старт. Выполняемый шаг: Задержка. id: ??=,o)g^!HRb+gO2+Wzh
2026-05-23T15:19:53+0300 INFO: C:\Users\Ksenya\Desktop\hakaton\main\resource\cd8d0d8f-eb81-4559-a5cb-0af9eb0c95fc\main.py Выполнение. Выполняемый шаг: Задержка. id: ??=,o)g^!HRb+gO2+Wzh
2026-05-23T15:19:53+0300 INFO: C:\Users\Ksenya\Desktop\hakaton\main\resource\cd8d0d8f-eb81-4559-a5cb-0af9eb0c95fc\main.py Старт. Выполняемый шаг: Преобразовать строку в число. id: {Rsp$JX%Cwa].U=6UmD=
2026-05-23T15:19:53+0300 INFO: C:\Users\Ksenya\Desktop\hakaton\main\resource\cd8d0d8f-eb81-4559-a5cb-0af9eb0c95fc\main.py Завершение. Выполняемый шаг: Преобразовать строку в число. id: {Rsp$JX%Cwa].U=6UmD=
2026-05-23T15:19:56+0300 INFO: C:\Users\Ksenya\Desktop\hakaton\main\resource\cd8d0d8f-eb81-4559-a5cb-0af9eb0c95fc\main.py Завершение. Выполняемый шаг: Задержка. id: ??=,o)g^!HRb+gO2+Wzh
2026-05-23T15:19:56+0300 INFO: C:\Users\Ksenya\Desktop\hakaton\main\resource\cd8d0d8f-eb81-4559-a5cb-0af9eb0c95fc\main.py Старт. Выполняемый шаг: Клик по Web-элементу. id: EBp7HZH}x+19aqf!)2/)
2026-05-23T15:19:56+0300 INFO: C:\Users\Ksenya\Desktop\hakaton\main\resource\cd8d0d8f-eb81-4559-a5cb-0af9eb0c95fc\main.py Выполнение. Выполняемый шаг: Клик по Web-элементу. id: EBp7HZH}x+19aqf!)2/)
2026-05-23T15:19:56+0300 INFO: C:\Users\Ksenya\Desktop\hakaton\main\resource\cd8d0d8f-eb81-4559-a5cb-0af9eb0c95fc\main.py Завершение. Выполняемый шаг: Клик по Web-элементу. id: EBp7HZH}x+19aqf!)2/)
2026-05-23T15:19:56+0300 INFO: C:\Users\Ksenya\Desktop\hakaton\main\resource\cd8d0d8f-eb81-4559-a5cb-0af9eb0c95fc\main.py Старт. Выполняемый шаг: Ввод в веб-сайт. id: %w9B]^SDY]u6w8A[VN]B
2026-05-23T15:19:56+0300 INFO: C:\Users\Ksenya\Desktop\hakaton\main\resource\cd8d0d8f-eb81-4559-a5cb-0af9eb0c95fc\main.py Выполнение. Выполняемый шаг: Ввод в веб-сайт. id: %w9B]^SDY]u6w8A[VN]B
2026-05-23T15:19:56+0300 INFO: C:\Users\Ksenya\Desktop\hakaton\main\resource\cd8d0d8f-eb81-4559-a5cb-0af9eb0c95fc\main.py Завершение. Выполняемый шаг: Ввод в веб-сайт. id: %w9B]^SDY]u6w8A[VN]B
2026-05-23T15:19:56+0300 INFO: C:\Users\Ksenya\Desktop\hakaton\main\resource\cd8d0d8f-eb81-4559-a5cb-0af9eb0c95fc\main.py Старт. Выполняемый шаг: Клик по Web-элементу. id: H6A$`ZrfUnP;M.)V!gP%
2026-05-23T15:19:56+0300 INFO: C:\Users\Ksenya\Desktop\hakaton\main\resource\cd8d0d8f-eb81-4559-a5cb-0af9eb0c95fc\main.py Выполнение. Выполняемый шаг: Клик по Web-элементу. id: H6A$`ZrfUnP;M.)V!gP%
2026-05-23T15:19:57+0300 INFO: C:\Users\Ksenya\Desktop\hakaton\main\resource\cd8d0d8f-eb81-4559-a5cb-0af9eb0c95fc\main.py Завершение. Выполняемый шаг: Клик по Web-элементу. id: H6A$`ZrfUnP;M.)V!gP%
2026-05-23T15:19:57+0300 INFO: C:\Users\Ksenya\Desktop\hakaton\main\resource\cd8d0d8f-eb81-4559-a5cb-0af9eb0c95fc\main.py Старт. Выполняемый шаг: Ввод в веб-сайт. id: y:}|lxK((=67v}qu8Ym-
2026-05-23T15:19:57+0300 INFO: C:\Users\Ksenya\Desktop\hakaton\main\resource\cd8d0d8f-eb81-4559-a5cb-0af9eb0c95fc\main.py Выполнение. Выполняемый шаг: Ввод в веб-сайт. id: y:}|lxK((=67v}qu8Ym-
2026-05-23T15:19:57+0300 INFO: C:\Users\Ksenya\Desktop\hakaton\main\resource\cd8d0d8f-eb81-4559-a5cb-0af9eb0c95fc\main.py Завершение. Выполняемый шаг: Ввод в веб-сайт. id: y:}|lxK((=67v}qu8Ym-
2026-05-23T15:19:57+0300 INFO: C:\Users\Ksenya\Desktop\hakaton\main\resource\cd8d0d8f-eb81-4559-a5cb-0af9eb0c95fc\main.py Старт. Выполняемый шаг: Клик по Web-элементу. id: [Q2@mu?#NQ2xEX2OXYF$
2026-05-23T15:19:57+0300 INFO: C:\Users\Ksenya\Desktop\hakaton\main\resource\cd8d0d8f-eb81-4559-a5cb-0af9eb0c95fc\main.py Выполнение. Выполняемый шаг: Клик по Web-элементу. id: [Q2@mu?#NQ2xEX2OXYF$
2026-05-23T15:19:57+0300 INFO: C:\Users\Ksenya\Desktop\hakaton\main\resource\cd8d0d8f-eb81-4559-a5cb-0af9eb0c95fc\main.py Завершение. Выполняемый шаг: Клик по Web-элементу. id: [Q2@mu?#NQ2xEX2OXYF$
2026-05-23T15:19:57+0300 INFO: C:\Users\Ksenya\Desktop\hakaton\main\resource\cd8d0d8f-eb81-4559-a5cb-0af9eb0c95fc\main.py Старт. Выполняемый шаг: Задержка. id: `^?P,o-StU!YIwW:*51`
2026-05-23T15:19:57+0300 INFO: C:\Users\Ksenya\Desktop\hakaton\main\resource\cd8d0d8f-eb81-4559-a5cb-0af9eb0c95fc\main.py Выполнение. Выполняемый шаг: Задержка. id: `^?P,o-StU!YIwW:*51`
2026-05-23T15:19:57+0300 INFO: C:\Users\Ksenya\Desktop\hakaton\main\resource\cd8d0d8f-eb81-4559-a5cb-0af9eb0c95fc\main.py Старт. Выполняемый шаг: Преобразовать строку в число. id: uw`j?F`+X9C3RI;{kpUw
2026-05-23T15:19:57+0300 INFO: C:\Users\Ksenya\Desktop\hakaton\main\resource\cd8d0d8f-eb81-4559-a5cb-0af9eb0c95fc\main.py Завершение. Выполняемый шаг: Преобразовать строку в число. id: uw`j?F`+X9C3RI;{kpUw
2026-05-23T15:20:00+0300 INFO: C:\Users\Ksenya\Desktop\hakaton\main\resource\cd8d0d8f-eb81-4559-a5cb-0af9eb0c95fc\main.py Завершение. Выполняемый шаг: Задержка. id: `^?P,o-StU!YIwW:*51`
2026-05-23T15:20:00+0300 INFO: C:\Users\Ksenya\Desktop\hakaton\main\resource\cd8d0d8f-eb81-4559-a5cb-0af9eb0c95fc\main.py Старт. Выполняемый шаг: Клик по Web-элементу. id: !*p3azK$H5lkwE@DW$s_
2026-05-23T15:20:00+0300 INFO: C:\Users\Ksenya\Desktop\hakaton\main\resource\cd8d0d8f-eb81-4559-a5cb-0af9eb0c95fc\main.py Выполнение. Выполняемый шаг: Клик по Web-элементу. id: !*p3azK$H5lkwE@DW$s_
2026-05-23T15:20:15+0300 INFO: C:\Users\Ksenya\Desktop\hakaton\main\resource\cd8d0d8f-eb81-4559-a5cb-0af9eb0c95fc\main.py Завершение. Выполняемый шаг: Клик по Web-элементу. id: !*p3azK$H5lkwE@DW$s_
2026-05-23T15:20:15+0300 INFO: C:\Users\Ksenya\Desktop\hakaton\main\resource\cd8d0d8f-eb81-4559-a5cb-0af9eb0c95fc\main.py Старт. Выполняемый шаг: Клик по Web-элементу. id: ]8Xi8xyWQkijnuXN/Mwn
2026-05-23T15:20:15+0300 INFO: C:\Users\Ksenya\Desktop\hakaton\main\resource\cd8d0d8f-eb81-4559-a5cb-0af9eb0c95fc\main.py Выполнение. Выполняемый шаг: Клик по Web-элементу. id: ]8Xi8xyWQkijnuXN/Mwn
2026-05-23T15:20:16+0300 ERROR: C:\Users\Ksenya\Desktop\hakaton\main\resource\cd8d0d8f-eb81-4559-a5cb-0af9eb0c95fc\main.py Ошибка выполнения робота
2026-05-23T15:20:16+0300 INFO: C:\Users\Ksenya\Desktop\hakaton\main\resource\cd8d0d8f-eb81-4559-a5cb-0af9eb0c95fc\main.py Завершение. Выполняемый шаг: Обработка ошибки. id: E(ohZ?TiZWX5;}Gqu-r,
2026-05-23T15:20:16+0300 INFO: Завершение работы робота: C:\Users\Ksenya\Desktop\hakaton\main\resource\cd8d0d8f-eb81-4559-a5cb-0af9eb0c95fc\main.py
2026-05-23T15:20:27+0300 INFO: Старт робота: C:\Users\Ksenya\Desktop\hakaton\main\resource\7658edd7-4916-4537-9305-22c8fef2ef96\main.py
2026-05-23T15:20:27+0300 INFO: C:\Users\Ksenya\Desktop\hakaton\main\resource\7658edd7-4916-4537-9305-22c8fef2ef96\main.py Старт. Выполняемый шаг: Обработка ошибки. id: E(ohZ?TiZWX5;}Gqu-r,
2026-05-23T15:20:29+0300 INFO: C:\Users\Ksenya\Desktop\hakaton\main\resource\7658edd7-4916-4537-9305-22c8fef2ef96\main.py Выполнение. Выполняемый шаг: Обработка ошибки. id: E(ohZ?TiZWX5;}Gqu-r,
2026-05-23T15:20:29+0300 INFO: C:\Users\Ksenya\Desktop\hakaton\main\resource\7658edd7-4916-4537-9305-22c8fef2ef96\main.py Робот запущен
2026-05-23T15:20:29+0300 INFO: C:\Users\Ksenya\Desktop\hakaton\main\resource\7658edd7-4916-4537-9305-22c8fef2ef96\main.py Старт. Выполняемый шаг: Присвоить значение переменной. id: uT8K_dR,wNXk4m?dkCsM
2026-05-23T15:20:30+0300 INFO: C:\Users\Ksenya\Desktop\hakaton\main\resource\7658edd7-4916-4537-9305-22c8fef2ef96\main.py Выполнение. Выполняемый шаг: Присвоить значение переменной. id: uT8K_dR,wNXk4m?dkCsM
2026-05-23T15:20:30+0300 INFO: C:\Users\Ksenya\Desktop\hakaton\main\resource\7658edd7-4916-4537-9305-22c8fef2ef96\main.py Завершение. Выполняемый шаг: Присвоить значение переменной. id: uT8K_dR,wNXk4m?dkCsM
2026-05-23T15:20:30+0300 INFO: C:\Users\Ksenya\Desktop\hakaton\main\resource\7658edd7-4916-4537-9305-22c8fef2ef96\main.py Старт. Выполняемый шаг: Присвоить значение переменной. id: :MAZ.Rz62:ZsFDl7vQQJ
2026-05-23T15:20:30+0300 INFO: C:\Users\Ksenya\Desktop\hakaton\main\resource\7658edd7-4916-4537-9305-22c8fef2ef96\main.py Выполнение. Выполняемый шаг: Присвоить значение переменной. id: :MAZ.Rz62:ZsFDl7vQQJ
2026-05-23T15:20:30+0300 INFO: C:\Users\Ksenya\Desktop\hakaton\main\resource\7658edd7-4916-4537-9305-22c8fef2ef96\main.py Завершение. Выполняемый шаг: Присвоить значение переменной. id: :MAZ.Rz62:ZsFDl7vQQJ
2026-05-23T15:20:30+0300 INFO: C:\Users\Ksenya\Desktop\hakaton\main\resource\7658edd7-4916-4537-9305-22c8fef2ef96\main.py Старт. Выполняемый шаг: Присвоить значение переменной. id: WBqw15|Z#}dx_{yM[UJS
2026-05-23T15:20:30+0300 INFO: C:\Users\Ksenya\Desktop\hakaton\main\resource\7658edd7-4916-4537-9305-22c8fef2ef96\main.py Выполнение. Выполняемый шаг: Присвоить значение переменной. id: WBqw15|Z#}dx_{yM[UJS
2026-05-23T15:20:30+0300 INFO: C:\Users\Ksenya\Desktop\hakaton\main\resource\7658edd7-4916-4537-9305-22c8fef2ef96\main.py Завершение. Выполняемый шаг: Присвоить значение переменной. id: WBqw15|Z#}dx_{yM[UJS
2026-05-23T15:20:30+0300 INFO: C:\Users\Ksenya\Desktop\hakaton\main\resource\7658edd7-4916-4537-9305-22c8fef2ef96\main.py Старт. Выполняемый шаг: Присвоить значение переменной. id: ZD}VS]B8yU%7IR$_1:gx
2026-05-23T15:20:30+0300 INFO: C:\Users\Ksenya\Desktop\hakaton\main\resource\7658edd7-4916-4537-9305-22c8fef2ef96\main.py Выполнение. Выполняемый шаг: Присвоить значение переменной. id: ZD}VS]B8yU%7IR$_1:gx
2026-05-23T15:20:30+0300 INFO: C:\Users\Ksenya\Desktop\hakaton\main\resource\7658edd7-4916-4537-9305-22c8fef2ef96\main.py Старт. Выполняемый шаг: Прочитать файл. id: h-7qLFMP}Ex#VZ)Ao@jd
2026-05-23T15:20:30+0300 INFO: C:\Users\Ksenya\Desktop\hakaton\main\resource\7658edd7-4916-4537-9305-22c8fef2ef96\main.py Завершение. Выполняемый шаг: Прочитать файл. id: h-7qLFMP}Ex#VZ)Ao@jd
2026-05-23T15:20:30+0300 INFO: C:\Users\Ksenya\Desktop\hakaton\main\resource\7658edd7-4916-4537-9305-22c8fef2ef96\main.py Завершение. Выполняемый шаг: Присвоить значение переменной. id: ZD}VS]B8yU%7IR$_1:gx
2026-05-23T15:20:30+0300 INFO: C:\Users\Ksenya\Desktop\hakaton\main\resource\7658edd7-4916-4537-9305-22c8fef2ef96\main.py Старт. Выполняемый шаг: Присвоить значение переменной. id: ^0R|78#C*6Lo31|B;%K9
2026-05-23T15:20:30+0300 INFO: C:\Users\Ksenya\Desktop\hakaton\main\resource\7658edd7-4916-4537-9305-22c8fef2ef96\main.py Выполнение. Выполняемый шаг: Присвоить значение переменной. id: ^0R|78#C*6Lo31|B;%K9
2026-05-23T15:20:30+0300 INFO: C:\Users\Ksenya\Desktop\hakaton\main\resource\7658edd7-4916-4537-9305-22c8fef2ef96\main.py Завершение. Выполняемый шаг: Присвоить значение переменной. id: ^0R|78#C*6Lo31|B;%K9
2026-05-23T15:20:30+0300 INFO: C:\Users\Ksenya\Desktop\hakaton\main\resource\7658edd7-4916-4537-9305-22c8fef2ef96\main.py Старт. Выполняемый шаг: Присвоить значение переменной. id: p$O:QoI+|4ux$8{ysFr:
2026-05-23T15:20:30+0300 INFO: C:\Users\Ksenya\Desktop\hakaton\main\resource\7658edd7-4916-4537-9305-22c8fef2ef96\main.py Выполнение. Выполняемый шаг: Присвоить значение переменной. id: p$O:QoI+|4ux$8{ysFr:
2026-05-23T15:20:30+0300 INFO: C:\Users\Ksenya\Desktop\hakaton\main\resource\7658edd7-4916-4537-9305-22c8fef2ef96\main.py Завершение. Выполняемый шаг: Присвоить значение переменной. id: p$O:QoI+|4ux$8{ysFr:
2026-05-23T15:20:30+0300 INFO: C:\Users\Ksenya\Desktop\hakaton\main\resource\7658edd7-4916-4537-9305-22c8fef2ef96\main.py Старт. Выполняемый шаг: Присвоить значение переменной. id: ]Nwow_`34-zY1snYsMa=
2026-05-23T15:20:30+0300 INFO: C:\Users\Ksenya\Desktop\hakaton\main\resource\7658edd7-4916-4537-9305-22c8fef2ef96\main.py Выполнение. Выполняемый шаг: Присвоить значение переменной. id: ]Nwow_`34-zY1snYsMa=
2026-05-23T15:20:30+0300 INFO: C:\Users\Ksenya\Desktop\hakaton\main\resource\7658edd7-4916-4537-9305-22c8fef2ef96\main.py Завершение. Выполняемый шаг: Присвоить значение переменной. id: ]Nwow_`34-zY1snYsMa=
2026-05-23T15:20:30+0300 INFO: C:\Users\Ksenya\Desktop\hakaton\main\resource\7658edd7-4916-4537-9305-22c8fef2ef96\main.py Старт. Выполняемый шаг: Присвоить значение переменной. id: 7qHD^~+B#bUSw)9hi;V5
2026-05-23T15:20:30+0300 INFO: C:\Users\Ksenya\Desktop\hakaton\main\resource\7658edd7-4916-4537-9305-22c8fef2ef96\main.py Выполнение. Выполняемый шаг: Присвоить значение переменной. id: 7qHD^~+B#bUSw)9hi;V5
2026-05-23T15:20:30+0300 INFO: C:\Users\Ksenya\Desktop\hakaton\main\resource\7658edd7-4916-4537-9305-22c8fef2ef96\main.py Завершение. Выполняемый шаг: Присвоить значение переменной. id: 7qHD^~+B#bUSw)9hi;V5
2026-05-23T15:20:30+0300 INFO: C:\Users\Ksenya\Desktop\hakaton\main\resource\7658edd7-4916-4537-9305-22c8fef2ef96\main.py Старт. Выполняемый шаг: Присвоить значение переменной. id: 3oGjmJ`CaVRVz9#qu*_m
2026-05-23T15:20:30+0300 INFO: C:\Users\Ksenya\Desktop\hakaton\main\resource\7658edd7-4916-4537-9305-22c8fef2ef96\main.py Выполнение. Выполняемый шаг: Присвоить значение переменной. id: 3oGjmJ`CaVRVz9#qu*_m
2026-05-23T15:20:30+0300 INFO: C:\Users\Ksenya\Desktop\hakaton\main\resource\7658edd7-4916-4537-9305-22c8fef2ef96\main.py Завершение. Выполняемый шаг: Присвоить значение переменной. id: 3oGjmJ`CaVRVz9#qu*_m
2026-05-23T15:20:30+0300 INFO: C:\Users\Ksenya\Desktop\hakaton\main\resource\7658edd7-4916-4537-9305-22c8fef2ef96\main.py Старт. Выполняемый шаг: Присвоить значение переменной. id: :kF]*7FA#}yI!L)At3D0
2026-05-23T15:20:30+0300 INFO: C:\Users\Ksenya\Desktop\hakaton\main\resource\7658edd7-4916-4537-9305-22c8fef2ef96\main.py Выполнение. Выполняемый шаг: Присвоить значение переменной. id: :kF]*7FA#}yI!L)At3D0
2026-05-23T15:20:30+0300 INFO: C:\Users\Ksenya\Desktop\hakaton\main\resource\7658edd7-4916-4537-9305-22c8fef2ef96\main.py Завершение. Выполняемый шаг: Присвоить значение переменной. id: :kF]*7FA#}yI!L)At3D0
2026-05-23T15:20:30+0300 INFO: C:\Users\Ksenya\Desktop\hakaton\main\resource\7658edd7-4916-4537-9305-22c8fef2ef96\main.py Отправляю запрос в 1С
2026-05-23T15:20:30+0300 INFO: C:\Users\Ksenya\Desktop\hakaton\main\resource\7658edd7-4916-4537-9305-22c8fef2ef96\main.py Старт. Выполняемый шаг: Присвоить значение переменной. id: 5Ew%Wt$JK+7d7TXLxId_
2026-05-23T15:20:30+0300 INFO: C:\Users\Ksenya\Desktop\hakaton\main\resource\7658edd7-4916-4537-9305-22c8fef2ef96\main.py Выполнение. Выполняемый шаг: Присвоить значение переменной. id: 5Ew%Wt$JK+7d7TXLxId_
2026-05-23T15:20:30+0300 INFO: C:\Users\Ksenya\Desktop\hakaton\main\resource\7658edd7-4916-4537-9305-22c8fef2ef96\main.py Старт. Выполняемый шаг: Создать сессию браузера. id: 4#bM-7PYt%bTkrSh8bfZ
2026-05-23T15:20:36+0300 INFO: C:\Users\Ksenya\Desktop\hakaton\main\resource\7658edd7-4916-4537-9305-22c8fef2ef96\main.py Завершение. Выполняемый шаг: Создать сессию браузера. id: 4#bM-7PYt%bTkrSh8bfZ
2026-05-23T15:20:36+0300 INFO: C:\Users\Ksenya\Desktop\hakaton\main\resource\7658edd7-4916-4537-9305-22c8fef2ef96\main.py Завершение. Выполняемый шаг: Присвоить значение переменной. id: 5Ew%Wt$JK+7d7TXLxId_
2026-05-23T15:20:36+0300 INFO: C:\Users\Ksenya\Desktop\hakaton\main\resource\7658edd7-4916-4537-9305-22c8fef2ef96\main.py Старт. Выполняемый шаг: Открыть страницу в браузере. id: _{QT4zD{Fqs69!/:|#zp
2026-05-23T15:20:36+0300 INFO: C:\Users\Ksenya\Desktop\hakaton\main\resource\7658edd7-4916-4537-9305-22c8fef2ef96\main.py Выполнение. Выполняемый шаг: Открыть страницу в браузере. id: _{QT4zD{Fqs69!/:|#zp
2026-05-23T15:20:38+0300 INFO: C:\Users\Ksenya\Desktop\hakaton\main\resource\7658edd7-4916-4537-9305-22c8fef2ef96\main.py Завершение. Выполняемый шаг: Открыть страницу в браузере. id: _{QT4zD{Fqs69!/:|#zp
2026-05-23T15:20:38+0300 INFO: C:\Users\Ksenya\Desktop\hakaton\main\resource\7658edd7-4916-4537-9305-22c8fef2ef96\main.py Старт. Выполняемый шаг: Задержка. id: ??=,o)g^!HRb+gO2+Wzh
2026-05-23T15:20:38+0300 INFO: C:\Users\Ksenya\Desktop\hakaton\main\resource\7658edd7-4916-4537-9305-22c8fef2ef96\main.py Выполнение. Выполняемый шаг: Задержка. id: ??=,o)g^!HRb+gO2+Wzh
2026-05-23T15:20:38+0300 INFO: C:\Users\Ksenya\Desktop\hakaton\main\resource\7658edd7-4916-4537-9305-22c8fef2ef96\main.py Старт. Выполняемый шаг: Преобразовать строку в число. id: {Rsp$JX%Cwa].U=6UmD=
2026-05-23T15:20:38+0300 INFO: C:\Users\Ksenya\Desktop\hakaton\main\resource\7658edd7-4916-4537-9305-22c8fef2ef96\main.py Завершение. Выполняемый шаг: Преобразовать строку в число. id: {Rsp$JX%Cwa].U=6UmD=
2026-05-23T15:20:41+0300 INFO: C:\Users\Ksenya\Desktop\hakaton\main\resource\7658edd7-4916-4537-9305-22c8fef2ef96\main.py Завершение. Выполняемый шаг: Задержка. id: ??=,o)g^!HRb+gO2+Wzh
2026-05-23T15:20:41+0300 INFO: C:\Users\Ksenya\Desktop\hakaton\main\resource\7658edd7-4916-4537-9305-22c8fef2ef96\main.py Старт. Выполняемый шаг: Клик по Web-элементу. id: EBp7HZH}x+19aqf!)2/)
2026-05-23T15:20:41+0300 INFO: C:\Users\Ksenya\Desktop\hakaton\main\resource\7658edd7-4916-4537-9305-22c8fef2ef96\main.py Выполнение. Выполняемый шаг: Клик по Web-элементу. id: EBp7HZH}x+19aqf!)2/)
2026-05-23T15:20:41+0300 INFO: C:\Users\Ksenya\Desktop\hakaton\main\resource\7658edd7-4916-4537-9305-22c8fef2ef96\main.py Завершение. Выполняемый шаг: Клик по Web-элементу. id: EBp7HZH}x+19aqf!)2/)
2026-05-23T15:20:41+0300 INFO: C:\Users\Ksenya\Desktop\hakaton\main\resource\7658edd7-4916-4537-9305-22c8fef2ef96\main.py Старт. Выполняемый шаг: Ввод в веб-сайт. id: %w9B]^SDY]u6w8A[VN]B
2026-05-23T15:20:41+0300 INFO: C:\Users\Ksenya\Desktop\hakaton\main\resource\7658edd7-4916-4537-9305-22c8fef2ef96\main.py Выполнение. Выполняемый шаг: Ввод в веб-сайт. id: %w9B]^SDY]u6w8A[VN]B
2026-05-23T15:20:42+0300 INFO: C:\Users\Ksenya\Desktop\hakaton\main\resource\7658edd7-4916-4537-9305-22c8fef2ef96\main.py Завершение. Выполняемый шаг: Ввод в веб-сайт. id: %w9B]^SDY]u6w8A[VN]B
2026-05-23T15:20:42+0300 INFO: C:\Users\Ksenya\Desktop\hakaton\main\resource\7658edd7-4916-4537-9305-22c8fef2ef96\main.py Старт. Выполняемый шаг: Клик по Web-элементу. id: H6A$`ZrfUnP;M.)V!gP%
2026-05-23T15:20:42+0300 INFO: C:\Users\Ksenya\Desktop\hakaton\main\resource\7658edd7-4916-4537-9305-22c8fef2ef96\main.py Выполнение. Выполняемый шаг: Клик по Web-элементу. id: H6A$`ZrfUnP;M.)V!gP%
2026-05-23T15:20:42+0300 INFO: C:\Users\Ksenya\Desktop\hakaton\main\resource\7658edd7-4916-4537-9305-22c8fef2ef96\main.py Завершение. Выполняемый шаг: Клик по Web-элементу. id: H6A$`ZrfUnP;M.)V!gP%
2026-05-23T15:20:42+0300 INFO: C:\Users\Ksenya\Desktop\hakaton\main\resource\7658edd7-4916-4537-9305-22c8fef2ef96\main.py Старт. Выполняемый шаг: Ввод в веб-сайт. id: y:}|lxK((=67v}qu8Ym-
2026-05-23T15:20:42+0300 INFO: C:\Users\Ksenya\Desktop\hakaton\main\resource\7658edd7-4916-4537-9305-22c8fef2ef96\main.py Выполнение. Выполняемый шаг: Ввод в веб-сайт. id: y:}|lxK((=67v}qu8Ym-
2026-05-23T15:20:42+0300 INFO: C:\Users\Ksenya\Desktop\hakaton\main\resource\7658edd7-4916-4537-9305-22c8fef2ef96\main.py Завершение. Выполняемый шаг: Ввод в веб-сайт. id: y:}|lxK((=67v}qu8Ym-
2026-05-23T15:20:42+0300 INFO: C:\Users\Ksenya\Desktop\hakaton\main\resource\7658edd7-4916-4537-9305-22c8fef2ef96\main.py Старт. Выполняемый шаг: Клик по Web-элементу. id: [Q2@mu?#NQ2xEX2OXYF$
2026-05-23T15:20:42+0300 INFO: C:\Users\Ksenya\Desktop\hakaton\main\resource\7658edd7-4916-4537-9305-22c8fef2ef96\main.py Выполнение. Выполняемый шаг: Клик по Web-элементу. id: [Q2@mu?#NQ2xEX2OXYF$
2026-05-23T15:20:43+0300 INFO: C:\Users\Ksenya\Desktop\hakaton\main\resource\7658edd7-4916-4537-9305-22c8fef2ef96\main.py Завершение. Выполняемый шаг: Клик по Web-элементу. id: [Q2@mu?#NQ2xEX2OXYF$
2026-05-23T15:20:43+0300 INFO: C:\Users\Ksenya\Desktop\hakaton\main\resource\7658edd7-4916-4537-9305-22c8fef2ef96\main.py Старт. Выполняемый шаг: Задержка. id: `^?P,o-StU!YIwW:*51`
2026-05-23T15:20:43+0300 INFO: C:\Users\Ksenya\Desktop\hakaton\main\resource\7658edd7-4916-4537-9305-22c8fef2ef96\main.py Выполнение. Выполняемый шаг: Задержка. id: `^?P,o-StU!YIwW:*51`
2026-05-23T15:20:43+0300 INFO: C:\Users\Ksenya\Desktop\hakaton\main\resource\7658edd7-4916-4537-9305-22c8fef2ef96\main.py Старт. Выполняемый шаг: Преобразовать строку в число. id: uw`j?F`+X9C3RI;{kpUw
2026-05-23T15:20:43+0300 INFO: C:\Users\Ksenya\Desktop\hakaton\main\resource\7658edd7-4916-4537-9305-22c8fef2ef96\main.py Завершение. Выполняемый шаг: Преобразовать строку в число. id: uw`j?F`+X9C3RI;{kpUw
2026-05-23T15:20:46+0300 INFO: C:\Users\Ksenya\Desktop\hakaton\main\resource\7658edd7-4916-4537-9305-22c8fef2ef96\main.py Завершение. Выполняемый шаг: Задержка. id: `^?P,o-StU!YIwW:*51`
2026-05-23T15:20:46+0300 INFO: C:\Users\Ksenya\Desktop\hakaton\main\resource\7658edd7-4916-4537-9305-22c8fef2ef96\main.py Старт. Выполняемый шаг: Клик по Web-элементу. id: !*p3azK$H5lkwE@DW$s_
2026-05-23T15:21:06+0300 INFO: C:\Users\Ksenya\Desktop\hakaton\main\resource\7658edd7-4916-4537-9305-22c8fef2ef96\main.py Выполнение. Выполняемый шаг: Клик по Web-элементу. id: !*p3azK$H5lkwE@DW$s_
2026-05-23T15:21:06+0300 INFO: C:\Users\Ksenya\Desktop\hakaton\main\resource\7658edd7-4916-4537-9305-22c8fef2ef96\main.py Завершение. Выполняемый шаг: Клик по Web-элементу. id: !*p3azK$H5lkwE@DW$s_
2026-05-23T15:21:06+0300 INFO: C:\Users\Ksenya\Desktop\hakaton\main\resource\7658edd7-4916-4537-9305-22c8fef2ef96\main.py Старт. Выполняемый шаг: Клик по Web-элементу. id: ]8Xi8xyWQkijnuXN/Mwn
2026-05-23T15:21:09+0300 INFO: C:\Users\Ksenya\Desktop\hakaton\main\resource\7658edd7-4916-4537-9305-22c8fef2ef96\main.py Выполнение. Выполняемый шаг: Клик по Web-элементу. id: ]8Xi8xyWQkijnuXN/Mwn
2026-05-23T15:21:09+0300 INFO: C:\Users\Ksenya\Desktop\hakaton\main\resource\7658edd7-4916-4537-9305-22c8fef2ef96\main.py Завершение. Выполняемый шаг: Клик по Web-элементу. id: ]8Xi8xyWQkijnuXN/Mwn
2026-05-23T15:21:09+0300 INFO: C:\Users\Ksenya\Desktop\hakaton\main\resource\7658edd7-4916-4537-9305-22c8fef2ef96\main.py Старт. Выполняемый шаг: Клик по Web-элементу. id: 2|)*w/x[i^%Clh|4N/:Z
2026-05-23T15:21:13+0300 INFO: C:\Users\Ksenya\Desktop\hakaton\main\resource\7658edd7-4916-4537-9305-22c8fef2ef96\main.py Выполнение. Выполняемый шаг: Клик по Web-элементу. id: 2|)*w/x[i^%Clh|4N/:Z
2026-05-23T15:23:13+0300 INFO: Старт робота: C:\Users\Ksenya\Desktop\hakaton\main\resource\9e3a1168-c3e1-49f1-92db-0d9b1eab3406\main.py
2026-05-23T15:23:13+0300 INFO: C:\Users\Ksenya\Desktop\hakaton\main\resource\9e3a1168-c3e1-49f1-92db-0d9b1eab3406\main.py Старт. Выполняемый шаг: Обработка ошибки. id: E(ohZ?TiZWX5;}Gqu-r,
2026-05-23T15:23:13+0300 INFO: C:\Users\Ksenya\Desktop\hakaton\main\resource\9e3a1168-c3e1-49f1-92db-0d9b1eab3406\main.py Выполнение. Выполняемый шаг: Обработка ошибки. id: E(ohZ?TiZWX5;}Gqu-r,
2026-05-23T15:23:13+0300 INFO: C:\Users\Ksenya\Desktop\hakaton\main\resource\9e3a1168-c3e1-49f1-92db-0d9b1eab3406\main.py Робот запущен
2026-05-23T15:23:13+0300 INFO: C:\Users\Ksenya\Desktop\hakaton\main\resource\9e3a1168-c3e1-49f1-92db-0d9b1eab3406\main.py Старт. Выполняемый шаг: Присвоить значение переменной. id: uT8K_dR,wNXk4m?dkCsM
2026-05-23T15:23:14+0300 INFO: C:\Users\Ksenya\Desktop\hakaton\main\resource\9e3a1168-c3e1-49f1-92db-0d9b1eab3406\main.py Выполнение. Выполняемый шаг: Присвоить значение переменной. id: uT8K_dR,wNXk4m?dkCsM
2026-05-23T15:23:14+0300 INFO: C:\Users\Ksenya\Desktop\hakaton\main\resource\9e3a1168-c3e1-49f1-92db-0d9b1eab3406\main.py Завершение. Выполняемый шаг: Присвоить значение переменной. id: uT8K_dR,wNXk4m?dkCsM
2026-05-23T15:23:14+0300 INFO: C:\Users\Ksenya\Desktop\hakaton\main\resource\9e3a1168-c3e1-49f1-92db-0d9b1eab3406\main.py Старт. Выполняемый шаг: Присвоить значение переменной. id: :MAZ.Rz62:ZsFDl7vQQJ
2026-05-23T15:23:14+0300 INFO: C:\Users\Ksenya\Desktop\hakaton\main\resource\9e3a1168-c3e1-49f1-92db-0d9b1eab3406\main.py Выполнение. Выполняемый шаг: Присвоить значение переменной. id: :MAZ.Rz62:ZsFDl7vQQJ
2026-05-23T15:23:14+0300 INFO: C:\Users\Ksenya\Desktop\hakaton\main\resource\9e3a1168-c3e1-49f1-92db-0d9b1eab3406\main.py Завершение. Выполняемый шаг: Присвоить значение переменной. id: :MAZ.Rz62:ZsFDl7vQQJ
2026-05-23T15:23:14+0300 INFO: C:\Users\Ksenya\Desktop\hakaton\main\resource\9e3a1168-c3e1-49f1-92db-0d9b1eab3406\main.py Старт. Выполняемый шаг: Присвоить значение переменной. id: WBqw15|Z#}dx_{yM[UJS
2026-05-23T15:23:14+0300 INFO: C:\Users\Ksenya\Desktop\hakaton\main\resource\9e3a1168-c3e1-49f1-92db-0d9b1eab3406\main.py Выполнение. Выполняемый шаг: Присвоить значение переменной. id: WBqw15|Z#}dx_{yM[UJS
2026-05-23T15:23:14+0300 INFO: C:\Users\Ksenya\Desktop\hakaton\main\resource\9e3a1168-c3e1-49f1-92db-0d9b1eab3406\main.py Завершение. Выполняемый шаг: Присвоить значение переменной. id: WBqw15|Z#}dx_{yM[UJS
2026-05-23T15:23:14+0300 INFO: C:\Users\Ksenya\Desktop\hakaton\main\resource\9e3a1168-c3e1-49f1-92db-0d9b1eab3406\main.py Старт. Выполняемый шаг: Присвоить значение переменной. id: ZD}VS]B8yU%7IR$_1:gx
2026-05-23T15:23:14+0300 INFO: C:\Users\Ksenya\Desktop\hakaton\main\resource\9e3a1168-c3e1-49f1-92db-0d9b1eab3406\main.py Выполнение. Выполняемый шаг: Присвоить значение переменной. id: ZD}VS]B8yU%7IR$_1:gx
2026-05-23T15:23:14+0300 INFO: C:\Users\Ksenya\Desktop\hakaton\main\resource\9e3a1168-c3e1-49f1-92db-0d9b1eab3406\main.py Старт. Выполняемый шаг: Прочитать файл. id: h-7qLFMP}Ex#VZ)Ao@jd
2026-05-23T15:23:14+0300 INFO: C:\Users\Ksenya\Desktop\hakaton\main\resource\9e3a1168-c3e1-49f1-92db-0d9b1eab3406\main.py Завершение. Выполняемый шаг: Прочитать файл. id: h-7qLFMP}Ex#VZ)Ao@jd
2026-05-23T15:23:14+0300 INFO: C:\Users\Ksenya\Desktop\hakaton\main\resource\9e3a1168-c3e1-49f1-92db-0d9b1eab3406\main.py Завершение. Выполняемый шаг: Присвоить значение переменной. id: ZD}VS]B8yU%7IR$_1:gx
2026-05-23T15:23:14+0300 INFO: C:\Users\Ksenya\Desktop\hakaton\main\resource\9e3a1168-c3e1-49f1-92db-0d9b1eab3406\main.py Старт. Выполняемый шаг: Присвоить значение переменной. id: ^0R|78#C*6Lo31|B;%K9
2026-05-23T15:23:14+0300 INFO: C:\Users\Ksenya\Desktop\hakaton\main\resource\9e3a1168-c3e1-49f1-92db-0d9b1eab3406\main.py Выполнение. Выполняемый шаг: Присвоить значение переменной. id: ^0R|78#C*6Lo31|B;%K9
2026-05-23T15:23:14+0300 INFO: C:\Users\Ksenya\Desktop\hakaton\main\resource\9e3a1168-c3e1-49f1-92db-0d9b1eab3406\main.py Завершение. Выполняемый шаг: Присвоить значение переменной. id: ^0R|78#C*6Lo31|B;%K9
2026-05-23T15:23:14+0300 INFO: C:\Users\Ksenya\Desktop\hakaton\main\resource\9e3a1168-c3e1-49f1-92db-0d9b1eab3406\main.py Старт. Выполняемый шаг: Присвоить значение переменной. id: p$O:QoI+|4ux$8{ysFr:
2026-05-23T15:23:14+0300 INFO: C:\Users\Ksenya\Desktop\hakaton\main\resource\9e3a1168-c3e1-49f1-92db-0d9b1eab3406\main.py Выполнение. Выполняемый шаг: Присвоить значение переменной. id: p$O:QoI+|4ux$8{ysFr:
2026-05-23T15:23:14+0300 INFO: C:\Users\Ksenya\Desktop\hakaton\main\resource\9e3a1168-c3e1-49f1-92db-0d9b1eab3406\main.py Завершение. Выполняемый шаг: Присвоить значение переменной. id: p$O:QoI+|4ux$8{ysFr:
2026-05-23T15:23:14+0300 INFO: C:\Users\Ksenya\Desktop\hakaton\main\resource\9e3a1168-c3e1-49f1-92db-0d9b1eab3406\main.py Старт. Выполняемый шаг: Присвоить значение переменной. id: ]Nwow_`34-zY1snYsMa=
2026-05-23T15:23:14+0300 INFO: C:\Users\Ksenya\Desktop\hakaton\main\resource\9e3a1168-c3e1-49f1-92db-0d9b1eab3406\main.py Выполнение. Выполняемый шаг: Присвоить значение переменной. id: ]Nwow_`34-zY1snYsMa=
2026-05-23T15:23:14+0300 INFO: C:\Users\Ksenya\Desktop\hakaton\main\resource\9e3a1168-c3e1-49f1-92db-0d9b1eab3406\main.py Завершение. Выполняемый шаг: Присвоить значение переменной. id: ]Nwow_`34-zY1snYsMa=
2026-05-23T15:23:14+0300 INFO: C:\Users\Ksenya\Desktop\hakaton\main\resource\9e3a1168-c3e1-49f1-92db-0d9b1eab3406\main.py Старт. Выполняемый шаг: Присвоить значение переменной. id: 7qHD^~+B#bUSw)9hi;V5
2026-05-23T15:23:14+0300 INFO: C:\Users\Ksenya\Desktop\hakaton\main\resource\9e3a1168-c3e1-49f1-92db-0d9b1eab3406\main.py Выполнение. Выполняемый шаг: Присвоить значение переменной. id: 7qHD^~+B#bUSw)9hi;V5
2026-05-23T15:23:14+0300 INFO: C:\Users\Ksenya\Desktop\hakaton\main\resource\9e3a1168-c3e1-49f1-92db-0d9b1eab3406\main.py Завершение. Выполняемый шаг: Присвоить значение переменной. id: 7qHD^~+B#bUSw)9hi;V5
2026-05-23T15:23:14+0300 INFO: C:\Users\Ksenya\Desktop\hakaton\main\resource\9e3a1168-c3e1-49f1-92db-0d9b1eab3406\main.py Старт. Выполняемый шаг: Присвоить значение переменной. id: 3oGjmJ`CaVRVz9#qu*_m
2026-05-23T15:23:14+0300 INFO: C:\Users\Ksenya\Desktop\hakaton\main\resource\9e3a1168-c3e1-49f1-92db-0d9b1eab3406\main.py Выполнение. Выполняемый шаг: Присвоить значение переменной. id: 3oGjmJ`CaVRVz9#qu*_m
2026-05-23T15:23:14+0300 INFO: C:\Users\Ksenya\Desktop\hakaton\main\resource\9e3a1168-c3e1-49f1-92db-0d9b1eab3406\main.py Завершение. Выполняемый шаг: Присвоить значение переменной. id: 3oGjmJ`CaVRVz9#qu*_m
2026-05-23T15:23:14+0300 INFO: C:\Users\Ksenya\Desktop\hakaton\main\resource\9e3a1168-c3e1-49f1-92db-0d9b1eab3406\main.py Старт. Выполняемый шаг: Присвоить значение переменной. id: :kF]*7FA#}yI!L)At3D0
2026-05-23T15:23:14+0300 INFO: C:\Users\Ksenya\Desktop\hakaton\main\resource\9e3a1168-c3e1-49f1-92db-0d9b1eab3406\main.py Выполнение. Выполняемый шаг: Присвоить значение переменной. id: :kF]*7FA#}yI!L)At3D0
2026-05-23T15:23:14+0300 INFO: C:\Users\Ksenya\Desktop\hakaton\main\resource\9e3a1168-c3e1-49f1-92db-0d9b1eab3406\main.py Завершение. Выполняемый шаг: Присвоить значение переменной. id: :kF]*7FA#}yI!L)At3D0
2026-05-23T15:23:14+0300 INFO: C:\Users\Ksenya\Desktop\hakaton\main\resource\9e3a1168-c3e1-49f1-92db-0d9b1eab3406\main.py Отправляю запрос в 1С
2026-05-23T15:23:14+0300 INFO: C:\Users\Ksenya\Desktop\hakaton\main\resource\9e3a1168-c3e1-49f1-92db-0d9b1eab3406\main.py Старт. Выполняемый шаг: Присвоить значение переменной. id: 5Ew%Wt$JK+7d7TXLxId_
2026-05-23T15:23:14+0300 INFO: C:\Users\Ksenya\Desktop\hakaton\main\resource\9e3a1168-c3e1-49f1-92db-0d9b1eab3406\main.py Выполнение. Выполняемый шаг: Присвоить значение переменной. id: 5Ew%Wt$JK+7d7TXLxId_
2026-05-23T15:23:14+0300 INFO: C:\Users\Ksenya\Desktop\hakaton\main\resource\9e3a1168-c3e1-49f1-92db-0d9b1eab3406\main.py Старт. Выполняемый шаг: Создать сессию браузера. id: 4#bM-7PYt%bTkrSh8bfZ
2026-05-23T15:23:21+0300 INFO: C:\Users\Ksenya\Desktop\hakaton\main\resource\9e3a1168-c3e1-49f1-92db-0d9b1eab3406\main.py Завершение. Выполняемый шаг: Создать сессию браузера. id: 4#bM-7PYt%bTkrSh8bfZ
2026-05-23T15:23:21+0300 INFO: C:\Users\Ksenya\Desktop\hakaton\main\resource\9e3a1168-c3e1-49f1-92db-0d9b1eab3406\main.py Завершение. Выполняемый шаг: Присвоить значение переменной. id: 5Ew%Wt$JK+7d7TXLxId_
2026-05-23T15:23:21+0300 INFO: C:\Users\Ksenya\Desktop\hakaton\main\resource\9e3a1168-c3e1-49f1-92db-0d9b1eab3406\main.py Старт. Выполняемый шаг: Открыть страницу в браузере. id: _{QT4zD{Fqs69!/:|#zp
2026-05-23T15:23:21+0300 INFO: C:\Users\Ksenya\Desktop\hakaton\main\resource\9e3a1168-c3e1-49f1-92db-0d9b1eab3406\main.py Выполнение. Выполняемый шаг: Открыть страницу в браузере. id: _{QT4zD{Fqs69!/:|#zp
2026-05-23T15:23:23+0300 INFO: C:\Users\Ksenya\Desktop\hakaton\main\resource\9e3a1168-c3e1-49f1-92db-0d9b1eab3406\main.py Завершение. Выполняемый шаг: Открыть страницу в браузере. id: _{QT4zD{Fqs69!/:|#zp
2026-05-23T15:23:23+0300 INFO: C:\Users\Ksenya\Desktop\hakaton\main\resource\9e3a1168-c3e1-49f1-92db-0d9b1eab3406\main.py Старт. Выполняемый шаг: Задержка. id: ??=,o)g^!HRb+gO2+Wzh
2026-05-23T15:23:23+0300 INFO: C:\Users\Ksenya\Desktop\hakaton\main\resource\9e3a1168-c3e1-49f1-92db-0d9b1eab3406\main.py Выполнение. Выполняемый шаг: Задержка. id: ??=,o)g^!HRb+gO2+Wzh
2026-05-23T15:23:23+0300 INFO: C:\Users\Ksenya\Desktop\hakaton\main\resource\9e3a1168-c3e1-49f1-92db-0d9b1eab3406\main.py Старт. Выполняемый шаг: Преобразовать строку в число. id: {Rsp$JX%Cwa].U=6UmD=
2026-05-23T15:23:23+0300 INFO: C:\Users\Ksenya\Desktop\hakaton\main\resource\9e3a1168-c3e1-49f1-92db-0d9b1eab3406\main.py Завершение. Выполняемый шаг: Преобразовать строку в число. id: {Rsp$JX%Cwa].U=6UmD=
2026-05-23T15:23:26+0300 INFO: C:\Users\Ksenya\Desktop\hakaton\main\resource\9e3a1168-c3e1-49f1-92db-0d9b1eab3406\main.py Завершение. Выполняемый шаг: Задержка. id: ??=,o)g^!HRb+gO2+Wzh
2026-05-23T15:23:26+0300 INFO: C:\Users\Ksenya\Desktop\hakaton\main\resource\9e3a1168-c3e1-49f1-92db-0d9b1eab3406\main.py Старт. Выполняемый шаг: Клик по Web-элементу. id: EBp7HZH}x+19aqf!)2/)
2026-05-23T15:23:26+0300 INFO: C:\Users\Ksenya\Desktop\hakaton\main\resource\9e3a1168-c3e1-49f1-92db-0d9b1eab3406\main.py Выполнение. Выполняемый шаг: Клик по Web-элементу. id: EBp7HZH}x+19aqf!)2/)
2026-05-23T15:23:26+0300 INFO: C:\Users\Ksenya\Desktop\hakaton\main\resource\9e3a1168-c3e1-49f1-92db-0d9b1eab3406\main.py Завершение. Выполняемый шаг: Клик по Web-элементу. id: EBp7HZH}x+19aqf!)2/)
2026-05-23T15:23:26+0300 INFO: C:\Users\Ksenya\Desktop\hakaton\main\resource\9e3a1168-c3e1-49f1-92db-0d9b1eab3406\main.py Старт. Выполняемый шаг: Ввод в веб-сайт. id: %w9B]^SDY]u6w8A[VN]B
2026-05-23T15:23:26+0300 INFO: C:\Users\Ksenya\Desktop\hakaton\main\resource\9e3a1168-c3e1-49f1-92db-0d9b1eab3406\main.py Выполнение. Выполняемый шаг: Ввод в веб-сайт. id: %w9B]^SDY]u6w8A[VN]B
2026-05-23T15:23:26+0300 INFO: C:\Users\Ksenya\Desktop\hakaton\main\resource\9e3a1168-c3e1-49f1-92db-0d9b1eab3406\main.py Завершение. Выполняемый шаг: Ввод в веб-сайт. id: %w9B]^SDY]u6w8A[VN]B
2026-05-23T15:23:26+0300 INFO: C:\Users\Ksenya\Desktop\hakaton\main\resource\9e3a1168-c3e1-49f1-92db-0d9b1eab3406\main.py Старт. Выполняемый шаг: Клик по Web-элементу. id: H6A$`ZrfUnP;M.)V!gP%
2026-05-23T15:23:26+0300 INFO: C:\Users\Ksenya\Desktop\hakaton\main\resource\9e3a1168-c3e1-49f1-92db-0d9b1eab3406\main.py Выполнение. Выполняемый шаг: Клик по Web-элементу. id: H6A$`ZrfUnP;M.)V!gP%
2026-05-23T15:23:26+0300 INFO: C:\Users\Ksenya\Desktop\hakaton\main\resource\9e3a1168-c3e1-49f1-92db-0d9b1eab3406\main.py Завершение. Выполняемый шаг: Клик по Web-элементу. id: H6A$`ZrfUnP;M.)V!gP%
2026-05-23T15:23:26+0300 INFO: C:\Users\Ksenya\Desktop\hakaton\main\resource\9e3a1168-c3e1-49f1-92db-0d9b1eab3406\main.py Старт. Выполняемый шаг: Ввод в веб-сайт. id: y:}|lxK((=67v}qu8Ym-
2026-05-23T15:23:26+0300 INFO: C:\Users\Ksenya\Desktop\hakaton\main\resource\9e3a1168-c3e1-49f1-92db-0d9b1eab3406\main.py Выполнение. Выполняемый шаг: Ввод в веб-сайт. id: y:}|lxK((=67v}qu8Ym-
2026-05-23T15:23:27+0300 INFO: C:\Users\Ksenya\Desktop\hakaton\main\resource\9e3a1168-c3e1-49f1-92db-0d9b1eab3406\main.py Завершение. Выполняемый шаг: Ввод в веб-сайт. id: y:}|lxK((=67v}qu8Ym-
2026-05-23T15:23:27+0300 INFO: C:\Users\Ksenya\Desktop\hakaton\main\resource\9e3a1168-c3e1-49f1-92db-0d9b1eab3406\main.py Старт. Выполняемый шаг: Клик по Web-элементу. id: [Q2@mu?#NQ2xEX2OXYF$
2026-05-23T15:23:27+0300 INFO: C:\Users\Ksenya\Desktop\hakaton\main\resource\9e3a1168-c3e1-49f1-92db-0d9b1eab3406\main.py Выполнение. Выполняемый шаг: Клик по Web-элементу. id: [Q2@mu?#NQ2xEX2OXYF$
2026-05-23T15:23:27+0300 INFO: C:\Users\Ksenya\Desktop\hakaton\main\resource\9e3a1168-c3e1-49f1-92db-0d9b1eab3406\main.py Завершение. Выполняемый шаг: Клик по Web-элементу. id: [Q2@mu?#NQ2xEX2OXYF$
2026-05-23T15:23:27+0300 INFO: C:\Users\Ksenya\Desktop\hakaton\main\resource\9e3a1168-c3e1-49f1-92db-0d9b1eab3406\main.py Старт. Выполняемый шаг: Задержка. id: `^?P,o-StU!YIwW:*51`
2026-05-23T15:23:27+0300 INFO: C:\Users\Ksenya\Desktop\hakaton\main\resource\9e3a1168-c3e1-49f1-92db-0d9b1eab3406\main.py Выполнение. Выполняемый шаг: Задержка. id: `^?P,o-StU!YIwW:*51`
2026-05-23T15:23:27+0300 INFO: C:\Users\Ksenya\Desktop\hakaton\main\resource\9e3a1168-c3e1-49f1-92db-0d9b1eab3406\main.py Старт. Выполняемый шаг: Преобразовать строку в число. id: uw`j?F`+X9C3RI;{kpUw
2026-05-23T15:23:27+0300 INFO: C:\Users\Ksenya\Desktop\hakaton\main\resource\9e3a1168-c3e1-49f1-92db-0d9b1eab3406\main.py Завершение. Выполняемый шаг: Преобразовать строку в число. id: uw`j?F`+X9C3RI;{kpUw
2026-05-23T15:23:30+0300 INFO: C:\Users\Ksenya\Desktop\hakaton\main\resource\9e3a1168-c3e1-49f1-92db-0d9b1eab3406\main.py Завершение. Выполняемый шаг: Задержка. id: `^?P,o-StU!YIwW:*51`
2026-05-23T15:23:30+0300 INFO: C:\Users\Ksenya\Desktop\hakaton\main\resource\9e3a1168-c3e1-49f1-92db-0d9b1eab3406\main.py Старт. Выполняемый шаг: Клик по Web-элементу. id: !*p3azK$H5lkwE@DW$s_
2026-05-23T15:23:30+0300 INFO: C:\Users\Ksenya\Desktop\hakaton\main\resource\9e3a1168-c3e1-49f1-92db-0d9b1eab3406\main.py Выполнение. Выполняемый шаг: Клик по Web-элементу. id: !*p3azK$H5lkwE@DW$s_
2026-05-23T15:23:44+0300 INFO: C:\Users\Ksenya\Desktop\hakaton\main\resource\9e3a1168-c3e1-49f1-92db-0d9b1eab3406\main.py Завершение. Выполняемый шаг: Клик по Web-элементу. id: !*p3azK$H5lkwE@DW$s_
2026-05-23T15:23:44+0300 INFO: C:\Users\Ksenya\Desktop\hakaton\main\resource\9e3a1168-c3e1-49f1-92db-0d9b1eab3406\main.py Старт. Выполняемый шаг: Клик по Web-элементу. id: ]8Xi8xyWQkijnuXN/Mwn
2026-05-23T15:23:44+0300 INFO: C:\Users\Ksenya\Desktop\hakaton\main\resource\9e3a1168-c3e1-49f1-92db-0d9b1eab3406\main.py Выполнение. Выполняемый шаг: Клик по Web-элементу. id: ]8Xi8xyWQkijnuXN/Mwn
2026-05-23T15:23:44+0300 ERROR: C:\Users\Ksenya\Desktop\hakaton\main\resource\9e3a1168-c3e1-49f1-92db-0d9b1eab3406\main.py Ошибка выполнения робота
2026-05-23T15:23:44+0300 INFO: C:\Users\Ksenya\Desktop\hakaton\main\resource\9e3a1168-c3e1-49f1-92db-0d9b1eab3406\main.py Завершение. Выполняемый шаг: Обработка ошибки. id: E(ohZ?TiZWX5;}Gqu-r,
2026-05-23T15:23:44+0300 INFO: Завершение работы робота: C:\Users\Ksenya\Desktop\hakaton\main\resource\9e3a1168-c3e1-49f1-92db-0d9b1eab3406\main.py
2026-05-23T15:24:17+0300 INFO: Старт робота: C:\Users\Ksenya\Desktop\hakaton\main\resource\b52e5179-b888-436f-8bec-60ad69e742db\main.py
2026-05-23T15:24:17+0300 INFO: C:\Users\Ksenya\Desktop\hakaton\main\resource\b52e5179-b888-436f-8bec-60ad69e742db\main.py Старт. Выполняемый шаг: Обработка ошибки. id: E(ohZ?TiZWX5;}Gqu-r,
2026-05-23T15:24:17+0300 INFO: C:\Users\Ksenya\Desktop\hakaton\main\resource\b52e5179-b888-436f-8bec-60ad69e742db\main.py Выполнение. Выполняемый шаг: Обработка ошибки. id: E(ohZ?TiZWX5;}Gqu-r,
2026-05-23T15:24:17+0300 INFO: C:\Users\Ksenya\Desktop\hakaton\main\resource\b52e5179-b888-436f-8bec-60ad69e742db\main.py Робот запущен
2026-05-23T15:24:17+0300 INFO: C:\Users\Ksenya\Desktop\hakaton\main\resource\b52e5179-b888-436f-8bec-60ad69e742db\main.py Старт. Выполняемый шаг: Присвоить значение переменной. id: uT8K_dR,wNXk4m?dkCsM
2026-05-23T15:24:18+0300 INFO: C:\Users\Ksenya\Desktop\hakaton\main\resource\b52e5179-b888-436f-8bec-60ad69e742db\main.py Выполнение. Выполняемый шаг: Присвоить значение переменной. id: uT8K_dR,wNXk4m?dkCsM
2026-05-23T15:24:18+0300 INFO: C:\Users\Ksenya\Desktop\hakaton\main\resource\b52e5179-b888-436f-8bec-60ad69e742db\main.py Завершение. Выполняемый шаг: Присвоить значение переменной. id: uT8K_dR,wNXk4m?dkCsM
2026-05-23T15:24:18+0300 INFO: C:\Users\Ksenya\Desktop\hakaton\main\resource\b52e5179-b888-436f-8bec-60ad69e742db\main.py Старт. Выполняемый шаг: Присвоить значение переменной. id: :MAZ.Rz62:ZsFDl7vQQJ
2026-05-23T15:24:18+0300 INFO: C:\Users\Ksenya\Desktop\hakaton\main\resource\b52e5179-b888-436f-8bec-60ad69e742db\main.py Выполнение. Выполняемый шаг: Присвоить значение переменной. id: :MAZ.Rz62:ZsFDl7vQQJ
2026-05-23T15:24:18+0300 INFO: C:\Users\Ksenya\Desktop\hakaton\main\resource\b52e5179-b888-436f-8bec-60ad69e742db\main.py Завершение. Выполняемый шаг: Присвоить значение переменной. id: :MAZ.Rz62:ZsFDl7vQQJ
2026-05-23T15:24:18+0300 INFO: C:\Users\Ksenya\Desktop\hakaton\main\resource\b52e5179-b888-436f-8bec-60ad69e742db\main.py Старт. Выполняемый шаг: Присвоить значение переменной. id: WBqw15|Z#}dx_{yM[UJS
2026-05-23T15:24:18+0300 INFO: C:\Users\Ksenya\Desktop\hakaton\main\resource\b52e5179-b888-436f-8bec-60ad69e742db\main.py Выполнение. Выполняемый шаг: Присвоить значение переменной. id: WBqw15|Z#}dx_{yM[UJS
2026-05-23T15:24:18+0300 INFO: C:\Users\Ksenya\Desktop\hakaton\main\resource\b52e5179-b888-436f-8bec-60ad69e742db\main.py Завершение. Выполняемый шаг: Присвоить значение переменной. id: WBqw15|Z#}dx_{yM[UJS
2026-05-23T15:24:18+0300 INFO: C:\Users\Ksenya\Desktop\hakaton\main\resource\b52e5179-b888-436f-8bec-60ad69e742db\main.py Старт. Выполняемый шаг: Присвоить значение переменной. id: ZD}VS]B8yU%7IR$_1:gx
2026-05-23T15:24:18+0300 INFO: C:\Users\Ksenya\Desktop\hakaton\main\resource\b52e5179-b888-436f-8bec-60ad69e742db\main.py Выполнение. Выполняемый шаг: Присвоить значение переменной. id: ZD}VS]B8yU%7IR$_1:gx
2026-05-23T15:24:18+0300 INFO: C:\Users\Ksenya\Desktop\hakaton\main\resource\b52e5179-b888-436f-8bec-60ad69e742db\main.py Старт. Выполняемый шаг: Прочитать файл. id: h-7qLFMP}Ex#VZ)Ao@jd
2026-05-23T15:24:18+0300 INFO: C:\Users\Ksenya\Desktop\hakaton\main\resource\b52e5179-b888-436f-8bec-60ad69e742db\main.py Завершение. Выполняемый шаг: Прочитать файл. id: h-7qLFMP}Ex#VZ)Ao@jd
2026-05-23T15:24:18+0300 INFO: C:\Users\Ksenya\Desktop\hakaton\main\resource\b52e5179-b888-436f-8bec-60ad69e742db\main.py Завершение. Выполняемый шаг: Присвоить значение переменной. id: ZD}VS]B8yU%7IR$_1:gx
2026-05-23T15:24:18+0300 INFO: C:\Users\Ksenya\Desktop\hakaton\main\resource\b52e5179-b888-436f-8bec-60ad69e742db\main.py Старт. Выполняемый шаг: Присвоить значение переменной. id: ^0R|78#C*6Lo31|B;%K9
2026-05-23T15:24:18+0300 INFO: C:\Users\Ksenya\Desktop\hakaton\main\resource\b52e5179-b888-436f-8bec-60ad69e742db\main.py Выполнение. Выполняемый шаг: Присвоить значение переменной. id: ^0R|78#C*6Lo31|B;%K9
2026-05-23T15:24:18+0300 INFO: C:\Users\Ksenya\Desktop\hakaton\main\resource\b52e5179-b888-436f-8bec-60ad69e742db\main.py Завершение. Выполняемый шаг: Присвоить значение переменной. id: ^0R|78#C*6Lo31|B;%K9
2026-05-23T15:24:18+0300 INFO: C:\Users\Ksenya\Desktop\hakaton\main\resource\b52e5179-b888-436f-8bec-60ad69e742db\main.py Старт. Выполняемый шаг: Присвоить значение переменной. id: p$O:QoI+|4ux$8{ysFr:
2026-05-23T15:24:18+0300 INFO: C:\Users\Ksenya\Desktop\hakaton\main\resource\b52e5179-b888-436f-8bec-60ad69e742db\main.py Выполнение. Выполняемый шаг: Присвоить значение переменной. id: p$O:QoI+|4ux$8{ysFr:
2026-05-23T15:24:18+0300 INFO: C:\Users\Ksenya\Desktop\hakaton\main\resource\b52e5179-b888-436f-8bec-60ad69e742db\main.py Завершение. Выполняемый шаг: Присвоить значение переменной. id: p$O:QoI+|4ux$8{ysFr:
2026-05-23T15:24:18+0300 INFO: C:\Users\Ksenya\Desktop\hakaton\main\resource\b52e5179-b888-436f-8bec-60ad69e742db\main.py Старт. Выполняемый шаг: Присвоить значение переменной. id: ]Nwow_`34-zY1snYsMa=
2026-05-23T15:24:18+0300 INFO: C:\Users\Ksenya\Desktop\hakaton\main\resource\b52e5179-b888-436f-8bec-60ad69e742db\main.py Выполнение. Выполняемый шаг: Присвоить значение переменной. id: ]Nwow_`34-zY1snYsMa=
2026-05-23T15:24:18+0300 INFO: C:\Users\Ksenya\Desktop\hakaton\main\resource\b52e5179-b888-436f-8bec-60ad69e742db\main.py Завершение. Выполняемый шаг: Присвоить значение переменной. id: ]Nwow_`34-zY1snYsMa=
2026-05-23T15:24:18+0300 INFO: C:\Users\Ksenya\Desktop\hakaton\main\resource\b52e5179-b888-436f-8bec-60ad69e742db\main.py Старт. Выполняемый шаг: Присвоить значение переменной. id: 7qHD^~+B#bUSw)9hi;V5
2026-05-23T15:24:18+0300 INFO: C:\Users\Ksenya\Desktop\hakaton\main\resource\b52e5179-b888-436f-8bec-60ad69e742db\main.py Выполнение. Выполняемый шаг: Присвоить значение переменной. id: 7qHD^~+B#bUSw)9hi;V5
2026-05-23T15:24:18+0300 INFO: C:\Users\Ksenya\Desktop\hakaton\main\resource\b52e5179-b888-436f-8bec-60ad69e742db\main.py Завершение. Выполняемый шаг: Присвоить значение переменной. id: 7qHD^~+B#bUSw)9hi;V5
2026-05-23T15:24:18+0300 INFO: C:\Users\Ksenya\Desktop\hakaton\main\resource\b52e5179-b888-436f-8bec-60ad69e742db\main.py Старт. Выполняемый шаг: Присвоить значение переменной. id: 3oGjmJ`CaVRVz9#qu*_m
2026-05-23T15:24:18+0300 INFO: C:\Users\Ksenya\Desktop\hakaton\main\resource\b52e5179-b888-436f-8bec-60ad69e742db\main.py Выполнение. Выполняемый шаг: Присвоить значение переменной. id: 3oGjmJ`CaVRVz9#qu*_m
2026-05-23T15:24:18+0300 INFO: C:\Users\Ksenya\Desktop\hakaton\main\resource\b52e5179-b888-436f-8bec-60ad69e742db\main.py Завершение. Выполняемый шаг: Присвоить значение переменной. id: 3oGjmJ`CaVRVz9#qu*_m
2026-05-23T15:24:18+0300 INFO: C:\Users\Ksenya\Desktop\hakaton\main\resource\b52e5179-b888-436f-8bec-60ad69e742db\main.py Старт. Выполняемый шаг: Присвоить значение переменной. id: :kF]*7FA#}yI!L)At3D0
2026-05-23T15:24:18+0300 INFO: C:\Users\Ksenya\Desktop\hakaton\main\resource\b52e5179-b888-436f-8bec-60ad69e742db\main.py Выполнение. Выполняемый шаг: Присвоить значение переменной. id: :kF]*7FA#}yI!L)At3D0
2026-05-23T15:24:18+0300 INFO: C:\Users\Ksenya\Desktop\hakaton\main\resource\b52e5179-b888-436f-8bec-60ad69e742db\main.py Завершение. Выполняемый шаг: Присвоить значение переменной. id: :kF]*7FA#}yI!L)At3D0
2026-05-23T15:24:18+0300 INFO: C:\Users\Ksenya\Desktop\hakaton\main\resource\b52e5179-b888-436f-8bec-60ad69e742db\main.py Отправляю запрос в 1С
2026-05-23T15:24:18+0300 INFO: C:\Users\Ksenya\Desktop\hakaton\main\resource\b52e5179-b888-436f-8bec-60ad69e742db\main.py Старт. Выполняемый шаг: Присвоить значение переменной. id: 5Ew%Wt$JK+7d7TXLxId_
2026-05-23T15:24:18+0300 INFO: C:\Users\Ksenya\Desktop\hakaton\main\resource\b52e5179-b888-436f-8bec-60ad69e742db\main.py Выполнение. Выполняемый шаг: Присвоить значение переменной. id: 5Ew%Wt$JK+7d7TXLxId_
2026-05-23T15:24:18+0300 INFO: C:\Users\Ksenya\Desktop\hakaton\main\resource\b52e5179-b888-436f-8bec-60ad69e742db\main.py Старт. Выполняемый шаг: Создать сессию браузера. id: 4#bM-7PYt%bTkrSh8bfZ
2026-05-23T15:24:19+0300 INFO: C:\Users\Ksenya\Desktop\hakaton\main\resource\b52e5179-b888-436f-8bec-60ad69e742db\main.py Завершение. Выполняемый шаг: Создать сессию браузера. id: 4#bM-7PYt%bTkrSh8bfZ
2026-05-23T15:24:19+0300 INFO: C:\Users\Ksenya\Desktop\hakaton\main\resource\b52e5179-b888-436f-8bec-60ad69e742db\main.py Завершение. Выполняемый шаг: Присвоить значение переменной. id: 5Ew%Wt$JK+7d7TXLxId_
2026-05-23T15:24:19+0300 INFO: C:\Users\Ksenya\Desktop\hakaton\main\resource\b52e5179-b888-436f-8bec-60ad69e742db\main.py Старт. Выполняемый шаг: Открыть страницу в браузере. id: _{QT4zD{Fqs69!/:|#zp
2026-05-23T15:24:19+0300 INFO: C:\Users\Ksenya\Desktop\hakaton\main\resource\b52e5179-b888-436f-8bec-60ad69e742db\main.py Выполнение. Выполняемый шаг: Открыть страницу в браузере. id: _{QT4zD{Fqs69!/:|#zp
2026-05-23T15:24:19+0300 INFO: C:\Users\Ksenya\Desktop\hakaton\main\resource\b52e5179-b888-436f-8bec-60ad69e742db\main.py Завершение. Выполняемый шаг: Открыть страницу в браузере. id: _{QT4zD{Fqs69!/:|#zp
2026-05-23T15:24:19+0300 INFO: C:\Users\Ksenya\Desktop\hakaton\main\resource\b52e5179-b888-436f-8bec-60ad69e742db\main.py Старт. Выполняемый шаг: Задержка. id: ??=,o)g^!HRb+gO2+Wzh
2026-05-23T15:24:19+0300 INFO: C:\Users\Ksenya\Desktop\hakaton\main\resource\b52e5179-b888-436f-8bec-60ad69e742db\main.py Выполнение. Выполняемый шаг: Задержка. id: ??=,o)g^!HRb+gO2+Wzh
2026-05-23T15:24:19+0300 INFO: C:\Users\Ksenya\Desktop\hakaton\main\resource\b52e5179-b888-436f-8bec-60ad69e742db\main.py Старт. Выполняемый шаг: Преобразовать строку в число. id: {Rsp$JX%Cwa].U=6UmD=
2026-05-23T15:24:19+0300 INFO: C:\Users\Ksenya\Desktop\hakaton\main\resource\b52e5179-b888-436f-8bec-60ad69e742db\main.py Завершение. Выполняемый шаг: Преобразовать строку в число. id: {Rsp$JX%Cwa].U=6UmD=
2026-05-23T15:24:22+0300 INFO: C:\Users\Ksenya\Desktop\hakaton\main\resource\b52e5179-b888-436f-8bec-60ad69e742db\main.py Завершение. Выполняемый шаг: Задержка. id: ??=,o)g^!HRb+gO2+Wzh
2026-05-23T15:24:22+0300 INFO: C:\Users\Ksenya\Desktop\hakaton\main\resource\b52e5179-b888-436f-8bec-60ad69e742db\main.py Старт. Выполняемый шаг: Клик по Web-элементу. id: EBp7HZH}x+19aqf!)2/)
2026-05-23T15:24:22+0300 INFO: C:\Users\Ksenya\Desktop\hakaton\main\resource\b52e5179-b888-436f-8bec-60ad69e742db\main.py Выполнение. Выполняемый шаг: Клик по Web-элементу. id: EBp7HZH}x+19aqf!)2/)
2026-05-23T15:24:22+0300 INFO: C:\Users\Ksenya\Desktop\hakaton\main\resource\b52e5179-b888-436f-8bec-60ad69e742db\main.py Завершение. Выполняемый шаг: Клик по Web-элементу. id: EBp7HZH}x+19aqf!)2/)
2026-05-23T15:24:22+0300 INFO: C:\Users\Ksenya\Desktop\hakaton\main\resource\b52e5179-b888-436f-8bec-60ad69e742db\main.py Старт. Выполняемый шаг: Ввод в веб-сайт. id: %w9B]^SDY]u6w8A[VN]B
2026-05-23T15:24:22+0300 INFO: C:\Users\Ksenya\Desktop\hakaton\main\resource\b52e5179-b888-436f-8bec-60ad69e742db\main.py Выполнение. Выполняемый шаг: Ввод в веб-сайт. id: %w9B]^SDY]u6w8A[VN]B
2026-05-23T15:24:23+0300 INFO: C:\Users\Ksenya\Desktop\hakaton\main\resource\b52e5179-b888-436f-8bec-60ad69e742db\main.py Завершение. Выполняемый шаг: Ввод в веб-сайт. id: %w9B]^SDY]u6w8A[VN]B
2026-05-23T15:24:23+0300 INFO: C:\Users\Ksenya\Desktop\hakaton\main\resource\b52e5179-b888-436f-8bec-60ad69e742db\main.py Старт. Выполняемый шаг: Клик по Web-элементу. id: H6A$`ZrfUnP;M.)V!gP%
2026-05-23T15:24:23+0300 INFO: C:\Users\Ksenya\Desktop\hakaton\main\resource\b52e5179-b888-436f-8bec-60ad69e742db\main.py Выполнение. Выполняемый шаг: Клик по Web-элементу. id: H6A$`ZrfUnP;M.)V!gP%
2026-05-23T15:24:23+0300 INFO: C:\Users\Ksenya\Desktop\hakaton\main\resource\b52e5179-b888-436f-8bec-60ad69e742db\main.py Завершение. Выполняемый шаг: Клик по Web-элементу. id: H6A$`ZrfUnP;M.)V!gP%
2026-05-23T15:24:23+0300 INFO: C:\Users\Ksenya\Desktop\hakaton\main\resource\b52e5179-b888-436f-8bec-60ad69e742db\main.py Старт. Выполняемый шаг: Ввод в веб-сайт. id: y:}|lxK((=67v}qu8Ym-
2026-05-23T15:24:23+0300 INFO: C:\Users\Ksenya\Desktop\hakaton\main\resource\b52e5179-b888-436f-8bec-60ad69e742db\main.py Выполнение. Выполняемый шаг: Ввод в веб-сайт. id: y:}|lxK((=67v}qu8Ym-
2026-05-23T15:24:23+0300 INFO: C:\Users\Ksenya\Desktop\hakaton\main\resource\b52e5179-b888-436f-8bec-60ad69e742db\main.py Завершение. Выполняемый шаг: Ввод в веб-сайт. id: y:}|lxK((=67v}qu8Ym-
2026-05-23T15:24:23+0300 INFO: C:\Users\Ksenya\Desktop\hakaton\main\resource\b52e5179-b888-436f-8bec-60ad69e742db\main.py Старт. Выполняемый шаг: Клик по Web-элементу. id: [Q2@mu?#NQ2xEX2OXYF$
2026-05-23T15:24:23+0300 INFO: C:\Users\Ksenya\Desktop\hakaton\main\resource\b52e5179-b888-436f-8bec-60ad69e742db\main.py Выполнение. Выполняемый шаг: Клик по Web-элементу. id: [Q2@mu?#NQ2xEX2OXYF$
2026-05-23T15:24:23+0300 INFO: C:\Users\Ksenya\Desktop\hakaton\main\resource\b52e5179-b888-436f-8bec-60ad69e742db\main.py Завершение. Выполняемый шаг: Клик по Web-элементу. id: [Q2@mu?#NQ2xEX2OXYF$
2026-05-23T15:24:23+0300 INFO: C:\Users\Ksenya\Desktop\hakaton\main\resource\b52e5179-b888-436f-8bec-60ad69e742db\main.py Старт. Выполняемый шаг: Задержка. id: `^?P,o-StU!YIwW:*51`
2026-05-23T15:24:23+0300 INFO: C:\Users\Ksenya\Desktop\hakaton\main\resource\b52e5179-b888-436f-8bec-60ad69e742db\main.py Выполнение. Выполняемый шаг: Задержка. id: `^?P,o-StU!YIwW:*51`
2026-05-23T15:24:23+0300 INFO: C:\Users\Ksenya\Desktop\hakaton\main\resource\b52e5179-b888-436f-8bec-60ad69e742db\main.py Старт. Выполняемый шаг: Преобразовать строку в число. id: uw`j?F`+X9C3RI;{kpUw
2026-05-23T15:24:23+0300 INFO: C:\Users\Ksenya\Desktop\hakaton\main\resource\b52e5179-b888-436f-8bec-60ad69e742db\main.py Завершение. Выполняемый шаг: Преобразовать строку в число. id: uw`j?F`+X9C3RI;{kpUw
2026-05-23T15:24:35+0300 INFO: C:\Users\Ksenya\Desktop\hakaton\main\resource\b52e5179-b888-436f-8bec-60ad69e742db\main.py Завершение. Выполняемый шаг: Задержка. id: `^?P,o-StU!YIwW:*51`
2026-05-23T15:24:35+0300 INFO: C:\Users\Ksenya\Desktop\hakaton\main\resource\b52e5179-b888-436f-8bec-60ad69e742db\main.py Старт. Выполняемый шаг: Клик по Web-элементу. id: !*p3azK$H5lkwE@DW$s_
2026-05-23T15:24:35+0300 INFO: C:\Users\Ksenya\Desktop\hakaton\main\resource\b52e5179-b888-436f-8bec-60ad69e742db\main.py Выполнение. Выполняемый шаг: Клик по Web-элементу. id: !*p3azK$H5lkwE@DW$s_
2026-05-23T15:24:39+0300 INFO: C:\Users\Ksenya\Desktop\hakaton\main\resource\b52e5179-b888-436f-8bec-60ad69e742db\main.py Завершение. Выполняемый шаг: Клик по Web-элементу. id: !*p3azK$H5lkwE@DW$s_
2026-05-23T15:24:39+0300 INFO: C:\Users\Ksenya\Desktop\hakaton\main\resource\b52e5179-b888-436f-8bec-60ad69e742db\main.py Старт. Выполняемый шаг: Клик по Web-элементу. id: ]8Xi8xyWQkijnuXN/Mwn
2026-05-23T15:24:39+0300 INFO: C:\Users\Ksenya\Desktop\hakaton\main\resource\b52e5179-b888-436f-8bec-60ad69e742db\main.py Выполнение. Выполняемый шаг: Клик по Web-элементу. id: ]8Xi8xyWQkijnuXN/Mwn
2026-05-23T15:24:40+0300 INFO: C:\Users\Ksenya\Desktop\hakaton\main\resource\b52e5179-b888-436f-8bec-60ad69e742db\main.py Завершение. Выполняемый шаг: Клик по Web-элементу. id: ]8Xi8xyWQkijnuXN/Mwn
2026-05-23T15:24:40+0300 INFO: C:\Users\Ksenya\Desktop\hakaton\main\resource\b52e5179-b888-436f-8bec-60ad69e742db\main.py Старт. Выполняемый шаг: Клик по Web-элементу. id: 2|)*w/x[i^%Clh|4N/:Z
2026-05-23T15:24:40+0300 INFO: C:\Users\Ksenya\Desktop\hakaton\main\resource\b52e5179-b888-436f-8bec-60ad69e742db\main.py Выполнение. Выполняемый шаг: Клик по Web-элементу. id: 2|)*w/x[i^%Clh|4N/:Z
2026-05-23T15:24:42+0300 INFO: C:\Users\Ksenya\Desktop\hakaton\main\resource\b52e5179-b888-436f-8bec-60ad69e742db\main.py Завершение. Выполняемый шаг: Клик по Web-элементу. id: 2|)*w/x[i^%Clh|4N/:Z
2026-05-23T15:24:42+0300 INFO: C:\Users\Ksenya\Desktop\hakaton\main\resource\b52e5179-b888-436f-8bec-60ad69e742db\main.py Старт. Выполняемый шаг: Завершить сеанс 1C-веб. id: =KEjR9/}]`sT~71$JT#0
2026-05-23T15:24:42+0300 INFO: C:\Users\Ksenya\Desktop\hakaton\main\resource\b52e5179-b888-436f-8bec-60ad69e742db\main.py Выполнение. Выполняемый шаг: Завершить сеанс 1C-веб. id: =KEjR9/}]`sT~71$JT#0
2026-05-23T15:24:43+0300 INFO: C:\Users\Ksenya\Desktop\hakaton\main\resource\b52e5179-b888-436f-8bec-60ad69e742db\main.py Завершение. Выполняемый шаг: Завершить сеанс 1C-веб. id: =KEjR9/}]`sT~71$JT#0
2026-05-23T15:24:43+0300 INFO: C:\Users\Ksenya\Desktop\hakaton\main\resource\b52e5179-b888-436f-8bec-60ad69e742db\main.py Ответ получен. Сохраняю в файл
2026-05-23T15:24:43+0300 INFO: C:\Users\Ksenya\Desktop\hakaton\main\resource\b52e5179-b888-436f-8bec-60ad69e742db\main.py Старт. Выполняемый шаг: Присвоить значение переменной. id: jMBKenGW}MvB]@BLj|h;
2026-05-23T15:24:43+0300 INFO: C:\Users\Ksenya\Desktop\hakaton\main\resource\b52e5179-b888-436f-8bec-60ad69e742db\main.py Выполнение. Выполняемый шаг: Присвоить значение переменной. id: jMBKenGW}MvB]@BLj|h;
2026-05-23T15:24:43+0300 INFO: C:\Users\Ksenya\Desktop\hakaton\main\resource\b52e5179-b888-436f-8bec-60ad69e742db\main.py Завершение. Выполняемый шаг: Присвоить значение переменной. id: jMBKenGW}MvB]@BLj|h;
2026-05-23T15:24:43+0300 INFO: C:\Users\Ksenya\Desktop\hakaton\main\resource\b52e5179-b888-436f-8bec-60ad69e742db\main.py Ответ получен. Сохраняю файл
2026-05-23T15:24:43+0300 INFO: C:\Users\Ksenya\Desktop\hakaton\main\resource\b52e5179-b888-436f-8bec-60ad69e742db\main.py Файл создан:C:\Users\Ksenya\Desktop\hakaton\main\resource\outputosv_march.xlsx
2026-05-23T15:24:43+0300 INFO: C:\Users\Ksenya\Desktop\hakaton\main\resource\b52e5179-b888-436f-8bec-60ad69e742db\main.py Завершение. Выполняемый шаг: Обработка ошибки. id: E(ohZ?TiZWX5;}Gqu-r,
2026-05-23T15:24:43+0300 INFO: Завершение работы робота: C:\Users\Ksenya\Desktop\hakaton\main\resource\b52e5179-b888-436f-8bec-60ad69e742db\main.py
2026-05-23T15:25:01+0300 INFO: Старт робота: C:\Users\Ksenya\Desktop\hakaton\main\resource\741a9dba-4b16-4046-b011-0f0475e53d22\main.py
2026-05-23T15:25:01+0300 INFO: C:\Users\Ksenya\Desktop\hakaton\main\resource\741a9dba-4b16-4046-b011-0f0475e53d22\main.py Старт. Выполняемый шаг: Обработка ошибки. id: E(ohZ?TiZWX5;}Gqu-r,
2026-05-23T15:25:02+0300 INFO: C:\Users\Ksenya\Desktop\hakaton\main\resource\741a9dba-4b16-4046-b011-0f0475e53d22\main.py Выполнение. Выполняемый шаг: Обработка ошибки. id: E(ohZ?TiZWX5;}Gqu-r,
2026-05-23T15:25:02+0300 INFO: C:\Users\Ksenya\Desktop\hakaton\main\resource\741a9dba-4b16-4046-b011-0f0475e53d22\main.py Робот запущен
2026-05-23T15:25:02+0300 INFO: C:\Users\Ksenya\Desktop\hakaton\main\resource\741a9dba-4b16-4046-b011-0f0475e53d22\main.py Старт. Выполняемый шаг: Присвоить значение переменной. id: uT8K_dR,wNXk4m?dkCsM
2026-05-23T15:25:03+0300 INFO: C:\Users\Ksenya\Desktop\hakaton\main\resource\741a9dba-4b16-4046-b011-0f0475e53d22\main.py Выполнение. Выполняемый шаг: Присвоить значение переменной. id: uT8K_dR,wNXk4m?dkCsM
2026-05-23T15:25:03+0300 INFO: C:\Users\Ksenya\Desktop\hakaton\main\resource\741a9dba-4b16-4046-b011-0f0475e53d22\main.py Завершение. Выполняемый шаг: Присвоить значение переменной. id: uT8K_dR,wNXk4m?dkCsM
2026-05-23T15:25:03+0300 INFO: C:\Users\Ksenya\Desktop\hakaton\main\resource\741a9dba-4b16-4046-b011-0f0475e53d22\main.py Старт. Выполняемый шаг: Присвоить значение переменной. id: :MAZ.Rz62:ZsFDl7vQQJ
2026-05-23T15:25:03+0300 INFO: C:\Users\Ksenya\Desktop\hakaton\main\resource\741a9dba-4b16-4046-b011-0f0475e53d22\main.py Выполнение. Выполняемый шаг: Присвоить значение переменной. id: :MAZ.Rz62:ZsFDl7vQQJ
2026-05-23T15:25:03+0300 INFO: C:\Users\Ksenya\Desktop\hakaton\main\resource\741a9dba-4b16-4046-b011-0f0475e53d22\main.py Завершение. Выполняемый шаг: Присвоить значение переменной. id: :MAZ.Rz62:ZsFDl7vQQJ
2026-05-23T15:25:03+0300 INFO: C:\Users\Ksenya\Desktop\hakaton\main\resource\741a9dba-4b16-4046-b011-0f0475e53d22\main.py Старт. Выполняемый шаг: Присвоить значение переменной. id: WBqw15|Z#}dx_{yM[UJS
2026-05-23T15:25:03+0300 INFO: C:\Users\Ksenya\Desktop\hakaton\main\resource\741a9dba-4b16-4046-b011-0f0475e53d22\main.py Выполнение. Выполняемый шаг: Присвоить значение переменной. id: WBqw15|Z#}dx_{yM[UJS
2026-05-23T15:25:03+0300 INFO: C:\Users\Ksenya\Desktop\hakaton\main\resource\741a9dba-4b16-4046-b011-0f0475e53d22\main.py Завершение. Выполняемый шаг: Присвоить значение переменной. id: WBqw15|Z#}dx_{yM[UJS
2026-05-23T15:25:03+0300 INFO: C:\Users\Ksenya\Desktop\hakaton\main\resource\741a9dba-4b16-4046-b011-0f0475e53d22\main.py Старт. Выполняемый шаг: Присвоить значение переменной. id: ZD}VS]B8yU%7IR$_1:gx
2026-05-23T15:25:03+0300 INFO: C:\Users\Ksenya\Desktop\hakaton\main\resource\741a9dba-4b16-4046-b011-0f0475e53d22\main.py Выполнение. Выполняемый шаг: Присвоить значение переменной. id: ZD}VS]B8yU%7IR$_1:gx
2026-05-23T15:25:03+0300 INFO: C:\Users\Ksenya\Desktop\hakaton\main\resource\741a9dba-4b16-4046-b011-0f0475e53d22\main.py Старт. Выполняемый шаг: Прочитать файл. id: h-7qLFMP}Ex#VZ)Ao@jd
2026-05-23T15:25:03+0300 INFO: C:\Users\Ksenya\Desktop\hakaton\main\resource\741a9dba-4b16-4046-b011-0f0475e53d22\main.py Завершение. Выполняемый шаг: Прочитать файл. id: h-7qLFMP}Ex#VZ)Ao@jd
2026-05-23T15:25:03+0300 INFO: C:\Users\Ksenya\Desktop\hakaton\main\resource\741a9dba-4b16-4046-b011-0f0475e53d22\main.py Завершение. Выполняемый шаг: Присвоить значение переменной. id: ZD}VS]B8yU%7IR$_1:gx
2026-05-23T15:25:03+0300 INFO: C:\Users\Ksenya\Desktop\hakaton\main\resource\741a9dba-4b16-4046-b011-0f0475e53d22\main.py Старт. Выполняемый шаг: Присвоить значение переменной. id: ^0R|78#C*6Lo31|B;%K9
2026-05-23T15:25:03+0300 INFO: C:\Users\Ksenya\Desktop\hakaton\main\resource\741a9dba-4b16-4046-b011-0f0475e53d22\main.py Выполнение. Выполняемый шаг: Присвоить значение переменной. id: ^0R|78#C*6Lo31|B;%K9
2026-05-23T15:25:03+0300 INFO: C:\Users\Ksenya\Desktop\hakaton\main\resource\741a9dba-4b16-4046-b011-0f0475e53d22\main.py Завершение. Выполняемый шаг: Присвоить значение переменной. id: ^0R|78#C*6Lo31|B;%K9
2026-05-23T15:25:03+0300 INFO: C:\Users\Ksenya\Desktop\hakaton\main\resource\741a9dba-4b16-4046-b011-0f0475e53d22\main.py Старт. Выполняемый шаг: Присвоить значение переменной. id: p$O:QoI+|4ux$8{ysFr:
2026-05-23T15:25:03+0300 INFO: C:\Users\Ksenya\Desktop\hakaton\main\resource\741a9dba-4b16-4046-b011-0f0475e53d22\main.py Выполнение. Выполняемый шаг: Присвоить значение переменной. id: p$O:QoI+|4ux$8{ysFr:
2026-05-23T15:25:03+0300 INFO: C:\Users\Ksenya\Desktop\hakaton\main\resource\741a9dba-4b16-4046-b011-0f0475e53d22\main.py Завершение. Выполняемый шаг: Присвоить значение переменной. id: p$O:QoI+|4ux$8{ysFr:
2026-05-23T15:25:03+0300 INFO: C:\Users\Ksenya\Desktop\hakaton\main\resource\741a9dba-4b16-4046-b011-0f0475e53d22\main.py Старт. Выполняемый шаг: Присвоить значение переменной. id: ]Nwow_`34-zY1snYsMa=
2026-05-23T15:25:03+0300 INFO: C:\Users\Ksenya\Desktop\hakaton\main\resource\741a9dba-4b16-4046-b011-0f0475e53d22\main.py Выполнение. Выполняемый шаг: Присвоить значение переменной. id: ]Nwow_`34-zY1snYsMa=
2026-05-23T15:25:03+0300 INFO: C:\Users\Ksenya\Desktop\hakaton\main\resource\741a9dba-4b16-4046-b011-0f0475e53d22\main.py Завершение. Выполняемый шаг: Присвоить значение переменной. id: ]Nwow_`34-zY1snYsMa=
2026-05-23T15:25:03+0300 INFO: C:\Users\Ksenya\Desktop\hakaton\main\resource\741a9dba-4b16-4046-b011-0f0475e53d22\main.py Старт. Выполняемый шаг: Присвоить значение переменной. id: 7qHD^~+B#bUSw)9hi;V5
2026-05-23T15:25:03+0300 INFO: C:\Users\Ksenya\Desktop\hakaton\main\resource\741a9dba-4b16-4046-b011-0f0475e53d22\main.py Выполнение. Выполняемый шаг: Присвоить значение переменной. id: 7qHD^~+B#bUSw)9hi;V5
2026-05-23T15:25:03+0300 INFO: C:\Users\Ksenya\Desktop\hakaton\main\resource\741a9dba-4b16-4046-b011-0f0475e53d22\main.py Завершение. Выполняемый шаг: Присвоить значение переменной. id: 7qHD^~+B#bUSw)9hi;V5
2026-05-23T15:25:03+0300 INFO: C:\Users\Ksenya\Desktop\hakaton\main\resource\741a9dba-4b16-4046-b011-0f0475e53d22\main.py Старт. Выполняемый шаг: Присвоить значение переменной. id: 3oGjmJ`CaVRVz9#qu*_m
2026-05-23T15:25:03+0300 INFO: C:\Users\Ksenya\Desktop\hakaton\main\resource\741a9dba-4b16-4046-b011-0f0475e53d22\main.py Выполнение. Выполняемый шаг: Присвоить значение переменной. id: 3oGjmJ`CaVRVz9#qu*_m
2026-05-23T15:25:03+0300 INFO: C:\Users\Ksenya\Desktop\hakaton\main\resource\741a9dba-4b16-4046-b011-0f0475e53d22\main.py Завершение. Выполняемый шаг: Присвоить значение переменной. id: 3oGjmJ`CaVRVz9#qu*_m
2026-05-23T15:25:03+0300 INFO: C:\Users\Ksenya\Desktop\hakaton\main\resource\741a9dba-4b16-4046-b011-0f0475e53d22\main.py Старт. Выполняемый шаг: Присвоить значение переменной. id: :kF]*7FA#}yI!L)At3D0
2026-05-23T15:25:03+0300 INFO: C:\Users\Ksenya\Desktop\hakaton\main\resource\741a9dba-4b16-4046-b011-0f0475e53d22\main.py Выполнение. Выполняемый шаг: Присвоить значение переменной. id: :kF]*7FA#}yI!L)At3D0
2026-05-23T15:25:03+0300 INFO: C:\Users\Ksenya\Desktop\hakaton\main\resource\741a9dba-4b16-4046-b011-0f0475e53d22\main.py Завершение. Выполняемый шаг: Присвоить значение переменной. id: :kF]*7FA#}yI!L)At3D0
2026-05-23T15:25:03+0300 INFO: C:\Users\Ksenya\Desktop\hakaton\main\resource\741a9dba-4b16-4046-b011-0f0475e53d22\main.py Отправляю запрос в 1С
2026-05-23T15:25:03+0300 INFO: C:\Users\Ksenya\Desktop\hakaton\main\resource\741a9dba-4b16-4046-b011-0f0475e53d22\main.py Старт. Выполняемый шаг: Присвоить значение переменной. id: 5Ew%Wt$JK+7d7TXLxId_
2026-05-23T15:25:03+0300 INFO: C:\Users\Ksenya\Desktop\hakaton\main\resource\741a9dba-4b16-4046-b011-0f0475e53d22\main.py Выполнение. Выполняемый шаг: Присвоить значение переменной. id: 5Ew%Wt$JK+7d7TXLxId_
2026-05-23T15:25:03+0300 INFO: C:\Users\Ksenya\Desktop\hakaton\main\resource\741a9dba-4b16-4046-b011-0f0475e53d22\main.py Старт. Выполняемый шаг: Создать сессию браузера. id: 4#bM-7PYt%bTkrSh8bfZ
2026-05-23T15:25:09+0300 INFO: C:\Users\Ksenya\Desktop\hakaton\main\resource\741a9dba-4b16-4046-b011-0f0475e53d22\main.py Завершение. Выполняемый шаг: Создать сессию браузера. id: 4#bM-7PYt%bTkrSh8bfZ
2026-05-23T15:25:09+0300 INFO: C:\Users\Ksenya\Desktop\hakaton\main\resource\741a9dba-4b16-4046-b011-0f0475e53d22\main.py Завершение. Выполняемый шаг: Присвоить значение переменной. id: 5Ew%Wt$JK+7d7TXLxId_
2026-05-23T15:25:09+0300 INFO: C:\Users\Ksenya\Desktop\hakaton\main\resource\741a9dba-4b16-4046-b011-0f0475e53d22\main.py Старт. Выполняемый шаг: Открыть страницу в браузере. id: _{QT4zD{Fqs69!/:|#zp
2026-05-23T15:25:09+0300 INFO: C:\Users\Ksenya\Desktop\hakaton\main\resource\741a9dba-4b16-4046-b011-0f0475e53d22\main.py Выполнение. Выполняемый шаг: Открыть страницу в браузере. id: _{QT4zD{Fqs69!/:|#zp
2026-05-23T15:25:11+0300 INFO: C:\Users\Ksenya\Desktop\hakaton\main\resource\741a9dba-4b16-4046-b011-0f0475e53d22\main.py Завершение. Выполняемый шаг: Открыть страницу в браузере. id: _{QT4zD{Fqs69!/:|#zp
2026-05-23T15:25:11+0300 INFO: C:\Users\Ksenya\Desktop\hakaton\main\resource\741a9dba-4b16-4046-b011-0f0475e53d22\main.py Старт. Выполняемый шаг: Задержка. id: ??=,o)g^!HRb+gO2+Wzh
2026-05-23T15:25:11+0300 INFO: C:\Users\Ksenya\Desktop\hakaton\main\resource\741a9dba-4b16-4046-b011-0f0475e53d22\main.py Выполнение. Выполняемый шаг: Задержка. id: ??=,o)g^!HRb+gO2+Wzh
2026-05-23T15:25:11+0300 INFO: C:\Users\Ksenya\Desktop\hakaton\main\resource\741a9dba-4b16-4046-b011-0f0475e53d22\main.py Старт. Выполняемый шаг: Преобразовать строку в число. id: {Rsp$JX%Cwa].U=6UmD=
2026-05-23T15:25:11+0300 INFO: C:\Users\Ksenya\Desktop\hakaton\main\resource\741a9dba-4b16-4046-b011-0f0475e53d22\main.py Завершение. Выполняемый шаг: Преобразовать строку в число. id: {Rsp$JX%Cwa].U=6UmD=
2026-05-23T15:25:14+0300 INFO: C:\Users\Ksenya\Desktop\hakaton\main\resource\741a9dba-4b16-4046-b011-0f0475e53d22\main.py Завершение. Выполняемый шаг: Задержка. id: ??=,o)g^!HRb+gO2+Wzh
2026-05-23T15:25:14+0300 INFO: C:\Users\Ksenya\Desktop\hakaton\main\resource\741a9dba-4b16-4046-b011-0f0475e53d22\main.py Старт. Выполняемый шаг: Клик по Web-элементу. id: EBp7HZH}x+19aqf!)2/)
2026-05-23T15:25:14+0300 INFO: C:\Users\Ksenya\Desktop\hakaton\main\resource\741a9dba-4b16-4046-b011-0f0475e53d22\main.py Выполнение. Выполняемый шаг: Клик по Web-элементу. id: EBp7HZH}x+19aqf!)2/)
2026-05-23T15:25:14+0300 INFO: C:\Users\Ksenya\Desktop\hakaton\main\resource\741a9dba-4b16-4046-b011-0f0475e53d22\main.py Завершение. Выполняемый шаг: Клик по Web-элементу. id: EBp7HZH}x+19aqf!)2/)
2026-05-23T15:25:14+0300 INFO: C:\Users\Ksenya\Desktop\hakaton\main\resource\741a9dba-4b16-4046-b011-0f0475e53d22\main.py Старт. Выполняемый шаг: Ввод в веб-сайт. id: %w9B]^SDY]u6w8A[VN]B
2026-05-23T15:25:14+0300 INFO: C:\Users\Ksenya\Desktop\hakaton\main\resource\741a9dba-4b16-4046-b011-0f0475e53d22\main.py Выполнение. Выполняемый шаг: Ввод в веб-сайт. id: %w9B]^SDY]u6w8A[VN]B
2026-05-23T15:25:15+0300 INFO: C:\Users\Ksenya\Desktop\hakaton\main\resource\741a9dba-4b16-4046-b011-0f0475e53d22\main.py Завершение. Выполняемый шаг: Ввод в веб-сайт. id: %w9B]^SDY]u6w8A[VN]B
2026-05-23T15:25:15+0300 INFO: C:\Users\Ksenya\Desktop\hakaton\main\resource\741a9dba-4b16-4046-b011-0f0475e53d22\main.py Старт. Выполняемый шаг: Клик по Web-элементу. id: H6A$`ZrfUnP;M.)V!gP%
2026-05-23T15:25:15+0300 INFO: C:\Users\Ksenya\Desktop\hakaton\main\resource\741a9dba-4b16-4046-b011-0f0475e53d22\main.py Выполнение. Выполняемый шаг: Клик по Web-элементу. id: H6A$`ZrfUnP;M.)V!gP%
2026-05-23T15:25:15+0300 INFO: C:\Users\Ksenya\Desktop\hakaton\main\resource\741a9dba-4b16-4046-b011-0f0475e53d22\main.py Завершение. Выполняемый шаг: Клик по Web-элементу. id: H6A$`ZrfUnP;M.)V!gP%
2026-05-23T15:25:15+0300 INFO: C:\Users\Ksenya\Desktop\hakaton\main\resource\741a9dba-4b16-4046-b011-0f0475e53d22\main.py Старт. Выполняемый шаг: Ввод в веб-сайт. id: y:}|lxK((=67v}qu8Ym-
2026-05-23T15:25:15+0300 INFO: C:\Users\Ksenya\Desktop\hakaton\main\resource\741a9dba-4b16-4046-b011-0f0475e53d22\main.py Выполнение. Выполняемый шаг: Ввод в веб-сайт. id: y:}|lxK((=67v}qu8Ym-
2026-05-23T15:25:15+0300 INFO: C:\Users\Ksenya\Desktop\hakaton\main\resource\741a9dba-4b16-4046-b011-0f0475e53d22\main.py Завершение. Выполняемый шаг: Ввод в веб-сайт. id: y:}|lxK((=67v}qu8Ym-
2026-05-23T15:25:15+0300 INFO: C:\Users\Ksenya\Desktop\hakaton\main\resource\741a9dba-4b16-4046-b011-0f0475e53d22\main.py Старт. Выполняемый шаг: Клик по Web-элементу. id: [Q2@mu?#NQ2xEX2OXYF$
2026-05-23T15:25:15+0300 INFO: C:\Users\Ksenya\Desktop\hakaton\main\resource\741a9dba-4b16-4046-b011-0f0475e53d22\main.py Выполнение. Выполняемый шаг: Клик по Web-элементу. id: [Q2@mu?#NQ2xEX2OXYF$
2026-05-23T15:25:15+0300 INFO: C:\Users\Ksenya\Desktop\hakaton\main\resource\741a9dba-4b16-4046-b011-0f0475e53d22\main.py Завершение. Выполняемый шаг: Клик по Web-элементу. id: [Q2@mu?#NQ2xEX2OXYF$
2026-05-23T15:25:15+0300 INFO: C:\Users\Ksenya\Desktop\hakaton\main\resource\741a9dba-4b16-4046-b011-0f0475e53d22\main.py Старт. Выполняемый шаг: Задержка. id: `^?P,o-StU!YIwW:*51`
2026-05-23T15:25:15+0300 INFO: C:\Users\Ksenya\Desktop\hakaton\main\resource\741a9dba-4b16-4046-b011-0f0475e53d22\main.py Выполнение. Выполняемый шаг: Задержка. id: `^?P,o-StU!YIwW:*51`
2026-05-23T15:25:15+0300 INFO: C:\Users\Ksenya\Desktop\hakaton\main\resource\741a9dba-4b16-4046-b011-0f0475e53d22\main.py Старт. Выполняемый шаг: Преобразовать строку в число. id: uw`j?F`+X9C3RI;{kpUw
2026-05-23T15:25:15+0300 INFO: C:\Users\Ksenya\Desktop\hakaton\main\resource\741a9dba-4b16-4046-b011-0f0475e53d22\main.py Завершение. Выполняемый шаг: Преобразовать строку в число. id: uw`j?F`+X9C3RI;{kpUw
2026-05-23T15:25:27+0300 INFO: C:\Users\Ksenya\Desktop\hakaton\main\resource\741a9dba-4b16-4046-b011-0f0475e53d22\main.py Завершение. Выполняемый шаг: Задержка. id: `^?P,o-StU!YIwW:*51`
2026-05-23T15:25:27+0300 INFO: C:\Users\Ksenya\Desktop\hakaton\main\resource\741a9dba-4b16-4046-b011-0f0475e53d22\main.py Старт. Выполняемый шаг: Клик по Web-элементу. id: !*p3azK$H5lkwE@DW$s_
2026-05-23T15:25:27+0300 INFO: C:\Users\Ksenya\Desktop\hakaton\main\resource\741a9dba-4b16-4046-b011-0f0475e53d22\main.py Выполнение. Выполняемый шаг: Клик по Web-элементу. id: !*p3azK$H5lkwE@DW$s_
2026-05-23T15:25:32+0300 INFO: C:\Users\Ksenya\Desktop\hakaton\main\resource\741a9dba-4b16-4046-b011-0f0475e53d22\main.py Завершение. Выполняемый шаг: Клик по Web-элементу. id: !*p3azK$H5lkwE@DW$s_
2026-05-23T15:25:32+0300 INFO: C:\Users\Ksenya\Desktop\hakaton\main\resource\741a9dba-4b16-4046-b011-0f0475e53d22\main.py Старт. Выполняемый шаг: Клик по Web-элементу. id: ]8Xi8xyWQkijnuXN/Mwn
2026-05-23T15:25:32+0300 INFO: C:\Users\Ksenya\Desktop\hakaton\main\resource\741a9dba-4b16-4046-b011-0f0475e53d22\main.py Выполнение. Выполняемый шаг: Клик по Web-элементу. id: ]8Xi8xyWQkijnuXN/Mwn
2026-05-23T15:25:32+0300 ERROR: C:\Users\Ksenya\Desktop\hakaton\main\resource\741a9dba-4b16-4046-b011-0f0475e53d22\main.py Ошибка выполнения робота
2026-05-23T15:25:32+0300 INFO: C:\Users\Ksenya\Desktop\hakaton\main\resource\741a9dba-4b16-4046-b011-0f0475e53d22\main.py Завершение. Выполняемый шаг: Обработка ошибки. id: E(ohZ?TiZWX5;}Gqu-r,
2026-05-23T15:25:32+0300 INFO: Завершение работы робота: C:\Users\Ksenya\Desktop\hakaton\main\resource\741a9dba-4b16-4046-b011-0f0475e53d22\main.py
2026-05-23T15:25:55+0300 INFO: Старт робота: C:\Users\Ksenya\Desktop\hakaton\main\resource\316c261b-04ec-49d5-9cb1-4fe7ef307bcc\main.py
2026-05-23T15:25:55+0300 INFO: C:\Users\Ksenya\Desktop\hakaton\main\resource\316c261b-04ec-49d5-9cb1-4fe7ef307bcc\main.py Старт. Выполняемый шаг: Обработка ошибки. id: E(ohZ?TiZWX5;}Gqu-r,
2026-05-23T15:26:01+0300 INFO: C:\Users\Ksenya\Desktop\hakaton\main\resource\316c261b-04ec-49d5-9cb1-4fe7ef307bcc\main.py Выполнение. Выполняемый шаг: Обработка ошибки. id: E(ohZ?TiZWX5;}Gqu-r,
2026-05-23T15:26:01+0300 INFO: C:\Users\Ksenya\Desktop\hakaton\main\resource\316c261b-04ec-49d5-9cb1-4fe7ef307bcc\main.py Робот запущен
2026-05-23T15:26:01+0300 INFO: C:\Users\Ksenya\Desktop\hakaton\main\resource\316c261b-04ec-49d5-9cb1-4fe7ef307bcc\main.py Старт. Выполняемый шаг: Присвоить значение переменной. id: uT8K_dR,wNXk4m?dkCsM
2026-05-23T15:26:03+0300 INFO: C:\Users\Ksenya\Desktop\hakaton\main\resource\316c261b-04ec-49d5-9cb1-4fe7ef307bcc\main.py Выполнение. Выполняемый шаг: Присвоить значение переменной. id: uT8K_dR,wNXk4m?dkCsM
2026-05-23T15:26:03+0300 INFO: C:\Users\Ksenya\Desktop\hakaton\main\resource\316c261b-04ec-49d5-9cb1-4fe7ef307bcc\main.py Завершение. Выполняемый шаг: Присвоить значение переменной. id: uT8K_dR,wNXk4m?dkCsM
2026-05-23T15:26:03+0300 INFO: C:\Users\Ksenya\Desktop\hakaton\main\resource\316c261b-04ec-49d5-9cb1-4fe7ef307bcc\main.py Старт. Выполняемый шаг: Присвоить значение переменной. id: :MAZ.Rz62:ZsFDl7vQQJ
2026-05-23T15:26:03+0300 INFO: C:\Users\Ksenya\Desktop\hakaton\main\resource\316c261b-04ec-49d5-9cb1-4fe7ef307bcc\main.py Выполнение. Выполняемый шаг: Присвоить значение переменной. id: :MAZ.Rz62:ZsFDl7vQQJ
2026-05-23T15:26:03+0300 INFO: C:\Users\Ksenya\Desktop\hakaton\main\resource\316c261b-04ec-49d5-9cb1-4fe7ef307bcc\main.py Завершение. Выполняемый шаг: Присвоить значение переменной. id: :MAZ.Rz62:ZsFDl7vQQJ
2026-05-23T15:26:03+0300 INFO: C:\Users\Ksenya\Desktop\hakaton\main\resource\316c261b-04ec-49d5-9cb1-4fe7ef307bcc\main.py Старт. Выполняемый шаг: Присвоить значение переменной. id: WBqw15|Z#}dx_{yM[UJS
2026-05-23T15:26:03+0300 INFO: C:\Users\Ksenya\Desktop\hakaton\main\resource\316c261b-04ec-49d5-9cb1-4fe7ef307bcc\main.py Выполнение. Выполняемый шаг: Присвоить значение переменной. id: WBqw15|Z#}dx_{yM[UJS
2026-05-23T15:26:03+0300 INFO: C:\Users\Ksenya\Desktop\hakaton\main\resource\316c261b-04ec-49d5-9cb1-4fe7ef307bcc\main.py Завершение. Выполняемый шаг: Присвоить значение переменной. id: WBqw15|Z#}dx_{yM[UJS
2026-05-23T15:26:03+0300 INFO: C:\Users\Ksenya\Desktop\hakaton\main\resource\316c261b-04ec-49d5-9cb1-4fe7ef307bcc\main.py Старт. Выполняемый шаг: Присвоить значение переменной. id: ZD}VS]B8yU%7IR$_1:gx
2026-05-23T15:26:03+0300 INFO: C:\Users\Ksenya\Desktop\hakaton\main\resource\316c261b-04ec-49d5-9cb1-4fe7ef307bcc\main.py Выполнение. Выполняемый шаг: Присвоить значение переменной. id: ZD}VS]B8yU%7IR$_1:gx
2026-05-23T15:26:03+0300 INFO: C:\Users\Ksenya\Desktop\hakaton\main\resource\316c261b-04ec-49d5-9cb1-4fe7ef307bcc\main.py Старт. Выполняемый шаг: Прочитать файл. id: h-7qLFMP}Ex#VZ)Ao@jd
2026-05-23T15:26:03+0300 INFO: C:\Users\Ksenya\Desktop\hakaton\main\resource\316c261b-04ec-49d5-9cb1-4fe7ef307bcc\main.py Завершение. Выполняемый шаг: Прочитать файл. id: h-7qLFMP}Ex#VZ)Ao@jd
2026-05-23T15:26:03+0300 INFO: C:\Users\Ksenya\Desktop\hakaton\main\resource\316c261b-04ec-49d5-9cb1-4fe7ef307bcc\main.py Завершение. Выполняемый шаг: Присвоить значение переменной. id: ZD}VS]B8yU%7IR$_1:gx
2026-05-23T15:26:03+0300 INFO: C:\Users\Ksenya\Desktop\hakaton\main\resource\316c261b-04ec-49d5-9cb1-4fe7ef307bcc\main.py Старт. Выполняемый шаг: Присвоить значение переменной. id: ^0R|78#C*6Lo31|B;%K9
2026-05-23T15:26:03+0300 INFO: C:\Users\Ksenya\Desktop\hakaton\main\resource\316c261b-04ec-49d5-9cb1-4fe7ef307bcc\main.py Выполнение. Выполняемый шаг: Присвоить значение переменной. id: ^0R|78#C*6Lo31|B;%K9
2026-05-23T15:26:03+0300 INFO: C:\Users\Ksenya\Desktop\hakaton\main\resource\316c261b-04ec-49d5-9cb1-4fe7ef307bcc\main.py Завершение. Выполняемый шаг: Присвоить значение переменной. id: ^0R|78#C*6Lo31|B;%K9
2026-05-23T15:26:03+0300 INFO: C:\Users\Ksenya\Desktop\hakaton\main\resource\316c261b-04ec-49d5-9cb1-4fe7ef307bcc\main.py Старт. Выполняемый шаг: Присвоить значение переменной. id: p$O:QoI+|4ux$8{ysFr:
2026-05-23T15:26:03+0300 INFO: C:\Users\Ksenya\Desktop\hakaton\main\resource\316c261b-04ec-49d5-9cb1-4fe7ef307bcc\main.py Выполнение. Выполняемый шаг: Присвоить значение переменной. id: p$O:QoI+|4ux$8{ysFr:
2026-05-23T15:26:03+0300 INFO: C:\Users\Ksenya\Desktop\hakaton\main\resource\316c261b-04ec-49d5-9cb1-4fe7ef307bcc\main.py Завершение. Выполняемый шаг: Присвоить значение переменной. id: p$O:QoI+|4ux$8{ysFr:
2026-05-23T15:26:03+0300 INFO: C:\Users\Ksenya\Desktop\hakaton\main\resource\316c261b-04ec-49d5-9cb1-4fe7ef307bcc\main.py Старт. Выполняемый шаг: Присвоить значение переменной. id: ]Nwow_`34-zY1snYsMa=
2026-05-23T15:26:03+0300 INFO: C:\Users\Ksenya\Desktop\hakaton\main\resource\316c261b-04ec-49d5-9cb1-4fe7ef307bcc\main.py Выполнение. Выполняемый шаг: Присвоить значение переменной. id: ]Nwow_`34-zY1snYsMa=
2026-05-23T15:26:03+0300 INFO: C:\Users\Ksenya\Desktop\hakaton\main\resource\316c261b-04ec-49d5-9cb1-4fe7ef307bcc\main.py Завершение. Выполняемый шаг: Присвоить значение переменной. id: ]Nwow_`34-zY1snYsMa=
2026-05-23T15:26:03+0300 INFO: C:\Users\Ksenya\Desktop\hakaton\main\resource\316c261b-04ec-49d5-9cb1-4fe7ef307bcc\main.py Старт. Выполняемый шаг: Присвоить значение переменной. id: 7qHD^~+B#bUSw)9hi;V5
2026-05-23T15:26:03+0300 INFO: C:\Users\Ksenya\Desktop\hakaton\main\resource\316c261b-04ec-49d5-9cb1-4fe7ef307bcc\main.py Выполнение. Выполняемый шаг: Присвоить значение переменной. id: 7qHD^~+B#bUSw)9hi;V5
2026-05-23T15:26:03+0300 INFO: C:\Users\Ksenya\Desktop\hakaton\main\resource\316c261b-04ec-49d5-9cb1-4fe7ef307bcc\main.py Завершение. Выполняемый шаг: Присвоить значение переменной. id: 7qHD^~+B#bUSw)9hi;V5
2026-05-23T15:26:03+0300 INFO: C:\Users\Ksenya\Desktop\hakaton\main\resource\316c261b-04ec-49d5-9cb1-4fe7ef307bcc\main.py Старт. Выполняемый шаг: Присвоить значение переменной. id: 3oGjmJ`CaVRVz9#qu*_m
2026-05-23T15:26:03+0300 INFO: C:\Users\Ksenya\Desktop\hakaton\main\resource\316c261b-04ec-49d5-9cb1-4fe7ef307bcc\main.py Выполнение. Выполняемый шаг: Присвоить значение переменной. id: 3oGjmJ`CaVRVz9#qu*_m
2026-05-23T15:26:03+0300 INFO: C:\Users\Ksenya\Desktop\hakaton\main\resource\316c261b-04ec-49d5-9cb1-4fe7ef307bcc\main.py Завершение. Выполняемый шаг: Присвоить значение переменной. id: 3oGjmJ`CaVRVz9#qu*_m
2026-05-23T15:26:03+0300 INFO: C:\Users\Ksenya\Desktop\hakaton\main\resource\316c261b-04ec-49d5-9cb1-4fe7ef307bcc\main.py Старт. Выполняемый шаг: Присвоить значение переменной. id: :kF]*7FA#}yI!L)At3D0
2026-05-23T15:26:03+0300 INFO: C:\Users\Ksenya\Desktop\hakaton\main\resource\316c261b-04ec-49d5-9cb1-4fe7ef307bcc\main.py Выполнение. Выполняемый шаг: Присвоить значение переменной. id: :kF]*7FA#}yI!L)At3D0
2026-05-23T15:26:03+0300 INFO: C:\Users\Ksenya\Desktop\hakaton\main\resource\316c261b-04ec-49d5-9cb1-4fe7ef307bcc\main.py Завершение. Выполняемый шаг: Присвоить значение переменной. id: :kF]*7FA#}yI!L)At3D0
2026-05-23T15:26:03+0300 INFO: C:\Users\Ksenya\Desktop\hakaton\main\resource\316c261b-04ec-49d5-9cb1-4fe7ef307bcc\main.py Отправляю запрос в 1С
2026-05-23T15:26:03+0300 INFO: C:\Users\Ksenya\Desktop\hakaton\main\resource\316c261b-04ec-49d5-9cb1-4fe7ef307bcc\main.py Старт. Выполняемый шаг: Присвоить значение переменной. id: 5Ew%Wt$JK+7d7TXLxId_
2026-05-23T15:26:03+0300 INFO: C:\Users\Ksenya\Desktop\hakaton\main\resource\316c261b-04ec-49d5-9cb1-4fe7ef307bcc\main.py Выполнение. Выполняемый шаг: Присвоить значение переменной. id: 5Ew%Wt$JK+7d7TXLxId_
2026-05-23T15:26:03+0300 INFO: C:\Users\Ksenya\Desktop\hakaton\main\resource\316c261b-04ec-49d5-9cb1-4fe7ef307bcc\main.py Старт. Выполняемый шаг: Создать сессию браузера. id: 4#bM-7PYt%bTkrSh8bfZ
2026-05-23T15:26:04+0300 INFO: C:\Users\Ksenya\Desktop\hakaton\main\resource\316c261b-04ec-49d5-9cb1-4fe7ef307bcc\main.py Завершение. Выполняемый шаг: Создать сессию браузера. id: 4#bM-7PYt%bTkrSh8bfZ
2026-05-23T15:26:04+0300 INFO: C:\Users\Ksenya\Desktop\hakaton\main\resource\316c261b-04ec-49d5-9cb1-4fe7ef307bcc\main.py Завершение. Выполняемый шаг: Присвоить значение переменной. id: 5Ew%Wt$JK+7d7TXLxId_
2026-05-23T15:26:04+0300 INFO: C:\Users\Ksenya\Desktop\hakaton\main\resource\316c261b-04ec-49d5-9cb1-4fe7ef307bcc\main.py Старт. Выполняемый шаг: Открыть страницу в браузере. id: _{QT4zD{Fqs69!/:|#zp
2026-05-23T15:26:04+0300 INFO: C:\Users\Ksenya\Desktop\hakaton\main\resource\316c261b-04ec-49d5-9cb1-4fe7ef307bcc\main.py Выполнение. Выполняемый шаг: Открыть страницу в браузере. id: _{QT4zD{Fqs69!/:|#zp
2026-05-23T15:26:04+0300 INFO: C:\Users\Ksenya\Desktop\hakaton\main\resource\316c261b-04ec-49d5-9cb1-4fe7ef307bcc\main.py Завершение. Выполняемый шаг: Открыть страницу в браузере. id: _{QT4zD{Fqs69!/:|#zp
2026-05-23T15:26:04+0300 INFO: C:\Users\Ksenya\Desktop\hakaton\main\resource\316c261b-04ec-49d5-9cb1-4fe7ef307bcc\main.py Старт. Выполняемый шаг: Задержка. id: ??=,o)g^!HRb+gO2+Wzh
2026-05-23T15:26:04+0300 INFO: C:\Users\Ksenya\Desktop\hakaton\main\resource\316c261b-04ec-49d5-9cb1-4fe7ef307bcc\main.py Выполнение. Выполняемый шаг: Задержка. id: ??=,o)g^!HRb+gO2+Wzh
2026-05-23T15:26:04+0300 INFO: C:\Users\Ksenya\Desktop\hakaton\main\resource\316c261b-04ec-49d5-9cb1-4fe7ef307bcc\main.py Старт. Выполняемый шаг: Преобразовать строку в число. id: {Rsp$JX%Cwa].U=6UmD=
2026-05-23T15:26:04+0300 INFO: C:\Users\Ksenya\Desktop\hakaton\main\resource\316c261b-04ec-49d5-9cb1-4fe7ef307bcc\main.py Завершение. Выполняемый шаг: Преобразовать строку в число. id: {Rsp$JX%Cwa].U=6UmD=
2026-05-23T15:26:07+0300 INFO: C:\Users\Ksenya\Desktop\hakaton\main\resource\316c261b-04ec-49d5-9cb1-4fe7ef307bcc\main.py Завершение. Выполняемый шаг: Задержка. id: ??=,o)g^!HRb+gO2+Wzh
2026-05-23T15:26:07+0300 INFO: C:\Users\Ksenya\Desktop\hakaton\main\resource\316c261b-04ec-49d5-9cb1-4fe7ef307bcc\main.py Старт. Выполняемый шаг: Клик по Web-элементу. id: EBp7HZH}x+19aqf!)2/)
2026-05-23T15:26:07+0300 INFO: C:\Users\Ksenya\Desktop\hakaton\main\resource\316c261b-04ec-49d5-9cb1-4fe7ef307bcc\main.py Выполнение. Выполняемый шаг: Клик по Web-элементу. id: EBp7HZH}x+19aqf!)2/)
2026-05-23T15:26:07+0300 INFO: C:\Users\Ksenya\Desktop\hakaton\main\resource\316c261b-04ec-49d5-9cb1-4fe7ef307bcc\main.py Завершение. Выполняемый шаг: Клик по Web-элементу. id: EBp7HZH}x+19aqf!)2/)
2026-05-23T15:26:07+0300 INFO: C:\Users\Ksenya\Desktop\hakaton\main\resource\316c261b-04ec-49d5-9cb1-4fe7ef307bcc\main.py Старт. Выполняемый шаг: Ввод в веб-сайт. id: %w9B]^SDY]u6w8A[VN]B
2026-05-23T15:26:07+0300 INFO: C:\Users\Ksenya\Desktop\hakaton\main\resource\316c261b-04ec-49d5-9cb1-4fe7ef307bcc\main.py Выполнение. Выполняемый шаг: Ввод в веб-сайт. id: %w9B]^SDY]u6w8A[VN]B
2026-05-23T15:26:08+0300 INFO: C:\Users\Ksenya\Desktop\hakaton\main\resource\316c261b-04ec-49d5-9cb1-4fe7ef307bcc\main.py Завершение. Выполняемый шаг: Ввод в веб-сайт. id: %w9B]^SDY]u6w8A[VN]B
2026-05-23T15:26:08+0300 INFO: C:\Users\Ksenya\Desktop\hakaton\main\resource\316c261b-04ec-49d5-9cb1-4fe7ef307bcc\main.py Старт. Выполняемый шаг: Клик по Web-элементу. id: H6A$`ZrfUnP;M.)V!gP%
2026-05-23T15:26:08+0300 INFO: C:\Users\Ksenya\Desktop\hakaton\main\resource\316c261b-04ec-49d5-9cb1-4fe7ef307bcc\main.py Выполнение. Выполняемый шаг: Клик по Web-элементу. id: H6A$`ZrfUnP;M.)V!gP%
2026-05-23T15:26:08+0300 INFO: C:\Users\Ksenya\Desktop\hakaton\main\resource\316c261b-04ec-49d5-9cb1-4fe7ef307bcc\main.py Завершение. Выполняемый шаг: Клик по Web-элементу. id: H6A$`ZrfUnP;M.)V!gP%
2026-05-23T15:26:08+0300 INFO: C:\Users\Ksenya\Desktop\hakaton\main\resource\316c261b-04ec-49d5-9cb1-4fe7ef307bcc\main.py Старт. Выполняемый шаг: Ввод в веб-сайт. id: y:}|lxK((=67v}qu8Ym-
2026-05-23T15:26:08+0300 INFO: C:\Users\Ksenya\Desktop\hakaton\main\resource\316c261b-04ec-49d5-9cb1-4fe7ef307bcc\main.py Выполнение. Выполняемый шаг: Ввод в веб-сайт. id: y:}|lxK((=67v}qu8Ym-
2026-05-23T15:26:08+0300 INFO: C:\Users\Ksenya\Desktop\hakaton\main\resource\316c261b-04ec-49d5-9cb1-4fe7ef307bcc\main.py Завершение. Выполняемый шаг: Ввод в веб-сайт. id: y:}|lxK((=67v}qu8Ym-
2026-05-23T15:26:08+0300 INFO: C:\Users\Ksenya\Desktop\hakaton\main\resource\316c261b-04ec-49d5-9cb1-4fe7ef307bcc\main.py Старт. Выполняемый шаг: Клик по Web-элементу. id: [Q2@mu?#NQ2xEX2OXYF$
2026-05-23T15:26:08+0300 INFO: C:\Users\Ksenya\Desktop\hakaton\main\resource\316c261b-04ec-49d5-9cb1-4fe7ef307bcc\main.py Выполнение. Выполняемый шаг: Клик по Web-элементу. id: [Q2@mu?#NQ2xEX2OXYF$
2026-05-23T15:26:08+0300 INFO: C:\Users\Ksenya\Desktop\hakaton\main\resource\316c261b-04ec-49d5-9cb1-4fe7ef307bcc\main.py Завершение. Выполняемый шаг: Клик по Web-элементу. id: [Q2@mu?#NQ2xEX2OXYF$
2026-05-23T15:26:08+0300 INFO: C:\Users\Ksenya\Desktop\hakaton\main\resource\316c261b-04ec-49d5-9cb1-4fe7ef307bcc\main.py Старт. Выполняемый шаг: Задержка. id: `^?P,o-StU!YIwW:*51`
2026-05-23T15:26:08+0300 INFO: C:\Users\Ksenya\Desktop\hakaton\main\resource\316c261b-04ec-49d5-9cb1-4fe7ef307bcc\main.py Выполнение. Выполняемый шаг: Задержка. id: `^?P,o-StU!YIwW:*51`
2026-05-23T15:26:08+0300 INFO: C:\Users\Ksenya\Desktop\hakaton\main\resource\316c261b-04ec-49d5-9cb1-4fe7ef307bcc\main.py Старт. Выполняемый шаг: Преобразовать строку в число. id: uw`j?F`+X9C3RI;{kpUw
2026-05-23T15:26:08+0300 INFO: C:\Users\Ksenya\Desktop\hakaton\main\resource\316c261b-04ec-49d5-9cb1-4fe7ef307bcc\main.py Завершение. Выполняемый шаг: Преобразовать строку в число. id: uw`j?F`+X9C3RI;{kpUw
2026-05-23T15:26:28+0300 INFO: C:\Users\Ksenya\Desktop\hakaton\main\resource\316c261b-04ec-49d5-9cb1-4fe7ef307bcc\main.py Завершение. Выполняемый шаг: Задержка. id: `^?P,o-StU!YIwW:*51`
2026-05-23T15:26:28+0300 INFO: C:\Users\Ksenya\Desktop\hakaton\main\resource\316c261b-04ec-49d5-9cb1-4fe7ef307bcc\main.py Старт. Выполняемый шаг: Клик по Web-элементу. id: !*p3azK$H5lkwE@DW$s_
2026-05-23T15:26:28+0300 INFO: C:\Users\Ksenya\Desktop\hakaton\main\resource\316c261b-04ec-49d5-9cb1-4fe7ef307bcc\main.py Выполнение. Выполняемый шаг: Клик по Web-элементу. id: !*p3azK$H5lkwE@DW$s_
2026-05-23T15:26:28+0300 INFO: C:\Users\Ksenya\Desktop\hakaton\main\resource\316c261b-04ec-49d5-9cb1-4fe7ef307bcc\main.py Завершение. Выполняемый шаг: Клик по Web-элементу. id: !*p3azK$H5lkwE@DW$s_
2026-05-23T15:26:28+0300 INFO: C:\Users\Ksenya\Desktop\hakaton\main\resource\316c261b-04ec-49d5-9cb1-4fe7ef307bcc\main.py Старт. Выполняемый шаг: Клик по Web-элементу. id: ]8Xi8xyWQkijnuXN/Mwn
2026-05-23T15:26:29+0300 INFO: C:\Users\Ksenya\Desktop\hakaton\main\resource\316c261b-04ec-49d5-9cb1-4fe7ef307bcc\main.py Выполнение. Выполняемый шаг: Клик по Web-элементу. id: ]8Xi8xyWQkijnuXN/Mwn
2026-05-23T15:26:29+0300 INFO: C:\Users\Ksenya\Desktop\hakaton\main\resource\316c261b-04ec-49d5-9cb1-4fe7ef307bcc\main.py Завершение. Выполняемый шаг: Клик по Web-элементу. id: ]8Xi8xyWQkijnuXN/Mwn
2026-05-23T15:26:29+0300 INFO: C:\Users\Ksenya\Desktop\hakaton\main\resource\316c261b-04ec-49d5-9cb1-4fe7ef307bcc\main.py Старт. Выполняемый шаг: Клик по Web-элементу. id: 2|)*w/x[i^%Clh|4N/:Z
2026-05-23T15:26:29+0300 INFO: C:\Users\Ksenya\Desktop\hakaton\main\resource\316c261b-04ec-49d5-9cb1-4fe7ef307bcc\main.py Выполнение. Выполняемый шаг: Клик по Web-элементу. id: 2|)*w/x[i^%Clh|4N/:Z
2026-05-23T15:26:31+0300 INFO: C:\Users\Ksenya\Desktop\hakaton\main\resource\316c261b-04ec-49d5-9cb1-4fe7ef307bcc\main.py Завершение. Выполняемый шаг: Клик по Web-элементу. id: 2|)*w/x[i^%Clh|4N/:Z
2026-05-23T15:26:31+0300 INFO: C:\Users\Ksenya\Desktop\hakaton\main\resource\316c261b-04ec-49d5-9cb1-4fe7ef307bcc\main.py Ответ получен. Сохраняю в файл
2026-05-23T15:26:31+0300 INFO: C:\Users\Ksenya\Desktop\hakaton\main\resource\316c261b-04ec-49d5-9cb1-4fe7ef307bcc\main.py Старт. Выполняемый шаг: Присвоить значение переменной. id: jMBKenGW}MvB]@BLj|h;
2026-05-23T15:26:31+0300 INFO: C:\Users\Ksenya\Desktop\hakaton\main\resource\316c261b-04ec-49d5-9cb1-4fe7ef307bcc\main.py Выполнение. Выполняемый шаг: Присвоить значение переменной. id: jMBKenGW}MvB]@BLj|h;
2026-05-23T15:26:31+0300 INFO: C:\Users\Ksenya\Desktop\hakaton\main\resource\316c261b-04ec-49d5-9cb1-4fe7ef307bcc\main.py Завершение. Выполняемый шаг: Присвоить значение переменной. id: jMBKenGW}MvB]@BLj|h;
2026-05-23T15:26:31+0300 INFO: C:\Users\Ksenya\Desktop\hakaton\main\resource\316c261b-04ec-49d5-9cb1-4fe7ef307bcc\main.py Ответ получен. Сохраняю файл
2026-05-23T15:26:31+0300 INFO: C:\Users\Ksenya\Desktop\hakaton\main\resource\316c261b-04ec-49d5-9cb1-4fe7ef307bcc\main.py Файл создан:C:\Users\Ksenya\Desktop\hakaton\main\resource\outputosv_march.xlsx
2026-05-23T15:26:31+0300 INFO: C:\Users\Ksenya\Desktop\hakaton\main\resource\316c261b-04ec-49d5-9cb1-4fe7ef307bcc\main.py Завершение. Выполняемый шаг: Обработка ошибки. id: E(ohZ?TiZWX5;}Gqu-r,
2026-05-23T15:26:31+0300 INFO: Завершение работы робота: C:\Users\Ksenya\Desktop\hakaton\main\resource\316c261b-04ec-49d5-9cb1-4fe7ef307bcc\main.py
2026-05-23T15:42:01+0300 INFO: Запуск процесса из студии разработки. C:\Users\Ksenya\Desktop\hakaton\main\process\main.json
2026-05-23T15:42:04+0300 INFO: Старт робота: C:\Users\Ksenya\Desktop\hakaton\main\resource\4b4bc7c3-4f6d-4231-8e8a-29751d7b4dec\main.py
2026-05-23T15:42:04+0300 INFO: C:\Users\Ksenya\Desktop\hakaton\main\resource\4b4bc7c3-4f6d-4231-8e8a-29751d7b4dec\main.py Робот запущен
2026-05-23T15:42:04+0300 INFO: C:\Users\Ksenya\Desktop\hakaton\main\resource\4b4bc7c3-4f6d-4231-8e8a-29751d7b4dec\main.py Отправляю запрос в 1С
2026-05-23T15:42:41+0300 INFO: C:\Users\Ksenya\Desktop\hakaton\main\resource\4b4bc7c3-4f6d-4231-8e8a-29751d7b4dec\main.py Ответ получен. Сохраняю в файл
2026-05-23T15:42:41+0300 INFO: C:\Users\Ksenya\Desktop\hakaton\main\resource\4b4bc7c3-4f6d-4231-8e8a-29751d7b4dec\main.py Ответ получен. Сохраняю файл
2026-05-23T15:42:41+0300 INFO: C:\Users\Ksenya\Desktop\hakaton\main\resource\4b4bc7c3-4f6d-4231-8e8a-29751d7b4dec\main.py Файл создан:C:\Users\Ksenya\Desktop\hakaton\main\resource\outputosv_march.xlsx
2026-05-23T15:42:41+0300 INFO: Завершение работы робота: C:\Users\Ksenya\Desktop\hakaton\main\resource\4b4bc7c3-4f6d-4231-8e8a-29751d7b4dec\main.py
2026-05-23T15:42:42+0300 INFO: Завершение выполнения процесса. C:\Users\Ksenya\Desktop\hakaton\main\process\main.json
2026-05-23T15:50:57+0300 INFO: Старт робота: C:\Users\Ksenya\Desktop\hakaton\main\resource\bce609ba-a7b1-4f17-ac43-77ece7505056\main.py
2026-05-23T15:50:57+0300 INFO: C:\Users\Ksenya\Desktop\hakaton\main\resource\bce609ba-a7b1-4f17-ac43-77ece7505056\main.py Старт. Выполняемый шаг: Обработка ошибки. id: E(ohZ?TiZWX5;}Gqu-r,
2026-05-23T15:50:58+0300 INFO: C:\Users\Ksenya\Desktop\hakaton\main\resource\bce609ba-a7b1-4f17-ac43-77ece7505056\main.py Выполнение. Выполняемый шаг: Обработка ошибки. id: E(ohZ?TiZWX5;}Gqu-r,
2026-05-23T15:50:58+0300 INFO: C:\Users\Ksenya\Desktop\hakaton\main\resource\bce609ba-a7b1-4f17-ac43-77ece7505056\main.py Робот запущен
2026-05-23T15:50:58+0300 INFO: C:\Users\Ksenya\Desktop\hakaton\main\resource\bce609ba-a7b1-4f17-ac43-77ece7505056\main.py Старт. Выполняемый шаг: Присвоить значение переменной. id: uT8K_dR,wNXk4m?dkCsM
2026-05-23T15:51:00+0300 INFO: C:\Users\Ksenya\Desktop\hakaton\main\resource\bce609ba-a7b1-4f17-ac43-77ece7505056\main.py Выполнение. Выполняемый шаг: Присвоить значение переменной. id: uT8K_dR,wNXk4m?dkCsM
2026-05-23T15:51:00+0300 INFO: C:\Users\Ksenya\Desktop\hakaton\main\resource\bce609ba-a7b1-4f17-ac43-77ece7505056\main.py Завершение. Выполняемый шаг: Присвоить значение переменной. id: uT8K_dR,wNXk4m?dkCsM
2026-05-23T15:51:00+0300 INFO: C:\Users\Ksenya\Desktop\hakaton\main\resource\bce609ba-a7b1-4f17-ac43-77ece7505056\main.py Старт. Выполняемый шаг: Присвоить значение переменной. id: :MAZ.Rz62:ZsFDl7vQQJ
2026-05-23T15:51:00+0300 INFO: C:\Users\Ksenya\Desktop\hakaton\main\resource\bce609ba-a7b1-4f17-ac43-77ece7505056\main.py Выполнение. Выполняемый шаг: Присвоить значение переменной. id: :MAZ.Rz62:ZsFDl7vQQJ
2026-05-23T15:51:00+0300 INFO: C:\Users\Ksenya\Desktop\hakaton\main\resource\bce609ba-a7b1-4f17-ac43-77ece7505056\main.py Завершение. Выполняемый шаг: Присвоить значение переменной. id: :MAZ.Rz62:ZsFDl7vQQJ
2026-05-23T15:51:00+0300 INFO: C:\Users\Ksenya\Desktop\hakaton\main\resource\bce609ba-a7b1-4f17-ac43-77ece7505056\main.py Старт. Выполняемый шаг: Присвоить значение переменной. id: WBqw15|Z#}dx_{yM[UJS
2026-05-23T15:51:00+0300 INFO: C:\Users\Ksenya\Desktop\hakaton\main\resource\bce609ba-a7b1-4f17-ac43-77ece7505056\main.py Выполнение. Выполняемый шаг: Присвоить значение переменной. id: WBqw15|Z#}dx_{yM[UJS
2026-05-23T15:51:00+0300 INFO: C:\Users\Ksenya\Desktop\hakaton\main\resource\bce609ba-a7b1-4f17-ac43-77ece7505056\main.py Завершение. Выполняемый шаг: Присвоить значение переменной. id: WBqw15|Z#}dx_{yM[UJS
2026-05-23T15:51:00+0300 INFO: C:\Users\Ksenya\Desktop\hakaton\main\resource\bce609ba-a7b1-4f17-ac43-77ece7505056\main.py Старт. Выполняемый шаг: Присвоить значение переменной. id: ZD}VS]B8yU%7IR$_1:gx
2026-05-23T15:51:00+0300 INFO: C:\Users\Ksenya\Desktop\hakaton\main\resource\bce609ba-a7b1-4f17-ac43-77ece7505056\main.py Выполнение. Выполняемый шаг: Присвоить значение переменной. id: ZD}VS]B8yU%7IR$_1:gx
2026-05-23T15:51:00+0300 INFO: C:\Users\Ksenya\Desktop\hakaton\main\resource\bce609ba-a7b1-4f17-ac43-77ece7505056\main.py Старт. Выполняемый шаг: Прочитать файл. id: h-7qLFMP}Ex#VZ)Ao@jd
2026-05-23T15:51:00+0300 INFO: C:\Users\Ksenya\Desktop\hakaton\main\resource\bce609ba-a7b1-4f17-ac43-77ece7505056\main.py Завершение. Выполняемый шаг: Прочитать файл. id: h-7qLFMP}Ex#VZ)Ao@jd
2026-05-23T15:51:00+0300 INFO: C:\Users\Ksenya\Desktop\hakaton\main\resource\bce609ba-a7b1-4f17-ac43-77ece7505056\main.py Завершение. Выполняемый шаг: Присвоить значение переменной. id: ZD}VS]B8yU%7IR$_1:gx
2026-05-23T15:51:00+0300 INFO: C:\Users\Ksenya\Desktop\hakaton\main\resource\bce609ba-a7b1-4f17-ac43-77ece7505056\main.py Старт. Выполняемый шаг: Присвоить значение переменной. id: ^0R|78#C*6Lo31|B;%K9
2026-05-23T15:51:00+0300 INFO: C:\Users\Ksenya\Desktop\hakaton\main\resource\bce609ba-a7b1-4f17-ac43-77ece7505056\main.py Выполнение. Выполняемый шаг: Присвоить значение переменной. id: ^0R|78#C*6Lo31|B;%K9
2026-05-23T15:51:00+0300 INFO: C:\Users\Ksenya\Desktop\hakaton\main\resource\bce609ba-a7b1-4f17-ac43-77ece7505056\main.py Завершение. Выполняемый шаг: Присвоить значение переменной. id: ^0R|78#C*6Lo31|B;%K9
2026-05-23T15:51:00+0300 INFO: C:\Users\Ksenya\Desktop\hakaton\main\resource\bce609ba-a7b1-4f17-ac43-77ece7505056\main.py Старт. Выполняемый шаг: Присвоить значение переменной. id: p$O:QoI+|4ux$8{ysFr:
2026-05-23T15:51:00+0300 INFO: C:\Users\Ksenya\Desktop\hakaton\main\resource\bce609ba-a7b1-4f17-ac43-77ece7505056\main.py Выполнение. Выполняемый шаг: Присвоить значение переменной. id: p$O:QoI+|4ux$8{ysFr:
2026-05-23T15:51:00+0300 INFO: C:\Users\Ksenya\Desktop\hakaton\main\resource\bce609ba-a7b1-4f17-ac43-77ece7505056\main.py Завершение. Выполняемый шаг: Присвоить значение переменной. id: p$O:QoI+|4ux$8{ysFr:
2026-05-23T15:51:00+0300 INFO: C:\Users\Ksenya\Desktop\hakaton\main\resource\bce609ba-a7b1-4f17-ac43-77ece7505056\main.py Старт. Выполняемый шаг: Присвоить значение переменной. id: ]Nwow_`34-zY1snYsMa=
2026-05-23T15:51:00+0300 INFO: C:\Users\Ksenya\Desktop\hakaton\main\resource\bce609ba-a7b1-4f17-ac43-77ece7505056\main.py Выполнение. Выполняемый шаг: Присвоить значение переменной. id: ]Nwow_`34-zY1snYsMa=
2026-05-23T15:51:00+0300 INFO: C:\Users\Ksenya\Desktop\hakaton\main\resource\bce609ba-a7b1-4f17-ac43-77ece7505056\main.py Завершение. Выполняемый шаг: Присвоить значение переменной. id: ]Nwow_`34-zY1snYsMa=
2026-05-23T15:51:00+0300 INFO: C:\Users\Ksenya\Desktop\hakaton\main\resource\bce609ba-a7b1-4f17-ac43-77ece7505056\main.py Старт. Выполняемый шаг: Присвоить значение переменной. id: 7qHD^~+B#bUSw)9hi;V5
2026-05-23T15:51:00+0300 INFO: C:\Users\Ksenya\Desktop\hakaton\main\resource\bce609ba-a7b1-4f17-ac43-77ece7505056\main.py Выполнение. Выполняемый шаг: Присвоить значение переменной. id: 7qHD^~+B#bUSw)9hi;V5
2026-05-23T15:51:00+0300 INFO: C:\Users\Ksenya\Desktop\hakaton\main\resource\bce609ba-a7b1-4f17-ac43-77ece7505056\main.py Завершение. Выполняемый шаг: Присвоить значение переменной. id: 7qHD^~+B#bUSw)9hi;V5
2026-05-23T15:51:00+0300 INFO: C:\Users\Ksenya\Desktop\hakaton\main\resource\bce609ba-a7b1-4f17-ac43-77ece7505056\main.py Старт. Выполняемый шаг: Присвоить значение переменной. id: 3oGjmJ`CaVRVz9#qu*_m
2026-05-23T15:51:00+0300 INFO: C:\Users\Ksenya\Desktop\hakaton\main\resource\bce609ba-a7b1-4f17-ac43-77ece7505056\main.py Выполнение. Выполняемый шаг: Присвоить значение переменной. id: 3oGjmJ`CaVRVz9#qu*_m
2026-05-23T15:51:00+0300 INFO: C:\Users\Ksenya\Desktop\hakaton\main\resource\bce609ba-a7b1-4f17-ac43-77ece7505056\main.py Завершение. Выполняемый шаг: Присвоить значение переменной. id: 3oGjmJ`CaVRVz9#qu*_m
2026-05-23T15:51:00+0300 INFO: C:\Users\Ksenya\Desktop\hakaton\main\resource\bce609ba-a7b1-4f17-ac43-77ece7505056\main.py Старт. Выполняемый шаг: Присвоить значение переменной. id: :kF]*7FA#}yI!L)At3D0
2026-05-23T15:51:00+0300 INFO: C:\Users\Ksenya\Desktop\hakaton\main\resource\bce609ba-a7b1-4f17-ac43-77ece7505056\main.py Выполнение. Выполняемый шаг: Присвоить значение переменной. id: :kF]*7FA#}yI!L)At3D0
2026-05-23T15:51:00+0300 INFO: C:\Users\Ksenya\Desktop\hakaton\main\resource\bce609ba-a7b1-4f17-ac43-77ece7505056\main.py Завершение. Выполняемый шаг: Присвоить значение переменной. id: :kF]*7FA#}yI!L)At3D0
2026-05-23T15:51:00+0300 INFO: C:\Users\Ksenya\Desktop\hakaton\main\resource\bce609ba-a7b1-4f17-ac43-77ece7505056\main.py Отправляю запрос в 1С
2026-05-23T15:51:00+0300 INFO: C:\Users\Ksenya\Desktop\hakaton\main\resource\bce609ba-a7b1-4f17-ac43-77ece7505056\main.py Старт. Выполняемый шаг: Присвоить значение переменной. id: 5Ew%Wt$JK+7d7TXLxId_
2026-05-23T15:51:00+0300 INFO: C:\Users\Ksenya\Desktop\hakaton\main\resource\bce609ba-a7b1-4f17-ac43-77ece7505056\main.py Выполнение. Выполняемый шаг: Присвоить значение переменной. id: 5Ew%Wt$JK+7d7TXLxId_
2026-05-23T15:51:00+0300 INFO: C:\Users\Ksenya\Desktop\hakaton\main\resource\bce609ba-a7b1-4f17-ac43-77ece7505056\main.py Старт. Выполняемый шаг: Создать сессию браузера. id: 4#bM-7PYt%bTkrSh8bfZ
2026-05-23T15:51:06+0300 INFO: C:\Users\Ksenya\Desktop\hakaton\main\resource\bce609ba-a7b1-4f17-ac43-77ece7505056\main.py Завершение. Выполняемый шаг: Создать сессию браузера. id: 4#bM-7PYt%bTkrSh8bfZ
2026-05-23T15:51:06+0300 INFO: C:\Users\Ksenya\Desktop\hakaton\main\resource\bce609ba-a7b1-4f17-ac43-77ece7505056\main.py Завершение. Выполняемый шаг: Присвоить значение переменной. id: 5Ew%Wt$JK+7d7TXLxId_
2026-05-23T15:51:06+0300 INFO: C:\Users\Ksenya\Desktop\hakaton\main\resource\bce609ba-a7b1-4f17-ac43-77ece7505056\main.py Старт. Выполняемый шаг: Открыть страницу в браузере. id: _{QT4zD{Fqs69!/:|#zp
2026-05-23T15:51:06+0300 INFO: C:\Users\Ksenya\Desktop\hakaton\main\resource\bce609ba-a7b1-4f17-ac43-77ece7505056\main.py Выполнение. Выполняемый шаг: Открыть страницу в браузере. id: _{QT4zD{Fqs69!/:|#zp
2026-05-23T15:51:08+0300 INFO: C:\Users\Ksenya\Desktop\hakaton\main\resource\bce609ba-a7b1-4f17-ac43-77ece7505056\main.py Завершение. Выполняемый шаг: Открыть страницу в браузере. id: _{QT4zD{Fqs69!/:|#zp
2026-05-23T15:51:08+0300 INFO: C:\Users\Ksenya\Desktop\hakaton\main\resource\bce609ba-a7b1-4f17-ac43-77ece7505056\main.py Старт. Выполняемый шаг: Задержка. id: ??=,o)g^!HRb+gO2+Wzh
2026-05-23T15:51:08+0300 INFO: C:\Users\Ksenya\Desktop\hakaton\main\resource\bce609ba-a7b1-4f17-ac43-77ece7505056\main.py Выполнение. Выполняемый шаг: Задержка. id: ??=,o)g^!HRb+gO2+Wzh
2026-05-23T15:51:08+0300 INFO: C:\Users\Ksenya\Desktop\hakaton\main\resource\bce609ba-a7b1-4f17-ac43-77ece7505056\main.py Старт. Выполняемый шаг: Преобразовать строку в число. id: {Rsp$JX%Cwa].U=6UmD=
2026-05-23T15:51:08+0300 INFO: C:\Users\Ksenya\Desktop\hakaton\main\resource\bce609ba-a7b1-4f17-ac43-77ece7505056\main.py Завершение. Выполняемый шаг: Преобразовать строку в число. id: {Rsp$JX%Cwa].U=6UmD=
2026-05-23T15:51:11+0300 INFO: C:\Users\Ksenya\Desktop\hakaton\main\resource\bce609ba-a7b1-4f17-ac43-77ece7505056\main.py Завершение. Выполняемый шаг: Задержка. id: ??=,o)g^!HRb+gO2+Wzh
2026-05-23T15:51:11+0300 INFO: C:\Users\Ksenya\Desktop\hakaton\main\resource\bce609ba-a7b1-4f17-ac43-77ece7505056\main.py Старт. Выполняемый шаг: Клик по Web-элементу. id: EBp7HZH}x+19aqf!)2/)
2026-05-23T15:51:11+0300 INFO: C:\Users\Ksenya\Desktop\hakaton\main\resource\bce609ba-a7b1-4f17-ac43-77ece7505056\main.py Выполнение. Выполняемый шаг: Клик по Web-элементу. id: EBp7HZH}x+19aqf!)2/)
2026-05-23T15:51:12+0300 INFO: C:\Users\Ksenya\Desktop\hakaton\main\resource\bce609ba-a7b1-4f17-ac43-77ece7505056\main.py Завершение. Выполняемый шаг: Клик по Web-элементу. id: EBp7HZH}x+19aqf!)2/)
2026-05-23T15:51:12+0300 INFO: C:\Users\Ksenya\Desktop\hakaton\main\resource\bce609ba-a7b1-4f17-ac43-77ece7505056\main.py Старт. Выполняемый шаг: Ввод в веб-сайт. id: %w9B]^SDY]u6w8A[VN]B
2026-05-23T15:51:12+0300 INFO: C:\Users\Ksenya\Desktop\hakaton\main\resource\bce609ba-a7b1-4f17-ac43-77ece7505056\main.py Выполнение. Выполняемый шаг: Ввод в веб-сайт. id: %w9B]^SDY]u6w8A[VN]B
2026-05-23T15:51:12+0300 INFO: C:\Users\Ksenya\Desktop\hakaton\main\resource\bce609ba-a7b1-4f17-ac43-77ece7505056\main.py Завершение. Выполняемый шаг: Ввод в веб-сайт. id: %w9B]^SDY]u6w8A[VN]B
2026-05-23T15:51:12+0300 INFO: C:\Users\Ksenya\Desktop\hakaton\main\resource\bce609ba-a7b1-4f17-ac43-77ece7505056\main.py Старт. Выполняемый шаг: Клик по Web-элементу. id: H6A$`ZrfUnP;M.)V!gP%
2026-05-23T15:51:12+0300 INFO: C:\Users\Ksenya\Desktop\hakaton\main\resource\bce609ba-a7b1-4f17-ac43-77ece7505056\main.py Выполнение. Выполняемый шаг: Клик по Web-элементу. id: H6A$`ZrfUnP;M.)V!gP%
2026-05-23T15:51:12+0300 INFO: C:\Users\Ksenya\Desktop\hakaton\main\resource\bce609ba-a7b1-4f17-ac43-77ece7505056\main.py Завершение. Выполняемый шаг: Клик по Web-элементу. id: H6A$`ZrfUnP;M.)V!gP%
2026-05-23T15:51:12+0300 INFO: C:\Users\Ksenya\Desktop\hakaton\main\resource\bce609ba-a7b1-4f17-ac43-77ece7505056\main.py Старт. Выполняемый шаг: Ввод в веб-сайт. id: y:}|lxK((=67v}qu8Ym-
2026-05-23T15:51:12+0300 INFO: C:\Users\Ksenya\Desktop\hakaton\main\resource\bce609ba-a7b1-4f17-ac43-77ece7505056\main.py Выполнение. Выполняемый шаг: Ввод в веб-сайт. id: y:}|lxK((=67v}qu8Ym-
2026-05-23T15:51:12+0300 INFO: C:\Users\Ksenya\Desktop\hakaton\main\resource\bce609ba-a7b1-4f17-ac43-77ece7505056\main.py Завершение. Выполняемый шаг: Ввод в веб-сайт. id: y:}|lxK((=67v}qu8Ym-
2026-05-23T15:51:12+0300 INFO: C:\Users\Ksenya\Desktop\hakaton\main\resource\bce609ba-a7b1-4f17-ac43-77ece7505056\main.py Старт. Выполняемый шаг: Клик по Web-элементу. id: [Q2@mu?#NQ2xEX2OXYF$
2026-05-23T15:51:12+0300 INFO: C:\Users\Ksenya\Desktop\hakaton\main\resource\bce609ba-a7b1-4f17-ac43-77ece7505056\main.py Выполнение. Выполняемый шаг: Клик по Web-элементу. id: [Q2@mu?#NQ2xEX2OXYF$
2026-05-23T15:51:13+0300 INFO: C:\Users\Ksenya\Desktop\hakaton\main\resource\bce609ba-a7b1-4f17-ac43-77ece7505056\main.py Завершение. Выполняемый шаг: Клик по Web-элементу. id: [Q2@mu?#NQ2xEX2OXYF$
2026-05-23T15:51:13+0300 INFO: C:\Users\Ksenya\Desktop\hakaton\main\resource\bce609ba-a7b1-4f17-ac43-77ece7505056\main.py Старт. Выполняемый шаг: Задержка. id: `^?P,o-StU!YIwW:*51`
2026-05-23T15:51:13+0300 INFO: C:\Users\Ksenya\Desktop\hakaton\main\resource\bce609ba-a7b1-4f17-ac43-77ece7505056\main.py Выполнение. Выполняемый шаг: Задержка. id: `^?P,o-StU!YIwW:*51`
2026-05-23T15:51:13+0300 INFO: C:\Users\Ksenya\Desktop\hakaton\main\resource\bce609ba-a7b1-4f17-ac43-77ece7505056\main.py Старт. Выполняемый шаг: Преобразовать строку в число. id: uw`j?F`+X9C3RI;{kpUw
2026-05-23T15:51:13+0300 INFO: C:\Users\Ksenya\Desktop\hakaton\main\resource\bce609ba-a7b1-4f17-ac43-77ece7505056\main.py Завершение. Выполняемый шаг: Преобразовать строку в число. id: uw`j?F`+X9C3RI;{kpUw
2026-05-23T15:51:33+0300 INFO: C:\Users\Ksenya\Desktop\hakaton\main\resource\bce609ba-a7b1-4f17-ac43-77ece7505056\main.py Завершение. Выполняемый шаг: Задержка. id: `^?P,o-StU!YIwW:*51`
2026-05-23T15:51:33+0300 INFO: C:\Users\Ksenya\Desktop\hakaton\main\resource\bce609ba-a7b1-4f17-ac43-77ece7505056\main.py Старт. Выполняемый шаг: Клик по Web-элементу. id: !*p3azK$H5lkwE@DW$s_
2026-05-23T15:51:33+0300 INFO: C:\Users\Ksenya\Desktop\hakaton\main\resource\bce609ba-a7b1-4f17-ac43-77ece7505056\main.py Выполнение. Выполняемый шаг: Клик по Web-элементу. id: !*p3azK$H5lkwE@DW$s_
2026-05-23T15:51:33+0300 INFO: C:\Users\Ksenya\Desktop\hakaton\main\resource\bce609ba-a7b1-4f17-ac43-77ece7505056\main.py Завершение. Выполняемый шаг: Клик по Web-элементу. id: !*p3azK$H5lkwE@DW$s_
2026-05-23T15:51:33+0300 INFO: C:\Users\Ksenya\Desktop\hakaton\main\resource\bce609ba-a7b1-4f17-ac43-77ece7505056\main.py Старт. Выполняемый шаг: Клик по Web-элементу. id: ]8Xi8xyWQkijnuXN/Mwn
2026-05-23T15:51:33+0300 INFO: C:\Users\Ksenya\Desktop\hakaton\main\resource\bce609ba-a7b1-4f17-ac43-77ece7505056\main.py Выполнение. Выполняемый шаг: Клик по Web-элементу. id: ]8Xi8xyWQkijnuXN/Mwn
2026-05-23T15:51:34+0300 INFO: C:\Users\Ksenya\Desktop\hakaton\main\resource\bce609ba-a7b1-4f17-ac43-77ece7505056\main.py Завершение. Выполняемый шаг: Клик по Web-элементу. id: ]8Xi8xyWQkijnuXN/Mwn
2026-05-23T15:51:34+0300 INFO: C:\Users\Ksenya\Desktop\hakaton\main\resource\bce609ba-a7b1-4f17-ac43-77ece7505056\main.py Старт. Выполняемый шаг: Клик по Web-элементу. id: wxRx5H*x!wJc?~mRAGHs
2026-05-23T15:51:34+0300 INFO: C:\Users\Ksenya\Desktop\hakaton\main\resource\bce609ba-a7b1-4f17-ac43-77ece7505056\main.py Выполнение. Выполняемый шаг: Клик по Web-элементу. id: wxRx5H*x!wJc?~mRAGHs
2026-05-23T15:51:35+0300 INFO: C:\Users\Ksenya\Desktop\hakaton\main\resource\bce609ba-a7b1-4f17-ac43-77ece7505056\main.py Завершение. Выполняемый шаг: Клик по Web-элементу. id: wxRx5H*x!wJc?~mRAGHs
2026-05-23T15:51:35+0300 INFO: C:\Users\Ksenya\Desktop\hakaton\main\resource\bce609ba-a7b1-4f17-ac43-77ece7505056\main.py Старт. Выполняемый шаг: Ввод горячих клавиш в веб-сайт. id: L7LeB4+FWj$5N{.!ddBy
2026-05-23T15:51:35+0300 INFO: C:\Users\Ksenya\Desktop\hakaton\main\resource\bce609ba-a7b1-4f17-ac43-77ece7505056\main.py Выполнение. Выполняемый шаг: Ввод горячих клавиш в веб-сайт. id: L7LeB4+FWj$5N{.!ddBy
2026-05-23T15:51:35+0300 INFO: C:\Users\Ksenya\Desktop\hakaton\main\resource\bce609ba-a7b1-4f17-ac43-77ece7505056\main.py Завершение. Выполняемый шаг: Ввод горячих клавиш в веб-сайт. id: L7LeB4+FWj$5N{.!ddBy
2026-05-23T15:51:35+0300 INFO: C:\Users\Ksenya\Desktop\hakaton\main\resource\bce609ba-a7b1-4f17-ac43-77ece7505056\main.py Старт. Выполняемый шаг: Ввод в веб-сайт. id: e+Ee_w-]LW^OGD!#4RLi
2026-05-23T15:51:35+0300 INFO: C:\Users\Ksenya\Desktop\hakaton\main\resource\bce609ba-a7b1-4f17-ac43-77ece7505056\main.py Выполнение. Выполняемый шаг: Ввод в веб-сайт. id: e+Ee_w-]LW^OGD!#4RLi
2026-05-23T15:51:35+0300 INFO: C:\Users\Ksenya\Desktop\hakaton\main\resource\bce609ba-a7b1-4f17-ac43-77ece7505056\main.py Завершение. Выполняемый шаг: Ввод в веб-сайт. id: e+Ee_w-]LW^OGD!#4RLi
2026-05-23T15:51:35+0300 INFO: C:\Users\Ksenya\Desktop\hakaton\main\resource\bce609ba-a7b1-4f17-ac43-77ece7505056\main.py Старт. Выполняемый шаг: Клик по Web-элементу. id: @7-:CNPv,N:LCj9;cz^V
2026-05-23T15:51:35+0300 INFO: C:\Users\Ksenya\Desktop\hakaton\main\resource\bce609ba-a7b1-4f17-ac43-77ece7505056\main.py Выполнение. Выполняемый шаг: Клик по Web-элементу. id: @7-:CNPv,N:LCj9;cz^V
2026-05-23T15:51:36+0300 INFO: C:\Users\Ksenya\Desktop\hakaton\main\resource\bce609ba-a7b1-4f17-ac43-77ece7505056\main.py Завершение. Выполняемый шаг: Клик по Web-элементу. id: @7-:CNPv,N:LCj9;cz^V
2026-05-23T15:51:36+0300 INFO: C:\Users\Ksenya\Desktop\hakaton\main\resource\bce609ba-a7b1-4f17-ac43-77ece7505056\main.py Старт. Выполняемый шаг: Ввод горячих клавиш в веб-сайт. id: 8/zHO%G~o51XJG!Ynu*-
2026-05-23T15:51:36+0300 INFO: C:\Users\Ksenya\Desktop\hakaton\main\resource\bce609ba-a7b1-4f17-ac43-77ece7505056\main.py Выполнение. Выполняемый шаг: Ввод горячих клавиш в веб-сайт. id: 8/zHO%G~o51XJG!Ynu*-
2026-05-23T15:51:36+0300 INFO: C:\Users\Ksenya\Desktop\hakaton\main\resource\bce609ba-a7b1-4f17-ac43-77ece7505056\main.py Завершение. Выполняемый шаг: Ввод горячих клавиш в веб-сайт. id: 8/zHO%G~o51XJG!Ynu*-
2026-05-23T15:51:36+0300 INFO: C:\Users\Ksenya\Desktop\hakaton\main\resource\bce609ba-a7b1-4f17-ac43-77ece7505056\main.py Старт. Выполняемый шаг: Ввод в веб-сайт. id: aMkpq4ydQ^Cz@34Z(V3x
2026-05-23T15:51:36+0300 INFO: C:\Users\Ksenya\Desktop\hakaton\main\resource\bce609ba-a7b1-4f17-ac43-77ece7505056\main.py Выполнение. Выполняемый шаг: Ввод в веб-сайт. id: aMkpq4ydQ^Cz@34Z(V3x
2026-05-23T15:51:36+0300 INFO: C:\Users\Ksenya\Desktop\hakaton\main\resource\bce609ba-a7b1-4f17-ac43-77ece7505056\main.py Завершение. Выполняемый шаг: Ввод в веб-сайт. id: aMkpq4ydQ^Cz@34Z(V3x
2026-05-23T15:51:36+0300 INFO: C:\Users\Ksenya\Desktop\hakaton\main\resource\bce609ba-a7b1-4f17-ac43-77ece7505056\main.py Старт. Выполняемый шаг: Клик по Web-элементу. id: P#C9F|{6[rvIajcS#B0?
2026-05-23T15:51:36+0300 INFO: C:\Users\Ksenya\Desktop\hakaton\main\resource\bce609ba-a7b1-4f17-ac43-77ece7505056\main.py Выполнение. Выполняемый шаг: Клик по Web-элементу. id: P#C9F|{6[rvIajcS#B0?
2026-05-23T15:51:37+0300 INFO: C:\Users\Ksenya\Desktop\hakaton\main\resource\bce609ba-a7b1-4f17-ac43-77ece7505056\main.py Завершение. Выполняемый шаг: Клик по Web-элементу. id: P#C9F|{6[rvIajcS#B0?
2026-05-23T15:51:37+0300 INFO: C:\Users\Ksenya\Desktop\hakaton\main\resource\bce609ba-a7b1-4f17-ac43-77ece7505056\main.py Старт. Выполняемый шаг: Ввод горячих клавиш в веб-сайт. id: $IJ]qw/qBe.wqoPy$1ag
2026-05-23T15:51:37+0300 INFO: C:\Users\Ksenya\Desktop\hakaton\main\resource\bce609ba-a7b1-4f17-ac43-77ece7505056\main.py Выполнение. Выполняемый шаг: Ввод горячих клавиш в веб-сайт. id: $IJ]qw/qBe.wqoPy$1ag
2026-05-23T15:51:37+0300 INFO: C:\Users\Ksenya\Desktop\hakaton\main\resource\bce609ba-a7b1-4f17-ac43-77ece7505056\main.py Завершение. Выполняемый шаг: Ввод горячих клавиш в веб-сайт. id: $IJ]qw/qBe.wqoPy$1ag
2026-05-23T15:51:37+0300 INFO: C:\Users\Ksenya\Desktop\hakaton\main\resource\bce609ba-a7b1-4f17-ac43-77ece7505056\main.py Старт. Выполняемый шаг: Ввод в веб-сайт. id: 6k_0mXu,)P1r8zGe`]*M
2026-05-23T15:51:37+0300 INFO: C:\Users\Ksenya\Desktop\hakaton\main\resource\bce609ba-a7b1-4f17-ac43-77ece7505056\main.py Выполнение. Выполняемый шаг: Ввод в веб-сайт. id: 6k_0mXu,)P1r8zGe`]*M
2026-05-23T15:51:37+0300 INFO: C:\Users\Ksenya\Desktop\hakaton\main\resource\bce609ba-a7b1-4f17-ac43-77ece7505056\main.py Завершение. Выполняемый шаг: Ввод в веб-сайт. id: 6k_0mXu,)P1r8zGe`]*M
2026-05-23T15:51:37+0300 INFO: C:\Users\Ksenya\Desktop\hakaton\main\resource\bce609ba-a7b1-4f17-ac43-77ece7505056\main.py Старт. Выполняемый шаг: Клик по Web-элементу. id: 2|)*w/x[i^%Clh|4N/:Z
2026-05-23T15:51:37+0300 INFO: C:\Users\Ksenya\Desktop\hakaton\main\resource\bce609ba-a7b1-4f17-ac43-77ece7505056\main.py Выполнение. Выполняемый шаг: Клик по Web-элементу. id: 2|)*w/x[i^%Clh|4N/:Z
2026-05-23T15:51:37+0300 INFO: C:\Users\Ksenya\Desktop\hakaton\main\resource\bce609ba-a7b1-4f17-ac43-77ece7505056\main.py Завершение. Выполняемый шаг: Клик по Web-элементу. id: 2|)*w/x[i^%Clh|4N/:Z
2026-05-23T15:51:37+0300 INFO: C:\Users\Ksenya\Desktop\hakaton\main\resource\bce609ba-a7b1-4f17-ac43-77ece7505056\main.py Ответ получен. Сохраняю в файл
2026-05-23T15:51:37+0300 INFO: C:\Users\Ksenya\Desktop\hakaton\main\resource\bce609ba-a7b1-4f17-ac43-77ece7505056\main.py Старт. Выполняемый шаг: Присвоить значение переменной. id: jMBKenGW}MvB]@BLj|h;
2026-05-23T15:51:37+0300 INFO: C:\Users\Ksenya\Desktop\hakaton\main\resource\bce609ba-a7b1-4f17-ac43-77ece7505056\main.py Выполнение. Выполняемый шаг: Присвоить значение переменной. id: jMBKenGW}MvB]@BLj|h;
2026-05-23T15:51:37+0300 INFO: C:\Users\Ksenya\Desktop\hakaton\main\resource\bce609ba-a7b1-4f17-ac43-77ece7505056\main.py Завершение. Выполняемый шаг: Присвоить значение переменной. id: jMBKenGW}MvB]@BLj|h;
2026-05-23T15:51:37+0300 INFO: C:\Users\Ksenya\Desktop\hakaton\main\resource\bce609ba-a7b1-4f17-ac43-77ece7505056\main.py Ответ получен. Сохраняю файл
2026-05-23T15:51:37+0300 INFO: C:\Users\Ksenya\Desktop\hakaton\main\resource\bce609ba-a7b1-4f17-ac43-77ece7505056\main.py Файл создан:C:\Users\Ksenya\Desktop\hakaton\main\resource\outputosv_march.xlsx
2026-05-23T15:51:37+0300 INFO: C:\Users\Ksenya\Desktop\hakaton\main\resource\bce609ba-a7b1-4f17-ac43-77ece7505056\main.py Завершение. Выполняемый шаг: Обработка ошибки. id: E(ohZ?TiZWX5;}Gqu-r,
2026-05-23T15:51:37+0300 INFO: Завершение работы робота: C:\Users\Ksenya\Desktop\hakaton\main\resource\bce609ba-a7b1-4f17-ac43-77ece7505056\main.py
2026-05-23T16:03:32+0300 INFO: Старт робота: C:\Users\Ksenya\Desktop\hakaton\main\resource\55d9ad18-6cde-4a69-ac87-e3b1cd7ba092\main.py
2026-05-23T16:03:32+0300 INFO: C:\Users\Ksenya\Desktop\hakaton\main\resource\55d9ad18-6cde-4a69-ac87-e3b1cd7ba092\main.py Старт. Выполняемый шаг: Обработка ошибки. id: E(ohZ?TiZWX5;}Gqu-r,
2026-05-23T16:03:54+0300 INFO: C:\Users\Ksenya\Desktop\hakaton\main\resource\55d9ad18-6cde-4a69-ac87-e3b1cd7ba092\main.py Выполнение. Выполняемый шаг: Обработка ошибки. id: E(ohZ?TiZWX5;}Gqu-r,
2026-05-23T16:03:54+0300 INFO: C:\Users\Ksenya\Desktop\hakaton\main\resource\55d9ad18-6cde-4a69-ac87-e3b1cd7ba092\main.py Робот запущен
2026-05-23T16:03:54+0300 INFO: C:\Users\Ksenya\Desktop\hakaton\main\resource\55d9ad18-6cde-4a69-ac87-e3b1cd7ba092\main.py Старт. Выполняемый шаг: Присвоить значение переменной. id: uT8K_dR,wNXk4m?dkCsM
2026-05-23T16:03:55+0300 INFO: C:\Users\Ksenya\Desktop\hakaton\main\resource\55d9ad18-6cde-4a69-ac87-e3b1cd7ba092\main.py Выполнение. Выполняемый шаг: Присвоить значение переменной. id: uT8K_dR,wNXk4m?dkCsM
2026-05-23T16:03:55+0300 INFO: C:\Users\Ksenya\Desktop\hakaton\main\resource\55d9ad18-6cde-4a69-ac87-e3b1cd7ba092\main.py Завершение. Выполняемый шаг: Присвоить значение переменной. id: uT8K_dR,wNXk4m?dkCsM
2026-05-23T16:03:55+0300 INFO: C:\Users\Ksenya\Desktop\hakaton\main\resource\55d9ad18-6cde-4a69-ac87-e3b1cd7ba092\main.py Старт. Выполняемый шаг: Присвоить значение переменной. id: :MAZ.Rz62:ZsFDl7vQQJ
2026-05-23T16:03:55+0300 INFO: C:\Users\Ksenya\Desktop\hakaton\main\resource\55d9ad18-6cde-4a69-ac87-e3b1cd7ba092\main.py Выполнение. Выполняемый шаг: Присвоить значение переменной. id: :MAZ.Rz62:ZsFDl7vQQJ
2026-05-23T16:03:55+0300 INFO: C:\Users\Ksenya\Desktop\hakaton\main\resource\55d9ad18-6cde-4a69-ac87-e3b1cd7ba092\main.py Завершение. Выполняемый шаг: Присвоить значение переменной. id: :MAZ.Rz62:ZsFDl7vQQJ
2026-05-23T16:03:55+0300 INFO: C:\Users\Ksenya\Desktop\hakaton\main\resource\55d9ad18-6cde-4a69-ac87-e3b1cd7ba092\main.py Старт. Выполняемый шаг: Присвоить значение переменной. id: WBqw15|Z#}dx_{yM[UJS
2026-05-23T16:03:55+0300 INFO: C:\Users\Ksenya\Desktop\hakaton\main\resource\55d9ad18-6cde-4a69-ac87-e3b1cd7ba092\main.py Выполнение. Выполняемый шаг: Присвоить значение переменной. id: WBqw15|Z#}dx_{yM[UJS
2026-05-23T16:03:55+0300 INFO: C:\Users\Ksenya\Desktop\hakaton\main\resource\55d9ad18-6cde-4a69-ac87-e3b1cd7ba092\main.py Завершение. Выполняемый шаг: Присвоить значение переменной. id: WBqw15|Z#}dx_{yM[UJS
2026-05-23T16:03:55+0300 INFO: C:\Users\Ksenya\Desktop\hakaton\main\resource\55d9ad18-6cde-4a69-ac87-e3b1cd7ba092\main.py Старт. Выполняемый шаг: Присвоить значение переменной. id: ZD}VS]B8yU%7IR$_1:gx
2026-05-23T16:03:55+0300 INFO: C:\Users\Ksenya\Desktop\hakaton\main\resource\55d9ad18-6cde-4a69-ac87-e3b1cd7ba092\main.py Выполнение. Выполняемый шаг: Присвоить значение переменной. id: ZD}VS]B8yU%7IR$_1:gx
2026-05-23T16:03:55+0300 INFO: C:\Users\Ksenya\Desktop\hakaton\main\resource\55d9ad18-6cde-4a69-ac87-e3b1cd7ba092\main.py Старт. Выполняемый шаг: Прочитать файл. id: h-7qLFMP}Ex#VZ)Ao@jd
2026-05-23T16:03:55+0300 INFO: C:\Users\Ksenya\Desktop\hakaton\main\resource\55d9ad18-6cde-4a69-ac87-e3b1cd7ba092\main.py Завершение. Выполняемый шаг: Прочитать файл. id: h-7qLFMP}Ex#VZ)Ao@jd
2026-05-23T16:03:55+0300 INFO: C:\Users\Ksenya\Desktop\hakaton\main\resource\55d9ad18-6cde-4a69-ac87-e3b1cd7ba092\main.py Завершение. Выполняемый шаг: Присвоить значение переменной. id: ZD}VS]B8yU%7IR$_1:gx
2026-05-23T16:03:55+0300 INFO: C:\Users\Ksenya\Desktop\hakaton\main\resource\55d9ad18-6cde-4a69-ac87-e3b1cd7ba092\main.py Старт. Выполняемый шаг: Присвоить значение переменной. id: ^0R|78#C*6Lo31|B;%K9
2026-05-23T16:03:55+0300 INFO: C:\Users\Ksenya\Desktop\hakaton\main\resource\55d9ad18-6cde-4a69-ac87-e3b1cd7ba092\main.py Выполнение. Выполняемый шаг: Присвоить значение переменной. id: ^0R|78#C*6Lo31|B;%K9
2026-05-23T16:03:55+0300 INFO: C:\Users\Ksenya\Desktop\hakaton\main\resource\55d9ad18-6cde-4a69-ac87-e3b1cd7ba092\main.py Завершение. Выполняемый шаг: Присвоить значение переменной. id: ^0R|78#C*6Lo31|B;%K9
2026-05-23T16:03:55+0300 INFO: C:\Users\Ksenya\Desktop\hakaton\main\resource\55d9ad18-6cde-4a69-ac87-e3b1cd7ba092\main.py Старт. Выполняемый шаг: Присвоить значение переменной. id: p$O:QoI+|4ux$8{ysFr:
2026-05-23T16:03:55+0300 INFO: C:\Users\Ksenya\Desktop\hakaton\main\resource\55d9ad18-6cde-4a69-ac87-e3b1cd7ba092\main.py Выполнение. Выполняемый шаг: Присвоить значение переменной. id: p$O:QoI+|4ux$8{ysFr:
2026-05-23T16:03:55+0300 INFO: C:\Users\Ksenya\Desktop\hakaton\main\resource\55d9ad18-6cde-4a69-ac87-e3b1cd7ba092\main.py Завершение. Выполняемый шаг: Присвоить значение переменной. id: p$O:QoI+|4ux$8{ysFr:
2026-05-23T16:03:55+0300 INFO: C:\Users\Ksenya\Desktop\hakaton\main\resource\55d9ad18-6cde-4a69-ac87-e3b1cd7ba092\main.py Старт. Выполняемый шаг: Присвоить значение переменной. id: ]Nwow_`34-zY1snYsMa=
2026-05-23T16:03:55+0300 INFO: C:\Users\Ksenya\Desktop\hakaton\main\resource\55d9ad18-6cde-4a69-ac87-e3b1cd7ba092\main.py Выполнение. Выполняемый шаг: Присвоить значение переменной. id: ]Nwow_`34-zY1snYsMa=
2026-05-23T16:03:55+0300 INFO: C:\Users\Ksenya\Desktop\hakaton\main\resource\55d9ad18-6cde-4a69-ac87-e3b1cd7ba092\main.py Завершение. Выполняемый шаг: Присвоить значение переменной. id: ]Nwow_`34-zY1snYsMa=
2026-05-23T16:03:55+0300 INFO: C:\Users\Ksenya\Desktop\hakaton\main\resource\55d9ad18-6cde-4a69-ac87-e3b1cd7ba092\main.py Старт. Выполняемый шаг: Присвоить значение переменной. id: 7qHD^~+B#bUSw)9hi;V5
2026-05-23T16:03:55+0300 INFO: C:\Users\Ksenya\Desktop\hakaton\main\resource\55d9ad18-6cde-4a69-ac87-e3b1cd7ba092\main.py Выполнение. Выполняемый шаг: Присвоить значение переменной. id: 7qHD^~+B#bUSw)9hi;V5
2026-05-23T16:03:55+0300 INFO: C:\Users\Ksenya\Desktop\hakaton\main\resource\55d9ad18-6cde-4a69-ac87-e3b1cd7ba092\main.py Завершение. Выполняемый шаг: Присвоить значение переменной. id: 7qHD^~+B#bUSw)9hi;V5
2026-05-23T16:03:55+0300 INFO: C:\Users\Ksenya\Desktop\hakaton\main\resource\55d9ad18-6cde-4a69-ac87-e3b1cd7ba092\main.py Старт. Выполняемый шаг: Присвоить значение переменной. id: 3oGjmJ`CaVRVz9#qu*_m
2026-05-23T16:03:56+0300 INFO: C:\Users\Ksenya\Desktop\hakaton\main\resource\55d9ad18-6cde-4a69-ac87-e3b1cd7ba092\main.py Выполнение. Выполняемый шаг: Присвоить значение переменной. id: 3oGjmJ`CaVRVz9#qu*_m
2026-05-23T16:03:56+0300 INFO: C:\Users\Ksenya\Desktop\hakaton\main\resource\55d9ad18-6cde-4a69-ac87-e3b1cd7ba092\main.py Завершение. Выполняемый шаг: Присвоить значение переменной. id: 3oGjmJ`CaVRVz9#qu*_m
2026-05-23T16:03:56+0300 INFO: C:\Users\Ksenya\Desktop\hakaton\main\resource\55d9ad18-6cde-4a69-ac87-e3b1cd7ba092\main.py Старт. Выполняемый шаг: Присвоить значение переменной. id: :kF]*7FA#}yI!L)At3D0
2026-05-23T16:03:56+0300 INFO: C:\Users\Ksenya\Desktop\hakaton\main\resource\55d9ad18-6cde-4a69-ac87-e3b1cd7ba092\main.py Выполнение. Выполняемый шаг: Присвоить значение переменной. id: :kF]*7FA#}yI!L)At3D0
2026-05-23T16:03:56+0300 INFO: C:\Users\Ksenya\Desktop\hakaton\main\resource\55d9ad18-6cde-4a69-ac87-e3b1cd7ba092\main.py Завершение. Выполняемый шаг: Присвоить значение переменной. id: :kF]*7FA#}yI!L)At3D0
2026-05-23T16:03:56+0300 INFO: C:\Users\Ksenya\Desktop\hakaton\main\resource\55d9ad18-6cde-4a69-ac87-e3b1cd7ba092\main.py Отправляю запрос в 1С
2026-05-23T16:03:56+0300 INFO: C:\Users\Ksenya\Desktop\hakaton\main\resource\55d9ad18-6cde-4a69-ac87-e3b1cd7ba092\main.py Старт. Выполняемый шаг: Присвоить значение переменной. id: 5Ew%Wt$JK+7d7TXLxId_
2026-05-23T16:03:56+0300 INFO: C:\Users\Ksenya\Desktop\hakaton\main\resource\55d9ad18-6cde-4a69-ac87-e3b1cd7ba092\main.py Выполнение. Выполняемый шаг: Присвоить значение переменной. id: 5Ew%Wt$JK+7d7TXLxId_
2026-05-23T16:03:56+0300 INFO: C:\Users\Ksenya\Desktop\hakaton\main\resource\55d9ad18-6cde-4a69-ac87-e3b1cd7ba092\main.py Старт. Выполняемый шаг: Создать сессию браузера. id: 4#bM-7PYt%bTkrSh8bfZ
2026-05-23T16:03:56+0300 INFO: C:\Users\Ksenya\Desktop\hakaton\main\resource\55d9ad18-6cde-4a69-ac87-e3b1cd7ba092\main.py Завершение. Выполняемый шаг: Создать сессию браузера. id: 4#bM-7PYt%bTkrSh8bfZ
2026-05-23T16:03:56+0300 INFO: C:\Users\Ksenya\Desktop\hakaton\main\resource\55d9ad18-6cde-4a69-ac87-e3b1cd7ba092\main.py Завершение. Выполняемый шаг: Присвоить значение переменной. id: 5Ew%Wt$JK+7d7TXLxId_
2026-05-23T16:03:56+0300 INFO: C:\Users\Ksenya\Desktop\hakaton\main\resource\55d9ad18-6cde-4a69-ac87-e3b1cd7ba092\main.py Старт. Выполняемый шаг: Открыть страницу в браузере. id: _{QT4zD{Fqs69!/:|#zp
2026-05-23T16:03:56+0300 INFO: C:\Users\Ksenya\Desktop\hakaton\main\resource\55d9ad18-6cde-4a69-ac87-e3b1cd7ba092\main.py Выполнение. Выполняемый шаг: Открыть страницу в браузере. id: _{QT4zD{Fqs69!/:|#zp
2026-05-23T16:03:56+0300 INFO: C:\Users\Ksenya\Desktop\hakaton\main\resource\55d9ad18-6cde-4a69-ac87-e3b1cd7ba092\main.py Завершение. Выполняемый шаг: Открыть страницу в браузере. id: _{QT4zD{Fqs69!/:|#zp
2026-05-23T16:03:56+0300 INFO: C:\Users\Ksenya\Desktop\hakaton\main\resource\55d9ad18-6cde-4a69-ac87-e3b1cd7ba092\main.py Старт. Выполняемый шаг: Задержка. id: ??=,o)g^!HRb+gO2+Wzh
2026-05-23T16:03:56+0300 INFO: C:\Users\Ksenya\Desktop\hakaton\main\resource\55d9ad18-6cde-4a69-ac87-e3b1cd7ba092\main.py Выполнение. Выполняемый шаг: Задержка. id: ??=,o)g^!HRb+gO2+Wzh
2026-05-23T16:03:56+0300 INFO: C:\Users\Ksenya\Desktop\hakaton\main\resource\55d9ad18-6cde-4a69-ac87-e3b1cd7ba092\main.py Старт. Выполняемый шаг: Преобразовать строку в число. id: {Rsp$JX%Cwa].U=6UmD=
2026-05-23T16:03:56+0300 INFO: C:\Users\Ksenya\Desktop\hakaton\main\resource\55d9ad18-6cde-4a69-ac87-e3b1cd7ba092\main.py Завершение. Выполняемый шаг: Преобразовать строку в число. id: {Rsp$JX%Cwa].U=6UmD=
2026-05-23T16:03:59+0300 INFO: C:\Users\Ksenya\Desktop\hakaton\main\resource\55d9ad18-6cde-4a69-ac87-e3b1cd7ba092\main.py Завершение. Выполняемый шаг: Задержка. id: ??=,o)g^!HRb+gO2+Wzh
2026-05-23T16:03:59+0300 INFO: C:\Users\Ksenya\Desktop\hakaton\main\resource\55d9ad18-6cde-4a69-ac87-e3b1cd7ba092\main.py Старт. Выполняемый шаг: Клик по Web-элементу. id: EBp7HZH}x+19aqf!)2/)
2026-05-23T16:03:59+0300 INFO: C:\Users\Ksenya\Desktop\hakaton\main\resource\55d9ad18-6cde-4a69-ac87-e3b1cd7ba092\main.py Выполнение. Выполняемый шаг: Клик по Web-элементу. id: EBp7HZH}x+19aqf!)2/)
2026-05-23T16:03:59+0300 INFO: C:\Users\Ksenya\Desktop\hakaton\main\resource\55d9ad18-6cde-4a69-ac87-e3b1cd7ba092\main.py Завершение. Выполняемый шаг: Клик по Web-элементу. id: EBp7HZH}x+19aqf!)2/)
2026-05-23T16:03:59+0300 INFO: C:\Users\Ksenya\Desktop\hakaton\main\resource\55d9ad18-6cde-4a69-ac87-e3b1cd7ba092\main.py Старт. Выполняемый шаг: Ввод в веб-сайт. id: %w9B]^SDY]u6w8A[VN]B
2026-05-23T16:04:00+0300 INFO: C:\Users\Ksenya\Desktop\hakaton\main\resource\55d9ad18-6cde-4a69-ac87-e3b1cd7ba092\main.py Выполнение. Выполняемый шаг: Ввод в веб-сайт. id: %w9B]^SDY]u6w8A[VN]B
2026-05-23T16:04:00+0300 INFO: C:\Users\Ksenya\Desktop\hakaton\main\resource\55d9ad18-6cde-4a69-ac87-e3b1cd7ba092\main.py Завершение. Выполняемый шаг: Ввод в веб-сайт. id: %w9B]^SDY]u6w8A[VN]B
2026-05-23T16:04:00+0300 INFO: C:\Users\Ksenya\Desktop\hakaton\main\resource\55d9ad18-6cde-4a69-ac87-e3b1cd7ba092\main.py Старт. Выполняемый шаг: Клик по Web-элементу. id: H6A$`ZrfUnP;M.)V!gP%
2026-05-23T16:04:00+0300 INFO: C:\Users\Ksenya\Desktop\hakaton\main\resource\55d9ad18-6cde-4a69-ac87-e3b1cd7ba092\main.py Выполнение. Выполняемый шаг: Клик по Web-элементу. id: H6A$`ZrfUnP;M.)V!gP%
2026-05-23T16:04:00+0300 INFO: C:\Users\Ksenya\Desktop\hakaton\main\resource\55d9ad18-6cde-4a69-ac87-e3b1cd7ba092\main.py Завершение. Выполняемый шаг: Клик по Web-элементу. id: H6A$`ZrfUnP;M.)V!gP%
2026-05-23T16:04:00+0300 INFO: C:\Users\Ksenya\Desktop\hakaton\main\resource\55d9ad18-6cde-4a69-ac87-e3b1cd7ba092\main.py Старт. Выполняемый шаг: Ввод в веб-сайт. id: y:}|lxK((=67v}qu8Ym-
2026-05-23T16:04:00+0300 INFO: C:\Users\Ksenya\Desktop\hakaton\main\resource\55d9ad18-6cde-4a69-ac87-e3b1cd7ba092\main.py Выполнение. Выполняемый шаг: Ввод в веб-сайт. id: y:}|lxK((=67v}qu8Ym-
2026-05-23T16:04:00+0300 INFO: C:\Users\Ksenya\Desktop\hakaton\main\resource\55d9ad18-6cde-4a69-ac87-e3b1cd7ba092\main.py Завершение. Выполняемый шаг: Ввод в веб-сайт. id: y:}|lxK((=67v}qu8Ym-
2026-05-23T16:04:00+0300 INFO: C:\Users\Ksenya\Desktop\hakaton\main\resource\55d9ad18-6cde-4a69-ac87-e3b1cd7ba092\main.py Старт. Выполняемый шаг: Клик по Web-элементу. id: [Q2@mu?#NQ2xEX2OXYF$
2026-05-23T16:04:00+0300 INFO: C:\Users\Ksenya\Desktop\hakaton\main\resource\55d9ad18-6cde-4a69-ac87-e3b1cd7ba092\main.py Выполнение. Выполняемый шаг: Клик по Web-элементу. id: [Q2@mu?#NQ2xEX2OXYF$
2026-05-23T16:04:01+0300 INFO: C:\Users\Ksenya\Desktop\hakaton\main\resource\55d9ad18-6cde-4a69-ac87-e3b1cd7ba092\main.py Завершение. Выполняемый шаг: Клик по Web-элементу. id: [Q2@mu?#NQ2xEX2OXYF$
2026-05-23T16:04:01+0300 INFO: C:\Users\Ksenya\Desktop\hakaton\main\resource\55d9ad18-6cde-4a69-ac87-e3b1cd7ba092\main.py Старт. Выполняемый шаг: Задержка. id: `^?P,o-StU!YIwW:*51`
2026-05-23T16:04:01+0300 INFO: C:\Users\Ksenya\Desktop\hakaton\main\resource\55d9ad18-6cde-4a69-ac87-e3b1cd7ba092\main.py Выполнение. Выполняемый шаг: Задержка. id: `^?P,o-StU!YIwW:*51`
2026-05-23T16:04:01+0300 INFO: C:\Users\Ksenya\Desktop\hakaton\main\resource\55d9ad18-6cde-4a69-ac87-e3b1cd7ba092\main.py Старт. Выполняемый шаг: Преобразовать строку в число. id: uw`j?F`+X9C3RI;{kpUw
2026-05-23T16:04:01+0300 INFO: C:\Users\Ksenya\Desktop\hakaton\main\resource\55d9ad18-6cde-4a69-ac87-e3b1cd7ba092\main.py Завершение. Выполняемый шаг: Преобразовать строку в число. id: uw`j?F`+X9C3RI;{kpUw
2026-05-23T16:04:21+0300 INFO: C:\Users\Ksenya\Desktop\hakaton\main\resource\55d9ad18-6cde-4a69-ac87-e3b1cd7ba092\main.py Завершение. Выполняемый шаг: Задержка. id: `^?P,o-StU!YIwW:*51`
2026-05-23T16:04:21+0300 INFO: C:\Users\Ksenya\Desktop\hakaton\main\resource\55d9ad18-6cde-4a69-ac87-e3b1cd7ba092\main.py Старт. Выполняемый шаг: Клик по Web-элементу. id: !*p3azK$H5lkwE@DW$s_
2026-05-23T16:04:21+0300 INFO: C:\Users\Ksenya\Desktop\hakaton\main\resource\55d9ad18-6cde-4a69-ac87-e3b1cd7ba092\main.py Выполнение. Выполняемый шаг: Клик по Web-элементу. id: !*p3azK$H5lkwE@DW$s_
2026-05-23T16:04:21+0300 INFO: C:\Users\Ksenya\Desktop\hakaton\main\resource\55d9ad18-6cde-4a69-ac87-e3b1cd7ba092\main.py Завершение. Выполняемый шаг: Клик по Web-элементу. id: !*p3azK$H5lkwE@DW$s_
2026-05-23T16:04:21+0300 INFO: C:\Users\Ksenya\Desktop\hakaton\main\resource\55d9ad18-6cde-4a69-ac87-e3b1cd7ba092\main.py Старт. Выполняемый шаг: Клик по Web-элементу. id: ]8Xi8xyWQkijnuXN/Mwn
2026-05-23T16:04:21+0300 INFO: C:\Users\Ksenya\Desktop\hakaton\main\resource\55d9ad18-6cde-4a69-ac87-e3b1cd7ba092\main.py Выполнение. Выполняемый шаг: Клик по Web-элементу. id: ]8Xi8xyWQkijnuXN/Mwn
2026-05-23T16:04:21+0300 INFO: C:\Users\Ksenya\Desktop\hakaton\main\resource\55d9ad18-6cde-4a69-ac87-e3b1cd7ba092\main.py Завершение. Выполняемый шаг: Клик по Web-элементу. id: ]8Xi8xyWQkijnuXN/Mwn
2026-05-23T16:04:21+0300 INFO: C:\Users\Ksenya\Desktop\hakaton\main\resource\55d9ad18-6cde-4a69-ac87-e3b1cd7ba092\main.py Старт. Выполняемый шаг: Ввод в 1C-веб. id: GY)ZR_u4zf.~_0inu*)x
2026-05-23T16:04:21+0300 INFO: C:\Users\Ksenya\Desktop\hakaton\main\resource\55d9ad18-6cde-4a69-ac87-e3b1cd7ba092\main.py Выполнение. Выполняемый шаг: Ввод в 1C-веб. id: GY)ZR_u4zf.~_0inu*)x
2026-05-23T16:07:44+0300 INFO: Старт робота: C:\Users\Ksenya\Desktop\hakaton\main\resource\504cedc9-a572-43a4-ba87-0edc2901f83e\main.py
2026-05-23T16:07:44+0300 INFO: C:\Users\Ksenya\Desktop\hakaton\main\resource\504cedc9-a572-43a4-ba87-0edc2901f83e\main.py Старт. Выполняемый шаг: Обработка ошибки. id: E(ohZ?TiZWX5;}Gqu-r,
2026-05-23T16:07:44+0300 INFO: C:\Users\Ksenya\Desktop\hakaton\main\resource\504cedc9-a572-43a4-ba87-0edc2901f83e\main.py Выполнение. Выполняемый шаг: Обработка ошибки. id: E(ohZ?TiZWX5;}Gqu-r,
2026-05-23T16:07:44+0300 INFO: C:\Users\Ksenya\Desktop\hakaton\main\resource\504cedc9-a572-43a4-ba87-0edc2901f83e\main.py Робот запущен
2026-05-23T16:07:44+0300 INFO: C:\Users\Ksenya\Desktop\hakaton\main\resource\504cedc9-a572-43a4-ba87-0edc2901f83e\main.py Старт. Выполняемый шаг: Присвоить значение переменной. id: uT8K_dR,wNXk4m?dkCsM
2026-05-23T16:07:45+0300 INFO: C:\Users\Ksenya\Desktop\hakaton\main\resource\504cedc9-a572-43a4-ba87-0edc2901f83e\main.py Выполнение. Выполняемый шаг: Присвоить значение переменной. id: uT8K_dR,wNXk4m?dkCsM
2026-05-23T16:07:45+0300 INFO: C:\Users\Ksenya\Desktop\hakaton\main\resource\504cedc9-a572-43a4-ba87-0edc2901f83e\main.py Завершение. Выполняемый шаг: Присвоить значение переменной. id: uT8K_dR,wNXk4m?dkCsM
2026-05-23T16:07:45+0300 INFO: C:\Users\Ksenya\Desktop\hakaton\main\resource\504cedc9-a572-43a4-ba87-0edc2901f83e\main.py Старт. Выполняемый шаг: Присвоить значение переменной. id: :MAZ.Rz62:ZsFDl7vQQJ
2026-05-23T16:07:45+0300 INFO: C:\Users\Ksenya\Desktop\hakaton\main\resource\504cedc9-a572-43a4-ba87-0edc2901f83e\main.py Выполнение. Выполняемый шаг: Присвоить значение переменной. id: :MAZ.Rz62:ZsFDl7vQQJ
2026-05-23T16:07:45+0300 INFO: C:\Users\Ksenya\Desktop\hakaton\main\resource\504cedc9-a572-43a4-ba87-0edc2901f83e\main.py Завершение. Выполняемый шаг: Присвоить значение переменной. id: :MAZ.Rz62:ZsFDl7vQQJ
2026-05-23T16:07:45+0300 INFO: C:\Users\Ksenya\Desktop\hakaton\main\resource\504cedc9-a572-43a4-ba87-0edc2901f83e\main.py Старт. Выполняемый шаг: Присвоить значение переменной. id: WBqw15|Z#}dx_{yM[UJS
2026-05-23T16:07:45+0300 INFO: C:\Users\Ksenya\Desktop\hakaton\main\resource\504cedc9-a572-43a4-ba87-0edc2901f83e\main.py Выполнение. Выполняемый шаг: Присвоить значение переменной. id: WBqw15|Z#}dx_{yM[UJS
2026-05-23T16:07:45+0300 INFO: C:\Users\Ksenya\Desktop\hakaton\main\resource\504cedc9-a572-43a4-ba87-0edc2901f83e\main.py Завершение. Выполняемый шаг: Присвоить значение переменной. id: WBqw15|Z#}dx_{yM[UJS
2026-05-23T16:07:45+0300 INFO: C:\Users\Ksenya\Desktop\hakaton\main\resource\504cedc9-a572-43a4-ba87-0edc2901f83e\main.py Старт. Выполняемый шаг: Присвоить значение переменной. id: ZD}VS]B8yU%7IR$_1:gx
2026-05-23T16:07:46+0300 INFO: C:\Users\Ksenya\Desktop\hakaton\main\resource\504cedc9-a572-43a4-ba87-0edc2901f83e\main.py Выполнение. Выполняемый шаг: Присвоить значение переменной. id: ZD}VS]B8yU%7IR$_1:gx
2026-05-23T16:07:46+0300 INFO: C:\Users\Ksenya\Desktop\hakaton\main\resource\504cedc9-a572-43a4-ba87-0edc2901f83e\main.py Старт. Выполняемый шаг: Прочитать файл. id: h-7qLFMP}Ex#VZ)Ao@jd
2026-05-23T16:07:46+0300 INFO: C:\Users\Ksenya\Desktop\hakaton\main\resource\504cedc9-a572-43a4-ba87-0edc2901f83e\main.py Завершение. Выполняемый шаг: Прочитать файл. id: h-7qLFMP}Ex#VZ)Ao@jd
2026-05-23T16:07:46+0300 INFO: C:\Users\Ksenya\Desktop\hakaton\main\resource\504cedc9-a572-43a4-ba87-0edc2901f83e\main.py Завершение. Выполняемый шаг: Присвоить значение переменной. id: ZD}VS]B8yU%7IR$_1:gx
2026-05-23T16:07:46+0300 INFO: C:\Users\Ksenya\Desktop\hakaton\main\resource\504cedc9-a572-43a4-ba87-0edc2901f83e\main.py Старт. Выполняемый шаг: Присвоить значение переменной. id: ^0R|78#C*6Lo31|B;%K9
2026-05-23T16:07:46+0300 INFO: C:\Users\Ksenya\Desktop\hakaton\main\resource\504cedc9-a572-43a4-ba87-0edc2901f83e\main.py Выполнение. Выполняемый шаг: Присвоить значение переменной. id: ^0R|78#C*6Lo31|B;%K9
2026-05-23T16:07:46+0300 INFO: C:\Users\Ksenya\Desktop\hakaton\main\resource\504cedc9-a572-43a4-ba87-0edc2901f83e\main.py Завершение. Выполняемый шаг: Присвоить значение переменной. id: ^0R|78#C*6Lo31|B;%K9
2026-05-23T16:07:46+0300 INFO: C:\Users\Ksenya\Desktop\hakaton\main\resource\504cedc9-a572-43a4-ba87-0edc2901f83e\main.py Старт. Выполняемый шаг: Присвоить значение переменной. id: p$O:QoI+|4ux$8{ysFr:
2026-05-23T16:07:46+0300 INFO: C:\Users\Ksenya\Desktop\hakaton\main\resource\504cedc9-a572-43a4-ba87-0edc2901f83e\main.py Выполнение. Выполняемый шаг: Присвоить значение переменной. id: p$O:QoI+|4ux$8{ysFr:
2026-05-23T16:07:46+0300 INFO: C:\Users\Ksenya\Desktop\hakaton\main\resource\504cedc9-a572-43a4-ba87-0edc2901f83e\main.py Завершение. Выполняемый шаг: Присвоить значение переменной. id: p$O:QoI+|4ux$8{ysFr:
2026-05-23T16:07:46+0300 INFO: C:\Users\Ksenya\Desktop\hakaton\main\resource\504cedc9-a572-43a4-ba87-0edc2901f83e\main.py Старт. Выполняемый шаг: Присвоить значение переменной. id: ]Nwow_`34-zY1snYsMa=
2026-05-23T16:07:46+0300 INFO: C:\Users\Ksenya\Desktop\hakaton\main\resource\504cedc9-a572-43a4-ba87-0edc2901f83e\main.py Выполнение. Выполняемый шаг: Присвоить значение переменной. id: ]Nwow_`34-zY1snYsMa=
2026-05-23T16:07:46+0300 INFO: C:\Users\Ksenya\Desktop\hakaton\main\resource\504cedc9-a572-43a4-ba87-0edc2901f83e\main.py Завершение. Выполняемый шаг: Присвоить значение переменной. id: ]Nwow_`34-zY1snYsMa=
2026-05-23T16:07:46+0300 INFO: C:\Users\Ksenya\Desktop\hakaton\main\resource\504cedc9-a572-43a4-ba87-0edc2901f83e\main.py Старт. Выполняемый шаг: Присвоить значение переменной. id: 7qHD^~+B#bUSw)9hi;V5
2026-05-23T16:07:46+0300 INFO: C:\Users\Ksenya\Desktop\hakaton\main\resource\504cedc9-a572-43a4-ba87-0edc2901f83e\main.py Выполнение. Выполняемый шаг: Присвоить значение переменной. id: 7qHD^~+B#bUSw)9hi;V5
2026-05-23T16:07:46+0300 INFO: C:\Users\Ksenya\Desktop\hakaton\main\resource\504cedc9-a572-43a4-ba87-0edc2901f83e\main.py Завершение. Выполняемый шаг: Присвоить значение переменной. id: 7qHD^~+B#bUSw)9hi;V5
2026-05-23T16:07:46+0300 INFO: C:\Users\Ksenya\Desktop\hakaton\main\resource\504cedc9-a572-43a4-ba87-0edc2901f83e\main.py Старт. Выполняемый шаг: Присвоить значение переменной. id: 3oGjmJ`CaVRVz9#qu*_m
2026-05-23T16:07:46+0300 INFO: C:\Users\Ksenya\Desktop\hakaton\main\resource\504cedc9-a572-43a4-ba87-0edc2901f83e\main.py Выполнение. Выполняемый шаг: Присвоить значение переменной. id: 3oGjmJ`CaVRVz9#qu*_m
2026-05-23T16:07:46+0300 INFO: C:\Users\Ksenya\Desktop\hakaton\main\resource\504cedc9-a572-43a4-ba87-0edc2901f83e\main.py Завершение. Выполняемый шаг: Присвоить значение переменной. id: 3oGjmJ`CaVRVz9#qu*_m
2026-05-23T16:07:46+0300 INFO: C:\Users\Ksenya\Desktop\hakaton\main\resource\504cedc9-a572-43a4-ba87-0edc2901f83e\main.py Старт. Выполняемый шаг: Присвоить значение переменной. id: :kF]*7FA#}yI!L)At3D0
2026-05-23T16:07:46+0300 INFO: C:\Users\Ksenya\Desktop\hakaton\main\resource\504cedc9-a572-43a4-ba87-0edc2901f83e\main.py Выполнение. Выполняемый шаг: Присвоить значение переменной. id: :kF]*7FA#}yI!L)At3D0
2026-05-23T16:07:46+0300 INFO: C:\Users\Ksenya\Desktop\hakaton\main\resource\504cedc9-a572-43a4-ba87-0edc2901f83e\main.py Завершение. Выполняемый шаг: Присвоить значение переменной. id: :kF]*7FA#}yI!L)At3D0
2026-05-23T16:07:46+0300 INFO: C:\Users\Ksenya\Desktop\hakaton\main\resource\504cedc9-a572-43a4-ba87-0edc2901f83e\main.py Отправляю запрос в 1С
2026-05-23T16:07:46+0300 INFO: C:\Users\Ksenya\Desktop\hakaton\main\resource\504cedc9-a572-43a4-ba87-0edc2901f83e\main.py Старт. Выполняемый шаг: Присвоить значение переменной. id: 5Ew%Wt$JK+7d7TXLxId_
2026-05-23T16:07:46+0300 INFO: C:\Users\Ksenya\Desktop\hakaton\main\resource\504cedc9-a572-43a4-ba87-0edc2901f83e\main.py Выполнение. Выполняемый шаг: Присвоить значение переменной. id: 5Ew%Wt$JK+7d7TXLxId_
2026-05-23T16:07:46+0300 INFO: C:\Users\Ksenya\Desktop\hakaton\main\resource\504cedc9-a572-43a4-ba87-0edc2901f83e\main.py Старт. Выполняемый шаг: Создать сессию браузера. id: 4#bM-7PYt%bTkrSh8bfZ
2026-05-23T16:07:52+0300 INFO: C:\Users\Ksenya\Desktop\hakaton\main\resource\504cedc9-a572-43a4-ba87-0edc2901f83e\main.py Завершение. Выполняемый шаг: Создать сессию браузера. id: 4#bM-7PYt%bTkrSh8bfZ
2026-05-23T16:07:52+0300 INFO: C:\Users\Ksenya\Desktop\hakaton\main\resource\504cedc9-a572-43a4-ba87-0edc2901f83e\main.py Завершение. Выполняемый шаг: Присвоить значение переменной. id: 5Ew%Wt$JK+7d7TXLxId_
2026-05-23T16:07:52+0300 INFO: C:\Users\Ksenya\Desktop\hakaton\main\resource\504cedc9-a572-43a4-ba87-0edc2901f83e\main.py Старт. Выполняемый шаг: Открыть страницу в браузере. id: _{QT4zD{Fqs69!/:|#zp
2026-05-23T16:07:52+0300 INFO: C:\Users\Ksenya\Desktop\hakaton\main\resource\504cedc9-a572-43a4-ba87-0edc2901f83e\main.py Выполнение. Выполняемый шаг: Открыть страницу в браузере. id: _{QT4zD{Fqs69!/:|#zp
2026-05-23T16:07:54+0300 INFO: C:\Users\Ksenya\Desktop\hakaton\main\resource\504cedc9-a572-43a4-ba87-0edc2901f83e\main.py Завершение. Выполняемый шаг: Открыть страницу в браузере. id: _{QT4zD{Fqs69!/:|#zp
2026-05-23T16:07:54+0300 INFO: C:\Users\Ksenya\Desktop\hakaton\main\resource\504cedc9-a572-43a4-ba87-0edc2901f83e\main.py Старт. Выполняемый шаг: Задержка. id: ??=,o)g^!HRb+gO2+Wzh
2026-05-23T16:07:54+0300 INFO: C:\Users\Ksenya\Desktop\hakaton\main\resource\504cedc9-a572-43a4-ba87-0edc2901f83e\main.py Выполнение. Выполняемый шаг: Задержка. id: ??=,o)g^!HRb+gO2+Wzh
2026-05-23T16:07:54+0300 INFO: C:\Users\Ksenya\Desktop\hakaton\main\resource\504cedc9-a572-43a4-ba87-0edc2901f83e\main.py Старт. Выполняемый шаг: Преобразовать строку в число. id: {Rsp$JX%Cwa].U=6UmD=
2026-05-23T16:07:54+0300 INFO: C:\Users\Ksenya\Desktop\hakaton\main\resource\504cedc9-a572-43a4-ba87-0edc2901f83e\main.py Завершение. Выполняемый шаг: Преобразовать строку в число. id: {Rsp$JX%Cwa].U=6UmD=
2026-05-23T16:07:57+0300 INFO: C:\Users\Ksenya\Desktop\hakaton\main\resource\504cedc9-a572-43a4-ba87-0edc2901f83e\main.py Завершение. Выполняемый шаг: Задержка. id: ??=,o)g^!HRb+gO2+Wzh
2026-05-23T16:07:57+0300 INFO: C:\Users\Ksenya\Desktop\hakaton\main\resource\504cedc9-a572-43a4-ba87-0edc2901f83e\main.py Старт. Выполняемый шаг: Клик по Web-элементу. id: EBp7HZH}x+19aqf!)2/)
2026-05-23T16:07:57+0300 INFO: C:\Users\Ksenya\Desktop\hakaton\main\resource\504cedc9-a572-43a4-ba87-0edc2901f83e\main.py Выполнение. Выполняемый шаг: Клик по Web-элементу. id: EBp7HZH}x+19aqf!)2/)
2026-05-23T16:07:57+0300 INFO: C:\Users\Ksenya\Desktop\hakaton\main\resource\504cedc9-a572-43a4-ba87-0edc2901f83e\main.py Завершение. Выполняемый шаг: Клик по Web-элементу. id: EBp7HZH}x+19aqf!)2/)
2026-05-23T16:07:57+0300 INFO: C:\Users\Ksenya\Desktop\hakaton\main\resource\504cedc9-a572-43a4-ba87-0edc2901f83e\main.py Старт. Выполняемый шаг: Ввод в веб-сайт. id: %w9B]^SDY]u6w8A[VN]B
2026-05-23T16:07:57+0300 INFO: C:\Users\Ksenya\Desktop\hakaton\main\resource\504cedc9-a572-43a4-ba87-0edc2901f83e\main.py Выполнение. Выполняемый шаг: Ввод в веб-сайт. id: %w9B]^SDY]u6w8A[VN]B
2026-05-23T16:07:57+0300 INFO: C:\Users\Ksenya\Desktop\hakaton\main\resource\504cedc9-a572-43a4-ba87-0edc2901f83e\main.py Завершение. Выполняемый шаг: Ввод в веб-сайт. id: %w9B]^SDY]u6w8A[VN]B
2026-05-23T16:07:57+0300 INFO: C:\Users\Ksenya\Desktop\hakaton\main\resource\504cedc9-a572-43a4-ba87-0edc2901f83e\main.py Старт. Выполняемый шаг: Клик по Web-элементу. id: H6A$`ZrfUnP;M.)V!gP%
2026-05-23T16:07:57+0300 INFO: C:\Users\Ksenya\Desktop\hakaton\main\resource\504cedc9-a572-43a4-ba87-0edc2901f83e\main.py Выполнение. Выполняемый шаг: Клик по Web-элементу. id: H6A$`ZrfUnP;M.)V!gP%
2026-05-23T16:07:58+0300 INFO: C:\Users\Ksenya\Desktop\hakaton\main\resource\504cedc9-a572-43a4-ba87-0edc2901f83e\main.py Завершение. Выполняемый шаг: Клик по Web-элементу. id: H6A$`ZrfUnP;M.)V!gP%
2026-05-23T16:07:58+0300 INFO: C:\Users\Ksenya\Desktop\hakaton\main\resource\504cedc9-a572-43a4-ba87-0edc2901f83e\main.py Старт. Выполняемый шаг: Ввод в веб-сайт. id: y:}|lxK((=67v}qu8Ym-
2026-05-23T16:07:58+0300 INFO: C:\Users\Ksenya\Desktop\hakaton\main\resource\504cedc9-a572-43a4-ba87-0edc2901f83e\main.py Выполнение. Выполняемый шаг: Ввод в веб-сайт. id: y:}|lxK((=67v}qu8Ym-
2026-05-23T16:07:58+0300 INFO: C:\Users\Ksenya\Desktop\hakaton\main\resource\504cedc9-a572-43a4-ba87-0edc2901f83e\main.py Завершение. Выполняемый шаг: Ввод в веб-сайт. id: y:}|lxK((=67v}qu8Ym-
2026-05-23T16:07:58+0300 INFO: C:\Users\Ksenya\Desktop\hakaton\main\resource\504cedc9-a572-43a4-ba87-0edc2901f83e\main.py Старт. Выполняемый шаг: Клик по Web-элементу. id: [Q2@mu?#NQ2xEX2OXYF$
2026-05-23T16:07:58+0300 INFO: C:\Users\Ksenya\Desktop\hakaton\main\resource\504cedc9-a572-43a4-ba87-0edc2901f83e\main.py Выполнение. Выполняемый шаг: Клик по Web-элементу. id: [Q2@mu?#NQ2xEX2OXYF$
2026-05-23T16:07:58+0300 INFO: C:\Users\Ksenya\Desktop\hakaton\main\resource\504cedc9-a572-43a4-ba87-0edc2901f83e\main.py Завершение. Выполняемый шаг: Клик по Web-элементу. id: [Q2@mu?#NQ2xEX2OXYF$
2026-05-23T16:07:58+0300 INFO: C:\Users\Ksenya\Desktop\hakaton\main\resource\504cedc9-a572-43a4-ba87-0edc2901f83e\main.py Старт. Выполняемый шаг: Задержка. id: `^?P,o-StU!YIwW:*51`
2026-05-23T16:07:58+0300 INFO: C:\Users\Ksenya\Desktop\hakaton\main\resource\504cedc9-a572-43a4-ba87-0edc2901f83e\main.py Выполнение. Выполняемый шаг: Задержка. id: `^?P,o-StU!YIwW:*51`
2026-05-23T16:07:58+0300 INFO: C:\Users\Ksenya\Desktop\hakaton\main\resource\504cedc9-a572-43a4-ba87-0edc2901f83e\main.py Старт. Выполняемый шаг: Преобразовать строку в число. id: uw`j?F`+X9C3RI;{kpUw
2026-05-23T16:07:58+0300 INFO: C:\Users\Ksenya\Desktop\hakaton\main\resource\504cedc9-a572-43a4-ba87-0edc2901f83e\main.py Завершение. Выполняемый шаг: Преобразовать строку в число. id: uw`j?F`+X9C3RI;{kpUw
2026-05-23T16:08:18+0300 INFO: C:\Users\Ksenya\Desktop\hakaton\main\resource\504cedc9-a572-43a4-ba87-0edc2901f83e\main.py Завершение. Выполняемый шаг: Задержка. id: `^?P,o-StU!YIwW:*51`
2026-05-23T16:08:18+0300 INFO: C:\Users\Ksenya\Desktop\hakaton\main\resource\504cedc9-a572-43a4-ba87-0edc2901f83e\main.py Старт. Выполняемый шаг: Клик по Web-элементу. id: !*p3azK$H5lkwE@DW$s_
2026-05-23T16:08:18+0300 INFO: C:\Users\Ksenya\Desktop\hakaton\main\resource\504cedc9-a572-43a4-ba87-0edc2901f83e\main.py Выполнение. Выполняемый шаг: Клик по Web-элементу. id: !*p3azK$H5lkwE@DW$s_
2026-05-23T16:08:19+0300 INFO: C:\Users\Ksenya\Desktop\hakaton\main\resource\504cedc9-a572-43a4-ba87-0edc2901f83e\main.py Завершение. Выполняемый шаг: Клик по Web-элементу. id: !*p3azK$H5lkwE@DW$s_
2026-05-23T16:08:19+0300 INFO: C:\Users\Ksenya\Desktop\hakaton\main\resource\504cedc9-a572-43a4-ba87-0edc2901f83e\main.py Старт. Выполняемый шаг: Клик по Web-элементу. id: ]8Xi8xyWQkijnuXN/Mwn
2026-05-23T16:08:19+0300 INFO: C:\Users\Ksenya\Desktop\hakaton\main\resource\504cedc9-a572-43a4-ba87-0edc2901f83e\main.py Выполнение. Выполняемый шаг: Клик по Web-элементу. id: ]8Xi8xyWQkijnuXN/Mwn
2026-05-23T16:08:19+0300 INFO: C:\Users\Ksenya\Desktop\hakaton\main\resource\504cedc9-a572-43a4-ba87-0edc2901f83e\main.py Завершение. Выполняемый шаг: Клик по Web-элементу. id: ]8Xi8xyWQkijnuXN/Mwn
2026-05-23T16:08:19+0300 INFO: C:\Users\Ksenya\Desktop\hakaton\main\resource\504cedc9-a572-43a4-ba87-0edc2901f83e\main.py Старт. Выполняемый шаг: Ввод в 1C-веб. id: GY)ZR_u4zf.~_0inu*)x
2026-05-23T16:08:19+0300 INFO: C:\Users\Ksenya\Desktop\hakaton\main\resource\504cedc9-a572-43a4-ba87-0edc2901f83e\main.py Выполнение. Выполняемый шаг: Ввод в 1C-веб. id: GY)ZR_u4zf.~_0inu*)x
2026-05-23T16:08:22+0300 ERROR: C:\Users\Ksenya\Desktop\hakaton\main\resource\504cedc9-a572-43a4-ba87-0edc2901f83e\main.py Ошибка выполнения робота
2026-05-23T16:08:22+0300 INFO: C:\Users\Ksenya\Desktop\hakaton\main\resource\504cedc9-a572-43a4-ba87-0edc2901f83e\main.py Завершение. Выполняемый шаг: Обработка ошибки. id: E(ohZ?TiZWX5;}Gqu-r,
2026-05-23T16:08:22+0300 INFO: C:\Users\Ksenya\Desktop\hakaton\main\resource\504cedc9-a572-43a4-ba87-0edc2901f83e\main.py Старт. Выполняемый шаг: Клик по Web-элементу. id: @7-:CNPv,N:LCj9;cz^V
2026-05-23T16:08:22+0300 INFO: C:\Users\Ksenya\Desktop\hakaton\main\resource\504cedc9-a572-43a4-ba87-0edc2901f83e\main.py Выполнение. Выполняемый шаг: Клик по Web-элементу. id: @7-:CNPv,N:LCj9;cz^V
2026-05-23T16:08:23+0300 INFO: C:\Users\Ksenya\Desktop\hakaton\main\resource\504cedc9-a572-43a4-ba87-0edc2901f83e\main.py Завершение. Выполняемый шаг: Клик по Web-элементу. id: @7-:CNPv,N:LCj9;cz^V
2026-05-23T16:08:23+0300 INFO: C:\Users\Ksenya\Desktop\hakaton\main\resource\504cedc9-a572-43a4-ba87-0edc2901f83e\main.py Старт. Выполняемый шаг: Ввод горячих клавиш в веб-сайт. id: 8/zHO%G~o51XJG!Ynu*-
2026-05-23T16:08:23+0300 INFO: C:\Users\Ksenya\Desktop\hakaton\main\resource\504cedc9-a572-43a4-ba87-0edc2901f83e\main.py Выполнение. Выполняемый шаг: Ввод горячих клавиш в веб-сайт. id: 8/zHO%G~o51XJG!Ynu*-
2026-05-23T16:08:23+0300 INFO: C:\Users\Ksenya\Desktop\hakaton\main\resource\504cedc9-a572-43a4-ba87-0edc2901f83e\main.py Завершение. Выполняемый шаг: Ввод горячих клавиш в веб-сайт. id: 8/zHO%G~o51XJG!Ynu*-
2026-05-23T16:08:23+0300 INFO: C:\Users\Ksenya\Desktop\hakaton\main\resource\504cedc9-a572-43a4-ba87-0edc2901f83e\main.py Старт. Выполняемый шаг: Ввод в веб-сайт. id: aMkpq4ydQ^Cz@34Z(V3x
2026-05-23T16:08:23+0300 INFO: C:\Users\Ksenya\Desktop\hakaton\main\resource\504cedc9-a572-43a4-ba87-0edc2901f83e\main.py Выполнение. Выполняемый шаг: Ввод в веб-сайт. id: aMkpq4ydQ^Cz@34Z(V3x
2026-05-23T16:08:23+0300 INFO: C:\Users\Ksenya\Desktop\hakaton\main\resource\504cedc9-a572-43a4-ba87-0edc2901f83e\main.py Завершение. Выполняемый шаг: Ввод в веб-сайт. id: aMkpq4ydQ^Cz@34Z(V3x
2026-05-23T16:08:23+0300 INFO: C:\Users\Ksenya\Desktop\hakaton\main\resource\504cedc9-a572-43a4-ba87-0edc2901f83e\main.py Старт. Выполняемый шаг: Клик по Web-элементу. id: wxRx5H*x!wJc?~mRAGHs
2026-05-23T16:08:23+0300 INFO: C:\Users\Ksenya\Desktop\hakaton\main\resource\504cedc9-a572-43a4-ba87-0edc2901f83e\main.py Выполнение. Выполняемый шаг: Клик по Web-элементу. id: wxRx5H*x!wJc?~mRAGHs
2026-05-23T16:08:24+0300 INFO: C:\Users\Ksenya\Desktop\hakaton\main\resource\504cedc9-a572-43a4-ba87-0edc2901f83e\main.py Завершение. Выполняемый шаг: Клик по Web-элементу. id: wxRx5H*x!wJc?~mRAGHs
2026-05-23T16:08:24+0300 INFO: C:\Users\Ksenya\Desktop\hakaton\main\resource\504cedc9-a572-43a4-ba87-0edc2901f83e\main.py Старт. Выполняемый шаг: Ввод горячих клавиш в веб-сайт. id: L7LeB4+FWj$5N{.!ddBy
2026-05-23T16:08:24+0300 INFO: C:\Users\Ksenya\Desktop\hakaton\main\resource\504cedc9-a572-43a4-ba87-0edc2901f83e\main.py Выполнение. Выполняемый шаг: Ввод горячих клавиш в веб-сайт. id: L7LeB4+FWj$5N{.!ddBy
2026-05-23T16:08:24+0300 INFO: C:\Users\Ksenya\Desktop\hakaton\main\resource\504cedc9-a572-43a4-ba87-0edc2901f83e\main.py Завершение. Выполняемый шаг: Ввод горячих клавиш в веб-сайт. id: L7LeB4+FWj$5N{.!ddBy
2026-05-23T16:08:24+0300 INFO: C:\Users\Ksenya\Desktop\hakaton\main\resource\504cedc9-a572-43a4-ba87-0edc2901f83e\main.py Старт. Выполняемый шаг: Ввод в веб-сайт. id: e+Ee_w-]LW^OGD!#4RLi
2026-05-23T16:08:24+0300 INFO: C:\Users\Ksenya\Desktop\hakaton\main\resource\504cedc9-a572-43a4-ba87-0edc2901f83e\main.py Выполнение. Выполняемый шаг: Ввод в веб-сайт. id: e+Ee_w-]LW^OGD!#4RLi
2026-05-23T16:08:24+0300 INFO: C:\Users\Ksenya\Desktop\hakaton\main\resource\504cedc9-a572-43a4-ba87-0edc2901f83e\main.py Завершение. Выполняемый шаг: Ввод в веб-сайт. id: e+Ee_w-]LW^OGD!#4RLi
2026-05-23T16:08:24+0300 INFO: C:\Users\Ksenya\Desktop\hakaton\main\resource\504cedc9-a572-43a4-ba87-0edc2901f83e\main.py Старт. Выполняемый шаг: Клик по Web-элементу. id: P#C9F|{6[rvIajcS#B0?
2026-05-23T16:08:24+0300 INFO: C:\Users\Ksenya\Desktop\hakaton\main\resource\504cedc9-a572-43a4-ba87-0edc2901f83e\main.py Выполнение. Выполняемый шаг: Клик по Web-элементу. id: P#C9F|{6[rvIajcS#B0?
2026-05-23T16:08:25+0300 INFO: C:\Users\Ksenya\Desktop\hakaton\main\resource\504cedc9-a572-43a4-ba87-0edc2901f83e\main.py Завершение. Выполняемый шаг: Клик по Web-элементу. id: P#C9F|{6[rvIajcS#B0?
2026-05-23T16:08:25+0300 INFO: C:\Users\Ksenya\Desktop\hakaton\main\resource\504cedc9-a572-43a4-ba87-0edc2901f83e\main.py Старт. Выполняемый шаг: Ввод горячих клавиш в веб-сайт. id: $IJ]qw/qBe.wqoPy$1ag
2026-05-23T16:08:25+0300 INFO: C:\Users\Ksenya\Desktop\hakaton\main\resource\504cedc9-a572-43a4-ba87-0edc2901f83e\main.py Выполнение. Выполняемый шаг: Ввод горячих клавиш в веб-сайт. id: $IJ]qw/qBe.wqoPy$1ag
2026-05-23T16:08:25+0300 INFO: C:\Users\Ksenya\Desktop\hakaton\main\resource\504cedc9-a572-43a4-ba87-0edc2901f83e\main.py Завершение. Выполняемый шаг: Ввод горячих клавиш в веб-сайт. id: $IJ]qw/qBe.wqoPy$1ag
2026-05-23T16:08:25+0300 INFO: C:\Users\Ksenya\Desktop\hakaton\main\resource\504cedc9-a572-43a4-ba87-0edc2901f83e\main.py Старт. Выполняемый шаг: Ввод в веб-сайт. id: 6k_0mXu,)P1r8zGe`]*M
2026-05-23T16:08:25+0300 INFO: C:\Users\Ksenya\Desktop\hakaton\main\resource\504cedc9-a572-43a4-ba87-0edc2901f83e\main.py Выполнение. Выполняемый шаг: Ввод в веб-сайт. id: 6k_0mXu,)P1r8zGe`]*M
2026-05-23T16:08:25+0300 INFO: C:\Users\Ksenya\Desktop\hakaton\main\resource\504cedc9-a572-43a4-ba87-0edc2901f83e\main.py Завершение. Выполняемый шаг: Ввод в веб-сайт. id: 6k_0mXu,)P1r8zGe`]*M
2026-05-23T16:08:25+0300 INFO: Завершение работы робота: C:\Users\Ksenya\Desktop\hakaton\main\resource\504cedc9-a572-43a4-ba87-0edc2901f83e\main.py
2026-05-23T16:09:51+0300 INFO: Старт робота: C:\Users\Ksenya\Desktop\hakaton\main\resource\6298f9f6-0a7d-48bb-8762-ac0acb7ce745\main.py
2026-05-23T16:09:51+0300 INFO: C:\Users\Ksenya\Desktop\hakaton\main\resource\6298f9f6-0a7d-48bb-8762-ac0acb7ce745\main.py Старт. Выполняемый шаг: Обработка ошибки. id: E(ohZ?TiZWX5;}Gqu-r,
2026-05-23T16:09:52+0300 INFO: C:\Users\Ksenya\Desktop\hakaton\main\resource\6298f9f6-0a7d-48bb-8762-ac0acb7ce745\main.py Выполнение. Выполняемый шаг: Обработка ошибки. id: E(ohZ?TiZWX5;}Gqu-r,
2026-05-23T16:09:52+0300 INFO: C:\Users\Ksenya\Desktop\hakaton\main\resource\6298f9f6-0a7d-48bb-8762-ac0acb7ce745\main.py Робот запущен
2026-05-23T16:09:52+0300 INFO: C:\Users\Ksenya\Desktop\hakaton\main\resource\6298f9f6-0a7d-48bb-8762-ac0acb7ce745\main.py Старт. Выполняемый шаг: Присвоить значение переменной. id: uT8K_dR,wNXk4m?dkCsM
2026-05-23T16:09:53+0300 INFO: C:\Users\Ksenya\Desktop\hakaton\main\resource\6298f9f6-0a7d-48bb-8762-ac0acb7ce745\main.py Выполнение. Выполняемый шаг: Присвоить значение переменной. id: uT8K_dR,wNXk4m?dkCsM
2026-05-23T16:09:53+0300 INFO: C:\Users\Ksenya\Desktop\hakaton\main\resource\6298f9f6-0a7d-48bb-8762-ac0acb7ce745\main.py Завершение. Выполняемый шаг: Присвоить значение переменной. id: uT8K_dR,wNXk4m?dkCsM
2026-05-23T16:09:53+0300 INFO: C:\Users\Ksenya\Desktop\hakaton\main\resource\6298f9f6-0a7d-48bb-8762-ac0acb7ce745\main.py Старт. Выполняемый шаг: Присвоить значение переменной. id: :MAZ.Rz62:ZsFDl7vQQJ
2026-05-23T16:09:53+0300 INFO: C:\Users\Ksenya\Desktop\hakaton\main\resource\6298f9f6-0a7d-48bb-8762-ac0acb7ce745\main.py Выполнение. Выполняемый шаг: Присвоить значение переменной. id: :MAZ.Rz62:ZsFDl7vQQJ
2026-05-23T16:09:53+0300 INFO: C:\Users\Ksenya\Desktop\hakaton\main\resource\6298f9f6-0a7d-48bb-8762-ac0acb7ce745\main.py Завершение. Выполняемый шаг: Присвоить значение переменной. id: :MAZ.Rz62:ZsFDl7vQQJ
2026-05-23T16:09:53+0300 INFO: C:\Users\Ksenya\Desktop\hakaton\main\resource\6298f9f6-0a7d-48bb-8762-ac0acb7ce745\main.py Старт. Выполняемый шаг: Присвоить значение переменной. id: WBqw15|Z#}dx_{yM[UJS
2026-05-23T16:09:53+0300 INFO: C:\Users\Ksenya\Desktop\hakaton\main\resource\6298f9f6-0a7d-48bb-8762-ac0acb7ce745\main.py Выполнение. Выполняемый шаг: Присвоить значение переменной. id: WBqw15|Z#}dx_{yM[UJS
2026-05-23T16:09:53+0300 INFO: C:\Users\Ksenya\Desktop\hakaton\main\resource\6298f9f6-0a7d-48bb-8762-ac0acb7ce745\main.py Завершение. Выполняемый шаг: Присвоить значение переменной. id: WBqw15|Z#}dx_{yM[UJS
2026-05-23T16:09:53+0300 INFO: C:\Users\Ksenya\Desktop\hakaton\main\resource\6298f9f6-0a7d-48bb-8762-ac0acb7ce745\main.py Старт. Выполняемый шаг: Присвоить значение переменной. id: ZD}VS]B8yU%7IR$_1:gx
2026-05-23T16:09:53+0300 INFO: C:\Users\Ksenya\Desktop\hakaton\main\resource\6298f9f6-0a7d-48bb-8762-ac0acb7ce745\main.py Выполнение. Выполняемый шаг: Присвоить значение переменной. id: ZD}VS]B8yU%7IR$_1:gx
2026-05-23T16:09:53+0300 INFO: C:\Users\Ksenya\Desktop\hakaton\main\resource\6298f9f6-0a7d-48bb-8762-ac0acb7ce745\main.py Старт. Выполняемый шаг: Прочитать файл. id: h-7qLFMP}Ex#VZ)Ao@jd
2026-05-23T16:09:53+0300 INFO: C:\Users\Ksenya\Desktop\hakaton\main\resource\6298f9f6-0a7d-48bb-8762-ac0acb7ce745\main.py Завершение. Выполняемый шаг: Прочитать файл. id: h-7qLFMP}Ex#VZ)Ao@jd
2026-05-23T16:09:53+0300 INFO: C:\Users\Ksenya\Desktop\hakaton\main\resource\6298f9f6-0a7d-48bb-8762-ac0acb7ce745\main.py Завершение. Выполняемый шаг: Присвоить значение переменной. id: ZD}VS]B8yU%7IR$_1:gx
2026-05-23T16:09:53+0300 INFO: C:\Users\Ksenya\Desktop\hakaton\main\resource\6298f9f6-0a7d-48bb-8762-ac0acb7ce745\main.py Старт. Выполняемый шаг: Присвоить значение переменной. id: ^0R|78#C*6Lo31|B;%K9
2026-05-23T16:09:53+0300 INFO: C:\Users\Ksenya\Desktop\hakaton\main\resource\6298f9f6-0a7d-48bb-8762-ac0acb7ce745\main.py Выполнение. Выполняемый шаг: Присвоить значение переменной. id: ^0R|78#C*6Lo31|B;%K9
2026-05-23T16:09:53+0300 INFO: C:\Users\Ksenya\Desktop\hakaton\main\resource\6298f9f6-0a7d-48bb-8762-ac0acb7ce745\main.py Завершение. Выполняемый шаг: Присвоить значение переменной. id: ^0R|78#C*6Lo31|B;%K9
2026-05-23T16:09:53+0300 INFO: C:\Users\Ksenya\Desktop\hakaton\main\resource\6298f9f6-0a7d-48bb-8762-ac0acb7ce745\main.py Старт. Выполняемый шаг: Присвоить значение переменной. id: p$O:QoI+|4ux$8{ysFr:
2026-05-23T16:09:53+0300 INFO: C:\Users\Ksenya\Desktop\hakaton\main\resource\6298f9f6-0a7d-48bb-8762-ac0acb7ce745\main.py Выполнение. Выполняемый шаг: Присвоить значение переменной. id: p$O:QoI+|4ux$8{ysFr:
2026-05-23T16:09:53+0300 INFO: C:\Users\Ksenya\Desktop\hakaton\main\resource\6298f9f6-0a7d-48bb-8762-ac0acb7ce745\main.py Завершение. Выполняемый шаг: Присвоить значение переменной. id: p$O:QoI+|4ux$8{ysFr:
2026-05-23T16:09:53+0300 INFO: C:\Users\Ksenya\Desktop\hakaton\main\resource\6298f9f6-0a7d-48bb-8762-ac0acb7ce745\main.py Старт. Выполняемый шаг: Присвоить значение переменной. id: ]Nwow_`34-zY1snYsMa=
2026-05-23T16:09:53+0300 INFO: C:\Users\Ksenya\Desktop\hakaton\main\resource\6298f9f6-0a7d-48bb-8762-ac0acb7ce745\main.py Выполнение. Выполняемый шаг: Присвоить значение переменной. id: ]Nwow_`34-zY1snYsMa=
2026-05-23T16:09:53+0300 INFO: C:\Users\Ksenya\Desktop\hakaton\main\resource\6298f9f6-0a7d-48bb-8762-ac0acb7ce745\main.py Завершение. Выполняемый шаг: Присвоить значение переменной. id: ]Nwow_`34-zY1snYsMa=
2026-05-23T16:09:53+0300 INFO: C:\Users\Ksenya\Desktop\hakaton\main\resource\6298f9f6-0a7d-48bb-8762-ac0acb7ce745\main.py Старт. Выполняемый шаг: Присвоить значение переменной. id: 7qHD^~+B#bUSw)9hi;V5
2026-05-23T16:09:53+0300 INFO: C:\Users\Ksenya\Desktop\hakaton\main\resource\6298f9f6-0a7d-48bb-8762-ac0acb7ce745\main.py Выполнение. Выполняемый шаг: Присвоить значение переменной. id: 7qHD^~+B#bUSw)9hi;V5
2026-05-23T16:09:53+0300 INFO: C:\Users\Ksenya\Desktop\hakaton\main\resource\6298f9f6-0a7d-48bb-8762-ac0acb7ce745\main.py Завершение. Выполняемый шаг: Присвоить значение переменной. id: 7qHD^~+B#bUSw)9hi;V5
2026-05-23T16:09:53+0300 INFO: C:\Users\Ksenya\Desktop\hakaton\main\resource\6298f9f6-0a7d-48bb-8762-ac0acb7ce745\main.py Старт. Выполняемый шаг: Присвоить значение переменной. id: 3oGjmJ`CaVRVz9#qu*_m
2026-05-23T16:09:53+0300 INFO: C:\Users\Ksenya\Desktop\hakaton\main\resource\6298f9f6-0a7d-48bb-8762-ac0acb7ce745\main.py Выполнение. Выполняемый шаг: Присвоить значение переменной. id: 3oGjmJ`CaVRVz9#qu*_m
2026-05-23T16:09:53+0300 INFO: C:\Users\Ksenya\Desktop\hakaton\main\resource\6298f9f6-0a7d-48bb-8762-ac0acb7ce745\main.py Завершение. Выполняемый шаг: Присвоить значение переменной. id: 3oGjmJ`CaVRVz9#qu*_m
2026-05-23T16:09:53+0300 INFO: C:\Users\Ksenya\Desktop\hakaton\main\resource\6298f9f6-0a7d-48bb-8762-ac0acb7ce745\main.py Старт. Выполняемый шаг: Присвоить значение переменной. id: :kF]*7FA#}yI!L)At3D0
2026-05-23T16:09:53+0300 INFO: C:\Users\Ksenya\Desktop\hakaton\main\resource\6298f9f6-0a7d-48bb-8762-ac0acb7ce745\main.py Выполнение. Выполняемый шаг: Присвоить значение переменной. id: :kF]*7FA#}yI!L)At3D0
2026-05-23T16:09:53+0300 INFO: C:\Users\Ksenya\Desktop\hakaton\main\resource\6298f9f6-0a7d-48bb-8762-ac0acb7ce745\main.py Завершение. Выполняемый шаг: Присвоить значение переменной. id: :kF]*7FA#}yI!L)At3D0
2026-05-23T16:09:53+0300 INFO: C:\Users\Ksenya\Desktop\hakaton\main\resource\6298f9f6-0a7d-48bb-8762-ac0acb7ce745\main.py Отправляю запрос в 1С
2026-05-23T16:09:53+0300 INFO: C:\Users\Ksenya\Desktop\hakaton\main\resource\6298f9f6-0a7d-48bb-8762-ac0acb7ce745\main.py Старт. Выполняемый шаг: Присвоить значение переменной. id: 5Ew%Wt$JK+7d7TXLxId_
2026-05-23T16:09:53+0300 INFO: C:\Users\Ksenya\Desktop\hakaton\main\resource\6298f9f6-0a7d-48bb-8762-ac0acb7ce745\main.py Выполнение. Выполняемый шаг: Присвоить значение переменной. id: 5Ew%Wt$JK+7d7TXLxId_
2026-05-23T16:09:53+0300 INFO: C:\Users\Ksenya\Desktop\hakaton\main\resource\6298f9f6-0a7d-48bb-8762-ac0acb7ce745\main.py Старт. Выполняемый шаг: Создать сессию браузера. id: 4#bM-7PYt%bTkrSh8bfZ
2026-05-23T16:09:59+0300 INFO: C:\Users\Ksenya\Desktop\hakaton\main\resource\6298f9f6-0a7d-48bb-8762-ac0acb7ce745\main.py Завершение. Выполняемый шаг: Создать сессию браузера. id: 4#bM-7PYt%bTkrSh8bfZ
2026-05-23T16:09:59+0300 INFO: C:\Users\Ksenya\Desktop\hakaton\main\resource\6298f9f6-0a7d-48bb-8762-ac0acb7ce745\main.py Завершение. Выполняемый шаг: Присвоить значение переменной. id: 5Ew%Wt$JK+7d7TXLxId_
2026-05-23T16:09:59+0300 INFO: C:\Users\Ksenya\Desktop\hakaton\main\resource\6298f9f6-0a7d-48bb-8762-ac0acb7ce745\main.py Старт. Выполняемый шаг: Открыть страницу в браузере. id: _{QT4zD{Fqs69!/:|#zp
2026-05-23T16:09:59+0300 INFO: C:\Users\Ksenya\Desktop\hakaton\main\resource\6298f9f6-0a7d-48bb-8762-ac0acb7ce745\main.py Выполнение. Выполняемый шаг: Открыть страницу в браузере. id: _{QT4zD{Fqs69!/:|#zp
2026-05-23T16:10:01+0300 INFO: C:\Users\Ksenya\Desktop\hakaton\main\resource\6298f9f6-0a7d-48bb-8762-ac0acb7ce745\main.py Завершение. Выполняемый шаг: Открыть страницу в браузере. id: _{QT4zD{Fqs69!/:|#zp
2026-05-23T16:10:01+0300 INFO: C:\Users\Ksenya\Desktop\hakaton\main\resource\6298f9f6-0a7d-48bb-8762-ac0acb7ce745\main.py Старт. Выполняемый шаг: Задержка. id: ??=,o)g^!HRb+gO2+Wzh
2026-05-23T16:10:01+0300 INFO: C:\Users\Ksenya\Desktop\hakaton\main\resource\6298f9f6-0a7d-48bb-8762-ac0acb7ce745\main.py Выполнение. Выполняемый шаг: Задержка. id: ??=,o)g^!HRb+gO2+Wzh
2026-05-23T16:10:01+0300 INFO: C:\Users\Ksenya\Desktop\hakaton\main\resource\6298f9f6-0a7d-48bb-8762-ac0acb7ce745\main.py Старт. Выполняемый шаг: Преобразовать строку в число. id: {Rsp$JX%Cwa].U=6UmD=
2026-05-23T16:10:01+0300 INFO: C:\Users\Ksenya\Desktop\hakaton\main\resource\6298f9f6-0a7d-48bb-8762-ac0acb7ce745\main.py Завершение. Выполняемый шаг: Преобразовать строку в число. id: {Rsp$JX%Cwa].U=6UmD=
2026-05-23T16:10:04+0300 INFO: C:\Users\Ksenya\Desktop\hakaton\main\resource\6298f9f6-0a7d-48bb-8762-ac0acb7ce745\main.py Завершение. Выполняемый шаг: Задержка. id: ??=,o)g^!HRb+gO2+Wzh
2026-05-23T16:10:04+0300 INFO: C:\Users\Ksenya\Desktop\hakaton\main\resource\6298f9f6-0a7d-48bb-8762-ac0acb7ce745\main.py Старт. Выполняемый шаг: Клик по Web-элементу. id: EBp7HZH}x+19aqf!)2/)
2026-05-23T16:10:04+0300 INFO: C:\Users\Ksenya\Desktop\hakaton\main\resource\6298f9f6-0a7d-48bb-8762-ac0acb7ce745\main.py Выполнение. Выполняемый шаг: Клик по Web-элементу. id: EBp7HZH}x+19aqf!)2/)
2026-05-23T16:10:05+0300 INFO: C:\Users\Ksenya\Desktop\hakaton\main\resource\6298f9f6-0a7d-48bb-8762-ac0acb7ce745\main.py Завершение. Выполняемый шаг: Клик по Web-элементу. id: EBp7HZH}x+19aqf!)2/)
2026-05-23T16:10:05+0300 INFO: C:\Users\Ksenya\Desktop\hakaton\main\resource\6298f9f6-0a7d-48bb-8762-ac0acb7ce745\main.py Старт. Выполняемый шаг: Ввод в веб-сайт. id: %w9B]^SDY]u6w8A[VN]B
2026-05-23T16:10:05+0300 INFO: C:\Users\Ksenya\Desktop\hakaton\main\resource\6298f9f6-0a7d-48bb-8762-ac0acb7ce745\main.py Выполнение. Выполняемый шаг: Ввод в веб-сайт. id: %w9B]^SDY]u6w8A[VN]B
2026-05-23T16:10:05+0300 INFO: C:\Users\Ksenya\Desktop\hakaton\main\resource\6298f9f6-0a7d-48bb-8762-ac0acb7ce745\main.py Завершение. Выполняемый шаг: Ввод в веб-сайт. id: %w9B]^SDY]u6w8A[VN]B
2026-05-23T16:10:05+0300 INFO: C:\Users\Ksenya\Desktop\hakaton\main\resource\6298f9f6-0a7d-48bb-8762-ac0acb7ce745\main.py Старт. Выполняемый шаг: Клик по Web-элементу. id: H6A$`ZrfUnP;M.)V!gP%
2026-05-23T16:10:05+0300 INFO: C:\Users\Ksenya\Desktop\hakaton\main\resource\6298f9f6-0a7d-48bb-8762-ac0acb7ce745\main.py Выполнение. Выполняемый шаг: Клик по Web-элементу. id: H6A$`ZrfUnP;M.)V!gP%
2026-05-23T16:10:05+0300 INFO: C:\Users\Ksenya\Desktop\hakaton\main\resource\6298f9f6-0a7d-48bb-8762-ac0acb7ce745\main.py Завершение. Выполняемый шаг: Клик по Web-элементу. id: H6A$`ZrfUnP;M.)V!gP%
2026-05-23T16:10:05+0300 INFO: C:\Users\Ksenya\Desktop\hakaton\main\resource\6298f9f6-0a7d-48bb-8762-ac0acb7ce745\main.py Старт. Выполняемый шаг: Ввод в веб-сайт. id: y:}|lxK((=67v}qu8Ym-
2026-05-23T16:10:05+0300 INFO: C:\Users\Ksenya\Desktop\hakaton\main\resource\6298f9f6-0a7d-48bb-8762-ac0acb7ce745\main.py Выполнение. Выполняемый шаг: Ввод в веб-сайт. id: y:}|lxK((=67v}qu8Ym-
2026-05-23T16:10:05+0300 INFO: C:\Users\Ksenya\Desktop\hakaton\main\resource\6298f9f6-0a7d-48bb-8762-ac0acb7ce745\main.py Завершение. Выполняемый шаг: Ввод в веб-сайт. id: y:}|lxK((=67v}qu8Ym-
2026-05-23T16:10:05+0300 INFO: C:\Users\Ksenya\Desktop\hakaton\main\resource\6298f9f6-0a7d-48bb-8762-ac0acb7ce745\main.py Старт. Выполняемый шаг: Клик по Web-элементу. id: [Q2@mu?#NQ2xEX2OXYF$
2026-05-23T16:10:05+0300 INFO: C:\Users\Ksenya\Desktop\hakaton\main\resource\6298f9f6-0a7d-48bb-8762-ac0acb7ce745\main.py Выполнение. Выполняемый шаг: Клик по Web-элементу. id: [Q2@mu?#NQ2xEX2OXYF$
2026-05-23T16:10:06+0300 INFO: C:\Users\Ksenya\Desktop\hakaton\main\resource\6298f9f6-0a7d-48bb-8762-ac0acb7ce745\main.py Завершение. Выполняемый шаг: Клик по Web-элементу. id: [Q2@mu?#NQ2xEX2OXYF$
2026-05-23T16:10:06+0300 INFO: C:\Users\Ksenya\Desktop\hakaton\main\resource\6298f9f6-0a7d-48bb-8762-ac0acb7ce745\main.py Старт. Выполняемый шаг: Задержка. id: `^?P,o-StU!YIwW:*51`
2026-05-23T16:10:06+0300 INFO: C:\Users\Ksenya\Desktop\hakaton\main\resource\6298f9f6-0a7d-48bb-8762-ac0acb7ce745\main.py Выполнение. Выполняемый шаг: Задержка. id: `^?P,o-StU!YIwW:*51`
2026-05-23T16:10:06+0300 INFO: C:\Users\Ksenya\Desktop\hakaton\main\resource\6298f9f6-0a7d-48bb-8762-ac0acb7ce745\main.py Старт. Выполняемый шаг: Преобразовать строку в число. id: uw`j?F`+X9C3RI;{kpUw
2026-05-23T16:10:06+0300 INFO: C:\Users\Ksenya\Desktop\hakaton\main\resource\6298f9f6-0a7d-48bb-8762-ac0acb7ce745\main.py Завершение. Выполняемый шаг: Преобразовать строку в число. id: uw`j?F`+X9C3RI;{kpUw
2026-05-23T16:10:26+0300 INFO: C:\Users\Ksenya\Desktop\hakaton\main\resource\6298f9f6-0a7d-48bb-8762-ac0acb7ce745\main.py Завершение. Выполняемый шаг: Задержка. id: `^?P,o-StU!YIwW:*51`
2026-05-23T16:10:26+0300 INFO: C:\Users\Ksenya\Desktop\hakaton\main\resource\6298f9f6-0a7d-48bb-8762-ac0acb7ce745\main.py Старт. Выполняемый шаг: Клик по Web-элементу. id: !*p3azK$H5lkwE@DW$s_
2026-05-23T16:10:26+0300 INFO: C:\Users\Ksenya\Desktop\hakaton\main\resource\6298f9f6-0a7d-48bb-8762-ac0acb7ce745\main.py Выполнение. Выполняемый шаг: Клик по Web-элементу. id: !*p3azK$H5lkwE@DW$s_
2026-05-23T16:10:26+0300 INFO: C:\Users\Ksenya\Desktop\hakaton\main\resource\6298f9f6-0a7d-48bb-8762-ac0acb7ce745\main.py Завершение. Выполняемый шаг: Клик по Web-элементу. id: !*p3azK$H5lkwE@DW$s_
2026-05-23T16:10:26+0300 INFO: C:\Users\Ksenya\Desktop\hakaton\main\resource\6298f9f6-0a7d-48bb-8762-ac0acb7ce745\main.py Старт. Выполняемый шаг: Клик по Web-элементу. id: ]8Xi8xyWQkijnuXN/Mwn
2026-05-23T16:10:26+0300 INFO: C:\Users\Ksenya\Desktop\hakaton\main\resource\6298f9f6-0a7d-48bb-8762-ac0acb7ce745\main.py Выполнение. Выполняемый шаг: Клик по Web-элементу. id: ]8Xi8xyWQkijnuXN/Mwn
2026-05-23T16:10:26+0300 INFO: C:\Users\Ksenya\Desktop\hakaton\main\resource\6298f9f6-0a7d-48bb-8762-ac0acb7ce745\main.py Завершение. Выполняемый шаг: Клик по Web-элементу. id: ]8Xi8xyWQkijnuXN/Mwn
2026-05-23T16:10:26+0300 INFO: C:\Users\Ksenya\Desktop\hakaton\main\resource\6298f9f6-0a7d-48bb-8762-ac0acb7ce745\main.py Старт. Выполняемый шаг: Ввод в 1C-веб. id: GY)ZR_u4zf.~_0inu*)x
2026-05-23T16:10:26+0300 INFO: C:\Users\Ksenya\Desktop\hakaton\main\resource\6298f9f6-0a7d-48bb-8762-ac0acb7ce745\main.py Выполнение. Выполняемый шаг: Ввод в 1C-веб. id: GY)ZR_u4zf.~_0inu*)x
2026-05-23T16:10:29+0300 ERROR: C:\Users\Ksenya\Desktop\hakaton\main\resource\6298f9f6-0a7d-48bb-8762-ac0acb7ce745\main.py Ошибка выполнения робота
2026-05-23T16:10:29+0300 INFO: C:\Users\Ksenya\Desktop\hakaton\main\resource\6298f9f6-0a7d-48bb-8762-ac0acb7ce745\main.py Завершение. Выполняемый шаг: Обработка ошибки. id: E(ohZ?TiZWX5;}Gqu-r,
2026-05-23T16:10:29+0300 INFO: C:\Users\Ksenya\Desktop\hakaton\main\resource\6298f9f6-0a7d-48bb-8762-ac0acb7ce745\main.py Старт. Выполняемый шаг: Клик по Web-элементу. id: @7-:CNPv,N:LCj9;cz^V
2026-05-23T16:10:29+0300 INFO: C:\Users\Ksenya\Desktop\hakaton\main\resource\6298f9f6-0a7d-48bb-8762-ac0acb7ce745\main.py Выполнение. Выполняемый шаг: Клик по Web-элементу. id: @7-:CNPv,N:LCj9;cz^V
2026-05-23T16:10:29+0300 INFO: C:\Users\Ksenya\Desktop\hakaton\main\resource\6298f9f6-0a7d-48bb-8762-ac0acb7ce745\main.py Завершение. Выполняемый шаг: Клик по Web-элементу. id: @7-:CNPv,N:LCj9;cz^V
2026-05-23T16:10:29+0300 INFO: C:\Users\Ksenya\Desktop\hakaton\main\resource\6298f9f6-0a7d-48bb-8762-ac0acb7ce745\main.py Старт. Выполняемый шаг: Ввод горячих клавиш в веб-сайт. id: 8/zHO%G~o51XJG!Ynu*-
2026-05-23T16:10:29+0300 INFO: C:\Users\Ksenya\Desktop\hakaton\main\resource\6298f9f6-0a7d-48bb-8762-ac0acb7ce745\main.py Выполнение. Выполняемый шаг: Ввод горячих клавиш в веб-сайт. id: 8/zHO%G~o51XJG!Ynu*-
2026-05-23T16:10:30+0300 INFO: C:\Users\Ksenya\Desktop\hakaton\main\resource\6298f9f6-0a7d-48bb-8762-ac0acb7ce745\main.py Завершение. Выполняемый шаг: Ввод горячих клавиш в веб-сайт. id: 8/zHO%G~o51XJG!Ynu*-
2026-05-23T16:10:30+0300 INFO: C:\Users\Ksenya\Desktop\hakaton\main\resource\6298f9f6-0a7d-48bb-8762-ac0acb7ce745\main.py Старт. Выполняемый шаг: Ввод в веб-сайт. id: aMkpq4ydQ^Cz@34Z(V3x
2026-05-23T16:10:30+0300 INFO: C:\Users\Ksenya\Desktop\hakaton\main\resource\6298f9f6-0a7d-48bb-8762-ac0acb7ce745\main.py Выполнение. Выполняемый шаг: Ввод в веб-сайт. id: aMkpq4ydQ^Cz@34Z(V3x
2026-05-23T16:10:31+0300 INFO: C:\Users\Ksenya\Desktop\hakaton\main\resource\6298f9f6-0a7d-48bb-8762-ac0acb7ce745\main.py Завершение. Выполняемый шаг: Ввод в веб-сайт. id: aMkpq4ydQ^Cz@34Z(V3x
2026-05-23T16:10:31+0300 INFO: C:\Users\Ksenya\Desktop\hakaton\main\resource\6298f9f6-0a7d-48bb-8762-ac0acb7ce745\main.py Старт. Выполняемый шаг: Клик по Web-элементу. id: wxRx5H*x!wJc?~mRAGHs
2026-05-23T16:10:31+0300 INFO: C:\Users\Ksenya\Desktop\hakaton\main\resource\6298f9f6-0a7d-48bb-8762-ac0acb7ce745\main.py Выполнение. Выполняемый шаг: Клик по Web-элементу. id: wxRx5H*x!wJc?~mRAGHs
2026-05-23T16:10:31+0300 INFO: C:\Users\Ksenya\Desktop\hakaton\main\resource\6298f9f6-0a7d-48bb-8762-ac0acb7ce745\main.py Завершение. Выполняемый шаг: Клик по Web-элементу. id: wxRx5H*x!wJc?~mRAGHs
2026-05-23T16:10:31+0300 INFO: C:\Users\Ksenya\Desktop\hakaton\main\resource\6298f9f6-0a7d-48bb-8762-ac0acb7ce745\main.py Старт. Выполняемый шаг: Ввод горячих клавиш в веб-сайт. id: L7LeB4+FWj$5N{.!ddBy
2026-05-23T16:10:31+0300 INFO: C:\Users\Ksenya\Desktop\hakaton\main\resource\6298f9f6-0a7d-48bb-8762-ac0acb7ce745\main.py Выполнение. Выполняемый шаг: Ввод горячих клавиш в веб-сайт. id: L7LeB4+FWj$5N{.!ddBy
2026-05-23T16:10:31+0300 INFO: C:\Users\Ksenya\Desktop\hakaton\main\resource\6298f9f6-0a7d-48bb-8762-ac0acb7ce745\main.py Завершение. Выполняемый шаг: Ввод горячих клавиш в веб-сайт. id: L7LeB4+FWj$5N{.!ddBy
2026-05-23T16:10:31+0300 INFO: C:\Users\Ksenya\Desktop\hakaton\main\resource\6298f9f6-0a7d-48bb-8762-ac0acb7ce745\main.py Старт. Выполняемый шаг: Ввод в веб-сайт. id: e+Ee_w-]LW^OGD!#4RLi
2026-05-23T16:10:31+0300 INFO: C:\Users\Ksenya\Desktop\hakaton\main\resource\6298f9f6-0a7d-48bb-8762-ac0acb7ce745\main.py Выполнение. Выполняемый шаг: Ввод в веб-сайт. id: e+Ee_w-]LW^OGD!#4RLi
2026-05-23T16:10:32+0300 INFO: C:\Users\Ksenya\Desktop\hakaton\main\resource\6298f9f6-0a7d-48bb-8762-ac0acb7ce745\main.py Завершение. Выполняемый шаг: Ввод в веб-сайт. id: e+Ee_w-]LW^OGD!#4RLi
2026-05-23T16:10:32+0300 INFO: C:\Users\Ksenya\Desktop\hakaton\main\resource\6298f9f6-0a7d-48bb-8762-ac0acb7ce745\main.py Старт. Выполняемый шаг: Клик по Web-элементу. id: P#C9F|{6[rvIajcS#B0?
2026-05-23T16:10:32+0300 INFO: C:\Users\Ksenya\Desktop\hakaton\main\resource\6298f9f6-0a7d-48bb-8762-ac0acb7ce745\main.py Выполнение. Выполняемый шаг: Клик по Web-элементу. id: P#C9F|{6[rvIajcS#B0?
2026-05-23T16:10:32+0300 INFO: C:\Users\Ksenya\Desktop\hakaton\main\resource\6298f9f6-0a7d-48bb-8762-ac0acb7ce745\main.py Завершение. Выполняемый шаг: Клик по Web-элементу. id: P#C9F|{6[rvIajcS#B0?
2026-05-23T16:10:32+0300 INFO: C:\Users\Ksenya\Desktop\hakaton\main\resource\6298f9f6-0a7d-48bb-8762-ac0acb7ce745\main.py Старт. Выполняемый шаг: Ввод горячих клавиш в веб-сайт. id: $IJ]qw/qBe.wqoPy$1ag
2026-05-23T16:10:32+0300 INFO: C:\Users\Ksenya\Desktop\hakaton\main\resource\6298f9f6-0a7d-48bb-8762-ac0acb7ce745\main.py Выполнение. Выполняемый шаг: Ввод горячих клавиш в веб-сайт. id: $IJ]qw/qBe.wqoPy$1ag
2026-05-23T16:10:32+0300 INFO: C:\Users\Ksenya\Desktop\hakaton\main\resource\6298f9f6-0a7d-48bb-8762-ac0acb7ce745\main.py Завершение. Выполняемый шаг: Ввод горячих клавиш в веб-сайт. id: $IJ]qw/qBe.wqoPy$1ag
2026-05-23T16:10:32+0300 INFO: C:\Users\Ksenya\Desktop\hakaton\main\resource\6298f9f6-0a7d-48bb-8762-ac0acb7ce745\main.py Старт. Выполняемый шаг: Ввод в веб-сайт. id: 6k_0mXu,)P1r8zGe`]*M
2026-05-23T16:10:32+0300 INFO: C:\Users\Ksenya\Desktop\hakaton\main\resource\6298f9f6-0a7d-48bb-8762-ac0acb7ce745\main.py Выполнение. Выполняемый шаг: Ввод в веб-сайт. id: 6k_0mXu,)P1r8zGe`]*M
2026-05-23T16:10:32+0300 INFO: C:\Users\Ksenya\Desktop\hakaton\main\resource\6298f9f6-0a7d-48bb-8762-ac0acb7ce745\main.py Завершение. Выполняемый шаг: Ввод в веб-сайт. id: 6k_0mXu,)P1r8zGe`]*M
2026-05-23T16:10:32+0300 INFO: Завершение работы робота: C:\Users\Ksenya\Desktop\hakaton\main\resource\6298f9f6-0a7d-48bb-8762-ac0acb7ce745\main.py
2026-05-23T16:28:06+0300 INFO: Старт робота: C:\Users\Ksenya\Desktop\hakaton\main\resource\4388bffa-7d02-43ca-bf13-3841d268d369\main.py
2026-05-23T16:28:06+0300 INFO: C:\Users\Ksenya\Desktop\hakaton\main\resource\4388bffa-7d02-43ca-bf13-3841d268d369\main.py Старт. Выполняемый шаг: Обработка ошибки. id: E(ohZ?TiZWX5;}Gqu-r,
2026-05-23T16:28:10+0300 INFO: C:\Users\Ksenya\Desktop\hakaton\main\resource\4388bffa-7d02-43ca-bf13-3841d268d369\main.py Выполнение. Выполняемый шаг: Обработка ошибки. id: E(ohZ?TiZWX5;}Gqu-r,
2026-05-23T16:28:10+0300 INFO: C:\Users\Ksenya\Desktop\hakaton\main\resource\4388bffa-7d02-43ca-bf13-3841d268d369\main.py Робот запущен
2026-05-23T16:28:10+0300 INFO: C:\Users\Ksenya\Desktop\hakaton\main\resource\4388bffa-7d02-43ca-bf13-3841d268d369\main.py Старт. Выполняемый шаг: Присвоить значение переменной. id: uT8K_dR,wNXk4m?dkCsM
2026-05-23T16:28:11+0300 INFO: C:\Users\Ksenya\Desktop\hakaton\main\resource\4388bffa-7d02-43ca-bf13-3841d268d369\main.py Выполнение. Выполняемый шаг: Присвоить значение переменной. id: uT8K_dR,wNXk4m?dkCsM
2026-05-23T16:28:11+0300 INFO: C:\Users\Ksenya\Desktop\hakaton\main\resource\4388bffa-7d02-43ca-bf13-3841d268d369\main.py Завершение. Выполняемый шаг: Присвоить значение переменной. id: uT8K_dR,wNXk4m?dkCsM
2026-05-23T16:28:11+0300 INFO: C:\Users\Ksenya\Desktop\hakaton\main\resource\4388bffa-7d02-43ca-bf13-3841d268d369\main.py Старт. Выполняемый шаг: Присвоить значение переменной. id: :MAZ.Rz62:ZsFDl7vQQJ
2026-05-23T16:28:11+0300 INFO: C:\Users\Ksenya\Desktop\hakaton\main\resource\4388bffa-7d02-43ca-bf13-3841d268d369\main.py Выполнение. Выполняемый шаг: Присвоить значение переменной. id: :MAZ.Rz62:ZsFDl7vQQJ
2026-05-23T16:28:11+0300 INFO: C:\Users\Ksenya\Desktop\hakaton\main\resource\4388bffa-7d02-43ca-bf13-3841d268d369\main.py Завершение. Выполняемый шаг: Присвоить значение переменной. id: :MAZ.Rz62:ZsFDl7vQQJ
2026-05-23T16:28:11+0300 INFO: C:\Users\Ksenya\Desktop\hakaton\main\resource\4388bffa-7d02-43ca-bf13-3841d268d369\main.py Старт. Выполняемый шаг: Присвоить значение переменной. id: WBqw15|Z#}dx_{yM[UJS
2026-05-23T16:28:11+0300 INFO: C:\Users\Ksenya\Desktop\hakaton\main\resource\4388bffa-7d02-43ca-bf13-3841d268d369\main.py Выполнение. Выполняемый шаг: Присвоить значение переменной. id: WBqw15|Z#}dx_{yM[UJS
2026-05-23T16:28:11+0300 INFO: C:\Users\Ksenya\Desktop\hakaton\main\resource\4388bffa-7d02-43ca-bf13-3841d268d369\main.py Завершение. Выполняемый шаг: Присвоить значение переменной. id: WBqw15|Z#}dx_{yM[UJS
2026-05-23T16:28:11+0300 INFO: C:\Users\Ksenya\Desktop\hakaton\main\resource\4388bffa-7d02-43ca-bf13-3841d268d369\main.py Старт. Выполняемый шаг: Присвоить значение переменной. id: ZD}VS]B8yU%7IR$_1:gx
2026-05-23T16:28:11+0300 INFO: C:\Users\Ksenya\Desktop\hakaton\main\resource\4388bffa-7d02-43ca-bf13-3841d268d369\main.py Выполнение. Выполняемый шаг: Присвоить значение переменной. id: ZD}VS]B8yU%7IR$_1:gx
2026-05-23T16:28:11+0300 INFO: C:\Users\Ksenya\Desktop\hakaton\main\resource\4388bffa-7d02-43ca-bf13-3841d268d369\main.py Старт. Выполняемый шаг: Прочитать файл. id: h-7qLFMP}Ex#VZ)Ao@jd
2026-05-23T16:28:11+0300 INFO: C:\Users\Ksenya\Desktop\hakaton\main\resource\4388bffa-7d02-43ca-bf13-3841d268d369\main.py Завершение. Выполняемый шаг: Прочитать файл. id: h-7qLFMP}Ex#VZ)Ao@jd
2026-05-23T16:28:11+0300 INFO: C:\Users\Ksenya\Desktop\hakaton\main\resource\4388bffa-7d02-43ca-bf13-3841d268d369\main.py Завершение. Выполняемый шаг: Присвоить значение переменной. id: ZD}VS]B8yU%7IR$_1:gx
2026-05-23T16:28:11+0300 INFO: C:\Users\Ksenya\Desktop\hakaton\main\resource\4388bffa-7d02-43ca-bf13-3841d268d369\main.py Старт. Выполняемый шаг: Присвоить значение переменной. id: ^0R|78#C*6Lo31|B;%K9
2026-05-23T16:28:11+0300 INFO: C:\Users\Ksenya\Desktop\hakaton\main\resource\4388bffa-7d02-43ca-bf13-3841d268d369\main.py Выполнение. Выполняемый шаг: Присвоить значение переменной. id: ^0R|78#C*6Lo31|B;%K9
2026-05-23T16:28:11+0300 INFO: C:\Users\Ksenya\Desktop\hakaton\main\resource\4388bffa-7d02-43ca-bf13-3841d268d369\main.py Завершение. Выполняемый шаг: Присвоить значение переменной. id: ^0R|78#C*6Lo31|B;%K9
2026-05-23T16:28:11+0300 INFO: C:\Users\Ksenya\Desktop\hakaton\main\resource\4388bffa-7d02-43ca-bf13-3841d268d369\main.py Старт. Выполняемый шаг: Присвоить значение переменной. id: p$O:QoI+|4ux$8{ysFr:
2026-05-23T16:28:11+0300 INFO: C:\Users\Ksenya\Desktop\hakaton\main\resource\4388bffa-7d02-43ca-bf13-3841d268d369\main.py Выполнение. Выполняемый шаг: Присвоить значение переменной. id: p$O:QoI+|4ux$8{ysFr:
2026-05-23T16:28:11+0300 INFO: C:\Users\Ksenya\Desktop\hakaton\main\resource\4388bffa-7d02-43ca-bf13-3841d268d369\main.py Завершение. Выполняемый шаг: Присвоить значение переменной. id: p$O:QoI+|4ux$8{ysFr:
2026-05-23T16:28:11+0300 INFO: C:\Users\Ksenya\Desktop\hakaton\main\resource\4388bffa-7d02-43ca-bf13-3841d268d369\main.py Старт. Выполняемый шаг: Присвоить значение переменной. id: ]Nwow_`34-zY1snYsMa=
2026-05-23T16:28:11+0300 INFO: C:\Users\Ksenya\Desktop\hakaton\main\resource\4388bffa-7d02-43ca-bf13-3841d268d369\main.py Выполнение. Выполняемый шаг: Присвоить значение переменной. id: ]Nwow_`34-zY1snYsMa=
2026-05-23T16:28:11+0300 INFO: C:\Users\Ksenya\Desktop\hakaton\main\resource\4388bffa-7d02-43ca-bf13-3841d268d369\main.py Завершение. Выполняемый шаг: Присвоить значение переменной. id: ]Nwow_`34-zY1snYsMa=
2026-05-23T16:28:11+0300 INFO: C:\Users\Ksenya\Desktop\hakaton\main\resource\4388bffa-7d02-43ca-bf13-3841d268d369\main.py Старт. Выполняемый шаг: Присвоить значение переменной. id: 7qHD^~+B#bUSw)9hi;V5
2026-05-23T16:28:11+0300 INFO: C:\Users\Ksenya\Desktop\hakaton\main\resource\4388bffa-7d02-43ca-bf13-3841d268d369\main.py Выполнение. Выполняемый шаг: Присвоить значение переменной. id: 7qHD^~+B#bUSw)9hi;V5
2026-05-23T16:28:11+0300 INFO: C:\Users\Ksenya\Desktop\hakaton\main\resource\4388bffa-7d02-43ca-bf13-3841d268d369\main.py Завершение. Выполняемый шаг: Присвоить значение переменной. id: 7qHD^~+B#bUSw)9hi;V5
2026-05-23T16:28:11+0300 INFO: C:\Users\Ksenya\Desktop\hakaton\main\resource\4388bffa-7d02-43ca-bf13-3841d268d369\main.py Старт. Выполняемый шаг: Присвоить значение переменной. id: 3oGjmJ`CaVRVz9#qu*_m
2026-05-23T16:28:11+0300 INFO: C:\Users\Ksenya\Desktop\hakaton\main\resource\4388bffa-7d02-43ca-bf13-3841d268d369\main.py Выполнение. Выполняемый шаг: Присвоить значение переменной. id: 3oGjmJ`CaVRVz9#qu*_m
2026-05-23T16:28:11+0300 INFO: C:\Users\Ksenya\Desktop\hakaton\main\resource\4388bffa-7d02-43ca-bf13-3841d268d369\main.py Завершение. Выполняемый шаг: Присвоить значение переменной. id: 3oGjmJ`CaVRVz9#qu*_m
2026-05-23T16:28:11+0300 INFO: C:\Users\Ksenya\Desktop\hakaton\main\resource\4388bffa-7d02-43ca-bf13-3841d268d369\main.py Старт. Выполняемый шаг: Присвоить значение переменной. id: :kF]*7FA#}yI!L)At3D0
2026-05-23T16:28:11+0300 INFO: C:\Users\Ksenya\Desktop\hakaton\main\resource\4388bffa-7d02-43ca-bf13-3841d268d369\main.py Выполнение. Выполняемый шаг: Присвоить значение переменной. id: :kF]*7FA#}yI!L)At3D0
2026-05-23T16:28:11+0300 INFO: C:\Users\Ksenya\Desktop\hakaton\main\resource\4388bffa-7d02-43ca-bf13-3841d268d369\main.py Завершение. Выполняемый шаг: Присвоить значение переменной. id: :kF]*7FA#}yI!L)At3D0
2026-05-23T16:28:11+0300 INFO: C:\Users\Ksenya\Desktop\hakaton\main\resource\4388bffa-7d02-43ca-bf13-3841d268d369\main.py Отправляю запрос в 1С
2026-05-23T16:28:11+0300 INFO: C:\Users\Ksenya\Desktop\hakaton\main\resource\4388bffa-7d02-43ca-bf13-3841d268d369\main.py Старт. Выполняемый шаг: Присвоить значение переменной. id: 5Ew%Wt$JK+7d7TXLxId_
2026-05-23T16:28:11+0300 INFO: C:\Users\Ksenya\Desktop\hakaton\main\resource\4388bffa-7d02-43ca-bf13-3841d268d369\main.py Выполнение. Выполняемый шаг: Присвоить значение переменной. id: 5Ew%Wt$JK+7d7TXLxId_
2026-05-23T16:28:11+0300 INFO: C:\Users\Ksenya\Desktop\hakaton\main\resource\4388bffa-7d02-43ca-bf13-3841d268d369\main.py Старт. Выполняемый шаг: Создать сессию браузера. id: 4#bM-7PYt%bTkrSh8bfZ
2026-05-23T16:28:17+0300 INFO: C:\Users\Ksenya\Desktop\hakaton\main\resource\4388bffa-7d02-43ca-bf13-3841d268d369\main.py Завершение. Выполняемый шаг: Создать сессию браузера. id: 4#bM-7PYt%bTkrSh8bfZ
2026-05-23T16:28:17+0300 INFO: C:\Users\Ksenya\Desktop\hakaton\main\resource\4388bffa-7d02-43ca-bf13-3841d268d369\main.py Завершение. Выполняемый шаг: Присвоить значение переменной. id: 5Ew%Wt$JK+7d7TXLxId_
2026-05-23T16:28:17+0300 INFO: C:\Users\Ksenya\Desktop\hakaton\main\resource\4388bffa-7d02-43ca-bf13-3841d268d369\main.py Старт. Выполняемый шаг: Открыть страницу в браузере. id: _{QT4zD{Fqs69!/:|#zp
2026-05-23T16:28:17+0300 INFO: C:\Users\Ksenya\Desktop\hakaton\main\resource\4388bffa-7d02-43ca-bf13-3841d268d369\main.py Выполнение. Выполняемый шаг: Открыть страницу в браузере. id: _{QT4zD{Fqs69!/:|#zp
2026-05-23T16:28:19+0300 INFO: C:\Users\Ksenya\Desktop\hakaton\main\resource\4388bffa-7d02-43ca-bf13-3841d268d369\main.py Завершение. Выполняемый шаг: Открыть страницу в браузере. id: _{QT4zD{Fqs69!/:|#zp
2026-05-23T16:28:19+0300 INFO: C:\Users\Ksenya\Desktop\hakaton\main\resource\4388bffa-7d02-43ca-bf13-3841d268d369\main.py Старт. Выполняемый шаг: Задержка. id: ??=,o)g^!HRb+gO2+Wzh
2026-05-23T16:28:19+0300 INFO: C:\Users\Ksenya\Desktop\hakaton\main\resource\4388bffa-7d02-43ca-bf13-3841d268d369\main.py Выполнение. Выполняемый шаг: Задержка. id: ??=,o)g^!HRb+gO2+Wzh
2026-05-23T16:28:19+0300 INFO: C:\Users\Ksenya\Desktop\hakaton\main\resource\4388bffa-7d02-43ca-bf13-3841d268d369\main.py Старт. Выполняемый шаг: Преобразовать строку в число. id: {Rsp$JX%Cwa].U=6UmD=
2026-05-23T16:28:19+0300 INFO: C:\Users\Ksenya\Desktop\hakaton\main\resource\4388bffa-7d02-43ca-bf13-3841d268d369\main.py Завершение. Выполняемый шаг: Преобразовать строку в число. id: {Rsp$JX%Cwa].U=6UmD=
2026-05-23T16:28:22+0300 INFO: C:\Users\Ksenya\Desktop\hakaton\main\resource\4388bffa-7d02-43ca-bf13-3841d268d369\main.py Завершение. Выполняемый шаг: Задержка. id: ??=,o)g^!HRb+gO2+Wzh
2026-05-23T16:28:22+0300 INFO: C:\Users\Ksenya\Desktop\hakaton\main\resource\4388bffa-7d02-43ca-bf13-3841d268d369\main.py Старт. Выполняемый шаг: Клик по Web-элементу. id: EBp7HZH}x+19aqf!)2/)
2026-05-23T16:28:22+0300 INFO: C:\Users\Ksenya\Desktop\hakaton\main\resource\4388bffa-7d02-43ca-bf13-3841d268d369\main.py Выполнение. Выполняемый шаг: Клик по Web-элементу. id: EBp7HZH}x+19aqf!)2/)
2026-05-23T16:28:22+0300 INFO: C:\Users\Ksenya\Desktop\hakaton\main\resource\4388bffa-7d02-43ca-bf13-3841d268d369\main.py Завершение. Выполняемый шаг: Клик по Web-элементу. id: EBp7HZH}x+19aqf!)2/)
2026-05-23T16:28:22+0300 INFO: C:\Users\Ksenya\Desktop\hakaton\main\resource\4388bffa-7d02-43ca-bf13-3841d268d369\main.py Старт. Выполняемый шаг: Ввод в веб-сайт. id: %w9B]^SDY]u6w8A[VN]B
2026-05-23T16:28:22+0300 INFO: C:\Users\Ksenya\Desktop\hakaton\main\resource\4388bffa-7d02-43ca-bf13-3841d268d369\main.py Выполнение. Выполняемый шаг: Ввод в веб-сайт. id: %w9B]^SDY]u6w8A[VN]B
2026-05-23T16:28:23+0300 INFO: C:\Users\Ksenya\Desktop\hakaton\main\resource\4388bffa-7d02-43ca-bf13-3841d268d369\main.py Завершение. Выполняемый шаг: Ввод в веб-сайт. id: %w9B]^SDY]u6w8A[VN]B
2026-05-23T16:28:23+0300 INFO: C:\Users\Ksenya\Desktop\hakaton\main\resource\4388bffa-7d02-43ca-bf13-3841d268d369\main.py Старт. Выполняемый шаг: Клик по Web-элементу. id: H6A$`ZrfUnP;M.)V!gP%
2026-05-23T16:28:23+0300 INFO: C:\Users\Ksenya\Desktop\hakaton\main\resource\4388bffa-7d02-43ca-bf13-3841d268d369\main.py Выполнение. Выполняемый шаг: Клик по Web-элементу. id: H6A$`ZrfUnP;M.)V!gP%
2026-05-23T16:28:23+0300 INFO: C:\Users\Ksenya\Desktop\hakaton\main\resource\4388bffa-7d02-43ca-bf13-3841d268d369\main.py Завершение. Выполняемый шаг: Клик по Web-элементу. id: H6A$`ZrfUnP;M.)V!gP%
2026-05-23T16:28:23+0300 INFO: C:\Users\Ksenya\Desktop\hakaton\main\resource\4388bffa-7d02-43ca-bf13-3841d268d369\main.py Старт. Выполняемый шаг: Ввод в веб-сайт. id: y:}|lxK((=67v}qu8Ym-
2026-05-23T16:28:23+0300 INFO: C:\Users\Ksenya\Desktop\hakaton\main\resource\4388bffa-7d02-43ca-bf13-3841d268d369\main.py Выполнение. Выполняемый шаг: Ввод в веб-сайт. id: y:}|lxK((=67v}qu8Ym-
2026-05-23T16:28:23+0300 INFO: C:\Users\Ksenya\Desktop\hakaton\main\resource\4388bffa-7d02-43ca-bf13-3841d268d369\main.py Завершение. Выполняемый шаг: Ввод в веб-сайт. id: y:}|lxK((=67v}qu8Ym-
2026-05-23T16:28:23+0300 INFO: C:\Users\Ksenya\Desktop\hakaton\main\resource\4388bffa-7d02-43ca-bf13-3841d268d369\main.py Старт. Выполняемый шаг: Клик по Web-элементу. id: [Q2@mu?#NQ2xEX2OXYF$
2026-05-23T16:28:23+0300 INFO: C:\Users\Ksenya\Desktop\hakaton\main\resource\4388bffa-7d02-43ca-bf13-3841d268d369\main.py Выполнение. Выполняемый шаг: Клик по Web-элементу. id: [Q2@mu?#NQ2xEX2OXYF$
2026-05-23T16:28:24+0300 INFO: C:\Users\Ksenya\Desktop\hakaton\main\resource\4388bffa-7d02-43ca-bf13-3841d268d369\main.py Завершение. Выполняемый шаг: Клик по Web-элементу. id: [Q2@mu?#NQ2xEX2OXYF$
2026-05-23T16:28:24+0300 INFO: C:\Users\Ksenya\Desktop\hakaton\main\resource\4388bffa-7d02-43ca-bf13-3841d268d369\main.py Старт. Выполняемый шаг: Задержка. id: `^?P,o-StU!YIwW:*51`
2026-05-23T16:28:24+0300 INFO: C:\Users\Ksenya\Desktop\hakaton\main\resource\4388bffa-7d02-43ca-bf13-3841d268d369\main.py Выполнение. Выполняемый шаг: Задержка. id: `^?P,o-StU!YIwW:*51`
2026-05-23T16:28:24+0300 INFO: C:\Users\Ksenya\Desktop\hakaton\main\resource\4388bffa-7d02-43ca-bf13-3841d268d369\main.py Старт. Выполняемый шаг: Преобразовать строку в число. id: uw`j?F`+X9C3RI;{kpUw
2026-05-23T16:28:24+0300 INFO: C:\Users\Ksenya\Desktop\hakaton\main\resource\4388bffa-7d02-43ca-bf13-3841d268d369\main.py Завершение. Выполняемый шаг: Преобразовать строку в число. id: uw`j?F`+X9C3RI;{kpUw
2026-05-23T16:28:44+0300 INFO: C:\Users\Ksenya\Desktop\hakaton\main\resource\4388bffa-7d02-43ca-bf13-3841d268d369\main.py Завершение. Выполняемый шаг: Задержка. id: `^?P,o-StU!YIwW:*51`
2026-05-23T16:28:44+0300 INFO: C:\Users\Ksenya\Desktop\hakaton\main\resource\4388bffa-7d02-43ca-bf13-3841d268d369\main.py Старт. Выполняемый шаг: Клик по Web-элементу. id: !*p3azK$H5lkwE@DW$s_
2026-05-23T16:28:44+0300 INFO: C:\Users\Ksenya\Desktop\hakaton\main\resource\4388bffa-7d02-43ca-bf13-3841d268d369\main.py Выполнение. Выполняемый шаг: Клик по Web-элементу. id: !*p3azK$H5lkwE@DW$s_
2026-05-23T16:28:44+0300 INFO: C:\Users\Ksenya\Desktop\hakaton\main\resource\4388bffa-7d02-43ca-bf13-3841d268d369\main.py Завершение. Выполняемый шаг: Клик по Web-элементу. id: !*p3azK$H5lkwE@DW$s_
2026-05-23T16:28:44+0300 INFO: C:\Users\Ksenya\Desktop\hakaton\main\resource\4388bffa-7d02-43ca-bf13-3841d268d369\main.py Старт. Выполняемый шаг: Клик по Web-элементу. id: ]8Xi8xyWQkijnuXN/Mwn
2026-05-23T16:28:44+0300 INFO: C:\Users\Ksenya\Desktop\hakaton\main\resource\4388bffa-7d02-43ca-bf13-3841d268d369\main.py Выполнение. Выполняемый шаг: Клик по Web-элементу. id: ]8Xi8xyWQkijnuXN/Mwn
2026-05-23T16:28:44+0300 INFO: C:\Users\Ksenya\Desktop\hakaton\main\resource\4388bffa-7d02-43ca-bf13-3841d268d369\main.py Завершение. Выполняемый шаг: Клик по Web-элементу. id: ]8Xi8xyWQkijnuXN/Mwn
2026-05-23T16:28:44+0300 INFO: C:\Users\Ksenya\Desktop\hakaton\main\resource\4388bffa-7d02-43ca-bf13-3841d268d369\main.py Старт. Выполняемый шаг: Ввод в 1C-веб. id: GY)ZR_u4zf.~_0inu*)x
2026-05-23T16:28:44+0300 INFO: C:\Users\Ksenya\Desktop\hakaton\main\resource\4388bffa-7d02-43ca-bf13-3841d268d369\main.py Выполнение. Выполняемый шаг: Ввод в 1C-веб. id: GY)ZR_u4zf.~_0inu*)x
2026-05-23T16:28:47+0300 ERROR: C:\Users\Ksenya\Desktop\hakaton\main\resource\4388bffa-7d02-43ca-bf13-3841d268d369\main.py Ошибка выполнения робота
2026-05-23T16:28:47+0300 INFO: C:\Users\Ksenya\Desktop\hakaton\main\resource\4388bffa-7d02-43ca-bf13-3841d268d369\main.py Завершение. Выполняемый шаг: Обработка ошибки. id: E(ohZ?TiZWX5;}Gqu-r,
2026-05-23T16:28:47+0300 INFO: C:\Users\Ksenya\Desktop\hakaton\main\resource\4388bffa-7d02-43ca-bf13-3841d268d369\main.py Старт. Выполняемый шаг: Клик по Web-элементу. id: @7-:CNPv,N:LCj9;cz^V
2026-05-23T16:28:47+0300 INFO: C:\Users\Ksenya\Desktop\hakaton\main\resource\4388bffa-7d02-43ca-bf13-3841d268d369\main.py Выполнение. Выполняемый шаг: Клик по Web-элементу. id: @7-:CNPv,N:LCj9;cz^V
2026-05-23T16:28:48+0300 INFO: C:\Users\Ksenya\Desktop\hakaton\main\resource\4388bffa-7d02-43ca-bf13-3841d268d369\main.py Завершение. Выполняемый шаг: Клик по Web-элементу. id: @7-:CNPv,N:LCj9;cz^V
2026-05-23T16:28:48+0300 INFO: C:\Users\Ksenya\Desktop\hakaton\main\resource\4388bffa-7d02-43ca-bf13-3841d268d369\main.py Старт. Выполняемый шаг: Ввод горячих клавиш в веб-сайт. id: 8/zHO%G~o51XJG!Ynu*-
2026-05-23T16:28:48+0300 INFO: C:\Users\Ksenya\Desktop\hakaton\main\resource\4388bffa-7d02-43ca-bf13-3841d268d369\main.py Выполнение. Выполняемый шаг: Ввод горячих клавиш в веб-сайт. id: 8/zHO%G~o51XJG!Ynu*-
2026-05-23T16:28:48+0300 INFO: C:\Users\Ksenya\Desktop\hakaton\main\resource\4388bffa-7d02-43ca-bf13-3841d268d369\main.py Завершение. Выполняемый шаг: Ввод горячих клавиш в веб-сайт. id: 8/zHO%G~o51XJG!Ynu*-
2026-05-23T16:28:48+0300 INFO: C:\Users\Ksenya\Desktop\hakaton\main\resource\4388bffa-7d02-43ca-bf13-3841d268d369\main.py Старт. Выполняемый шаг: Ввод в веб-сайт. id: aMkpq4ydQ^Cz@34Z(V3x
2026-05-23T16:28:48+0300 INFO: C:\Users\Ksenya\Desktop\hakaton\main\resource\4388bffa-7d02-43ca-bf13-3841d268d369\main.py Выполнение. Выполняемый шаг: Ввод в веб-сайт. id: aMkpq4ydQ^Cz@34Z(V3x
2026-05-23T16:28:48+0300 INFO: C:\Users\Ksenya\Desktop\hakaton\main\resource\4388bffa-7d02-43ca-bf13-3841d268d369\main.py Завершение. Выполняемый шаг: Ввод в веб-сайт. id: aMkpq4ydQ^Cz@34Z(V3x
2026-05-23T16:28:48+0300 INFO: C:\Users\Ksenya\Desktop\hakaton\main\resource\4388bffa-7d02-43ca-bf13-3841d268d369\main.py Старт. Выполняемый шаг: Клик по Web-элементу. id: wxRx5H*x!wJc?~mRAGHs
2026-05-23T16:28:48+0300 INFO: C:\Users\Ksenya\Desktop\hakaton\main\resource\4388bffa-7d02-43ca-bf13-3841d268d369\main.py Выполнение. Выполняемый шаг: Клик по Web-элементу. id: wxRx5H*x!wJc?~mRAGHs
2026-05-23T16:28:49+0300 INFO: C:\Users\Ksenya\Desktop\hakaton\main\resource\4388bffa-7d02-43ca-bf13-3841d268d369\main.py Завершение. Выполняемый шаг: Клик по Web-элементу. id: wxRx5H*x!wJc?~mRAGHs
2026-05-23T16:28:49+0300 INFO: C:\Users\Ksenya\Desktop\hakaton\main\resource\4388bffa-7d02-43ca-bf13-3841d268d369\main.py Старт. Выполняемый шаг: Ввод горячих клавиш в веб-сайт. id: L7LeB4+FWj$5N{.!ddBy
2026-05-23T16:28:49+0300 INFO: C:\Users\Ksenya\Desktop\hakaton\main\resource\4388bffa-7d02-43ca-bf13-3841d268d369\main.py Выполнение. Выполняемый шаг: Ввод горячих клавиш в веб-сайт. id: L7LeB4+FWj$5N{.!ddBy
2026-05-23T16:28:49+0300 INFO: C:\Users\Ksenya\Desktop\hakaton\main\resource\4388bffa-7d02-43ca-bf13-3841d268d369\main.py Завершение. Выполняемый шаг: Ввод горячих клавиш в веб-сайт. id: L7LeB4+FWj$5N{.!ddBy
2026-05-23T16:28:49+0300 INFO: C:\Users\Ksenya\Desktop\hakaton\main\resource\4388bffa-7d02-43ca-bf13-3841d268d369\main.py Старт. Выполняемый шаг: Ввод в веб-сайт. id: e+Ee_w-]LW^OGD!#4RLi
2026-05-23T16:28:49+0300 INFO: C:\Users\Ksenya\Desktop\hakaton\main\resource\4388bffa-7d02-43ca-bf13-3841d268d369\main.py Выполнение. Выполняемый шаг: Ввод в веб-сайт. id: e+Ee_w-]LW^OGD!#4RLi
2026-05-23T16:28:49+0300 INFO: C:\Users\Ksenya\Desktop\hakaton\main\resource\4388bffa-7d02-43ca-bf13-3841d268d369\main.py Завершение. Выполняемый шаг: Ввод в веб-сайт. id: e+Ee_w-]LW^OGD!#4RLi
2026-05-23T16:28:49+0300 INFO: C:\Users\Ksenya\Desktop\hakaton\main\resource\4388bffa-7d02-43ca-bf13-3841d268d369\main.py Старт. Выполняемый шаг: Клик по Web-элементу. id: P#C9F|{6[rvIajcS#B0?
2026-05-23T16:28:49+0300 INFO: C:\Users\Ksenya\Desktop\hakaton\main\resource\4388bffa-7d02-43ca-bf13-3841d268d369\main.py Выполнение. Выполняемый шаг: Клик по Web-элементу. id: P#C9F|{6[rvIajcS#B0?
2026-05-23T16:28:49+0300 INFO: C:\Users\Ksenya\Desktop\hakaton\main\resource\4388bffa-7d02-43ca-bf13-3841d268d369\main.py Завершение. Выполняемый шаг: Клик по Web-элементу. id: P#C9F|{6[rvIajcS#B0?
2026-05-23T16:28:49+0300 INFO: C:\Users\Ksenya\Desktop\hakaton\main\resource\4388bffa-7d02-43ca-bf13-3841d268d369\main.py Старт. Выполняемый шаг: Ввод горячих клавиш в веб-сайт. id: $IJ]qw/qBe.wqoPy$1ag
2026-05-23T16:28:49+0300 INFO: C:\Users\Ksenya\Desktop\hakaton\main\resource\4388bffa-7d02-43ca-bf13-3841d268d369\main.py Выполнение. Выполняемый шаг: Ввод горячих клавиш в веб-сайт. id: $IJ]qw/qBe.wqoPy$1ag
2026-05-23T16:28:49+0300 INFO: C:\Users\Ksenya\Desktop\hakaton\main\resource\4388bffa-7d02-43ca-bf13-3841d268d369\main.py Завершение. Выполняемый шаг: Ввод горячих клавиш в веб-сайт. id: $IJ]qw/qBe.wqoPy$1ag
2026-05-23T16:28:49+0300 INFO: C:\Users\Ksenya\Desktop\hakaton\main\resource\4388bffa-7d02-43ca-bf13-3841d268d369\main.py Старт. Выполняемый шаг: Ввод в веб-сайт. id: 6k_0mXu,)P1r8zGe`]*M
2026-05-23T16:28:49+0300 INFO: C:\Users\Ksenya\Desktop\hakaton\main\resource\4388bffa-7d02-43ca-bf13-3841d268d369\main.py Выполнение. Выполняемый шаг: Ввод в веб-сайт. id: 6k_0mXu,)P1r8zGe`]*M
2026-05-23T16:28:51+0300 INFO: C:\Users\Ksenya\Desktop\hakaton\main\resource\4388bffa-7d02-43ca-bf13-3841d268d369\main.py Завершение. Выполняемый шаг: Ввод в веб-сайт. id: 6k_0mXu,)P1r8zGe`]*M
2026-05-23T16:28:51+0300 INFO: Завершение работы робота: C:\Users\Ksenya\Desktop\hakaton\main\resource\4388bffa-7d02-43ca-bf13-3841d268d369\main.py
2026-05-23T16:29:23+0300 INFO: Старт робота: C:\Users\Ksenya\Desktop\hakaton\main\resource\9fae7de0-74af-498e-aee1-c7a11b2ccfe3\main.py
2026-05-23T16:29:23+0300 INFO: C:\Users\Ksenya\Desktop\hakaton\main\resource\9fae7de0-74af-498e-aee1-c7a11b2ccfe3\main.py Старт. Выполняемый шаг: Обработка ошибки. id: E(ohZ?TiZWX5;}Gqu-r,
2026-05-23T16:29:23+0300 INFO: C:\Users\Ksenya\Desktop\hakaton\main\resource\9fae7de0-74af-498e-aee1-c7a11b2ccfe3\main.py Выполнение. Выполняемый шаг: Обработка ошибки. id: E(ohZ?TiZWX5;}Gqu-r,
2026-05-23T16:29:23+0300 INFO: C:\Users\Ksenya\Desktop\hakaton\main\resource\9fae7de0-74af-498e-aee1-c7a11b2ccfe3\main.py Робот запущен
2026-05-23T16:29:23+0300 INFO: C:\Users\Ksenya\Desktop\hakaton\main\resource\9fae7de0-74af-498e-aee1-c7a11b2ccfe3\main.py Старт. Выполняемый шаг: Присвоить значение переменной. id: uT8K_dR,wNXk4m?dkCsM
2026-05-23T16:29:24+0300 INFO: C:\Users\Ksenya\Desktop\hakaton\main\resource\9fae7de0-74af-498e-aee1-c7a11b2ccfe3\main.py Выполнение. Выполняемый шаг: Присвоить значение переменной. id: uT8K_dR,wNXk4m?dkCsM
2026-05-23T16:29:24+0300 INFO: C:\Users\Ksenya\Desktop\hakaton\main\resource\9fae7de0-74af-498e-aee1-c7a11b2ccfe3\main.py Завершение. Выполняемый шаг: Присвоить значение переменной. id: uT8K_dR,wNXk4m?dkCsM
2026-05-23T16:29:24+0300 INFO: C:\Users\Ksenya\Desktop\hakaton\main\resource\9fae7de0-74af-498e-aee1-c7a11b2ccfe3\main.py Старт. Выполняемый шаг: Присвоить значение переменной. id: :MAZ.Rz62:ZsFDl7vQQJ
2026-05-23T16:29:24+0300 INFO: C:\Users\Ksenya\Desktop\hakaton\main\resource\9fae7de0-74af-498e-aee1-c7a11b2ccfe3\main.py Выполнение. Выполняемый шаг: Присвоить значение переменной. id: :MAZ.Rz62:ZsFDl7vQQJ
2026-05-23T16:29:24+0300 INFO: C:\Users\Ksenya\Desktop\hakaton\main\resource\9fae7de0-74af-498e-aee1-c7a11b2ccfe3\main.py Завершение. Выполняемый шаг: Присвоить значение переменной. id: :MAZ.Rz62:ZsFDl7vQQJ
2026-05-23T16:29:24+0300 INFO: C:\Users\Ksenya\Desktop\hakaton\main\resource\9fae7de0-74af-498e-aee1-c7a11b2ccfe3\main.py Старт. Выполняемый шаг: Присвоить значение переменной. id: WBqw15|Z#}dx_{yM[UJS
2026-05-23T16:29:24+0300 INFO: C:\Users\Ksenya\Desktop\hakaton\main\resource\9fae7de0-74af-498e-aee1-c7a11b2ccfe3\main.py Выполнение. Выполняемый шаг: Присвоить значение переменной. id: WBqw15|Z#}dx_{yM[UJS
2026-05-23T16:29:24+0300 INFO: C:\Users\Ksenya\Desktop\hakaton\main\resource\9fae7de0-74af-498e-aee1-c7a11b2ccfe3\main.py Завершение. Выполняемый шаг: Присвоить значение переменной. id: WBqw15|Z#}dx_{yM[UJS
2026-05-23T16:29:24+0300 INFO: C:\Users\Ksenya\Desktop\hakaton\main\resource\9fae7de0-74af-498e-aee1-c7a11b2ccfe3\main.py Старт. Выполняемый шаг: Присвоить значение переменной. id: ZD}VS]B8yU%7IR$_1:gx
2026-05-23T16:29:24+0300 INFO: C:\Users\Ksenya\Desktop\hakaton\main\resource\9fae7de0-74af-498e-aee1-c7a11b2ccfe3\main.py Выполнение. Выполняемый шаг: Присвоить значение переменной. id: ZD}VS]B8yU%7IR$_1:gx
2026-05-23T16:29:24+0300 INFO: C:\Users\Ksenya\Desktop\hakaton\main\resource\9fae7de0-74af-498e-aee1-c7a11b2ccfe3\main.py Старт. Выполняемый шаг: Прочитать файл. id: h-7qLFMP}Ex#VZ)Ao@jd
2026-05-23T16:29:24+0300 INFO: C:\Users\Ksenya\Desktop\hakaton\main\resource\9fae7de0-74af-498e-aee1-c7a11b2ccfe3\main.py Завершение. Выполняемый шаг: Прочитать файл. id: h-7qLFMP}Ex#VZ)Ao@jd
2026-05-23T16:29:24+0300 INFO: C:\Users\Ksenya\Desktop\hakaton\main\resource\9fae7de0-74af-498e-aee1-c7a11b2ccfe3\main.py Завершение. Выполняемый шаг: Присвоить значение переменной. id: ZD}VS]B8yU%7IR$_1:gx
2026-05-23T16:29:24+0300 INFO: C:\Users\Ksenya\Desktop\hakaton\main\resource\9fae7de0-74af-498e-aee1-c7a11b2ccfe3\main.py Старт. Выполняемый шаг: Присвоить значение переменной. id: ^0R|78#C*6Lo31|B;%K9
2026-05-23T16:29:24+0300 INFO: C:\Users\Ksenya\Desktop\hakaton\main\resource\9fae7de0-74af-498e-aee1-c7a11b2ccfe3\main.py Выполнение. Выполняемый шаг: Присвоить значение переменной. id: ^0R|78#C*6Lo31|B;%K9
2026-05-23T16:29:24+0300 INFO: C:\Users\Ksenya\Desktop\hakaton\main\resource\9fae7de0-74af-498e-aee1-c7a11b2ccfe3\main.py Завершение. Выполняемый шаг: Присвоить значение переменной. id: ^0R|78#C*6Lo31|B;%K9
2026-05-23T16:29:24+0300 INFO: C:\Users\Ksenya\Desktop\hakaton\main\resource\9fae7de0-74af-498e-aee1-c7a11b2ccfe3\main.py Старт. Выполняемый шаг: Присвоить значение переменной. id: p$O:QoI+|4ux$8{ysFr:
2026-05-23T16:29:24+0300 INFO: C:\Users\Ksenya\Desktop\hakaton\main\resource\9fae7de0-74af-498e-aee1-c7a11b2ccfe3\main.py Выполнение. Выполняемый шаг: Присвоить значение переменной. id: p$O:QoI+|4ux$8{ysFr:
2026-05-23T16:29:24+0300 INFO: C:\Users\Ksenya\Desktop\hakaton\main\resource\9fae7de0-74af-498e-aee1-c7a11b2ccfe3\main.py Завершение. Выполняемый шаг: Присвоить значение переменной. id: p$O:QoI+|4ux$8{ysFr:
2026-05-23T16:29:24+0300 INFO: C:\Users\Ksenya\Desktop\hakaton\main\resource\9fae7de0-74af-498e-aee1-c7a11b2ccfe3\main.py Старт. Выполняемый шаг: Присвоить значение переменной. id: ]Nwow_`34-zY1snYsMa=
2026-05-23T16:29:24+0300 INFO: C:\Users\Ksenya\Desktop\hakaton\main\resource\9fae7de0-74af-498e-aee1-c7a11b2ccfe3\main.py Выполнение. Выполняемый шаг: Присвоить значение переменной. id: ]Nwow_`34-zY1snYsMa=
2026-05-23T16:29:24+0300 INFO: C:\Users\Ksenya\Desktop\hakaton\main\resource\9fae7de0-74af-498e-aee1-c7a11b2ccfe3\main.py Завершение. Выполняемый шаг: Присвоить значение переменной. id: ]Nwow_`34-zY1snYsMa=
2026-05-23T16:29:24+0300 INFO: C:\Users\Ksenya\Desktop\hakaton\main\resource\9fae7de0-74af-498e-aee1-c7a11b2ccfe3\main.py Старт. Выполняемый шаг: Присвоить значение переменной. id: 7qHD^~+B#bUSw)9hi;V5
2026-05-23T16:29:24+0300 INFO: C:\Users\Ksenya\Desktop\hakaton\main\resource\9fae7de0-74af-498e-aee1-c7a11b2ccfe3\main.py Выполнение. Выполняемый шаг: Присвоить значение переменной. id: 7qHD^~+B#bUSw)9hi;V5
2026-05-23T16:29:24+0300 INFO: C:\Users\Ksenya\Desktop\hakaton\main\resource\9fae7de0-74af-498e-aee1-c7a11b2ccfe3\main.py Завершение. Выполняемый шаг: Присвоить значение переменной. id: 7qHD^~+B#bUSw)9hi;V5
2026-05-23T16:29:24+0300 INFO: C:\Users\Ksenya\Desktop\hakaton\main\resource\9fae7de0-74af-498e-aee1-c7a11b2ccfe3\main.py Старт. Выполняемый шаг: Присвоить значение переменной. id: 3oGjmJ`CaVRVz9#qu*_m
2026-05-23T16:29:24+0300 INFO: C:\Users\Ksenya\Desktop\hakaton\main\resource\9fae7de0-74af-498e-aee1-c7a11b2ccfe3\main.py Выполнение. Выполняемый шаг: Присвоить значение переменной. id: 3oGjmJ`CaVRVz9#qu*_m
2026-05-23T16:29:24+0300 INFO: C:\Users\Ksenya\Desktop\hakaton\main\resource\9fae7de0-74af-498e-aee1-c7a11b2ccfe3\main.py Завершение. Выполняемый шаг: Присвоить значение переменной. id: 3oGjmJ`CaVRVz9#qu*_m
2026-05-23T16:29:24+0300 INFO: C:\Users\Ksenya\Desktop\hakaton\main\resource\9fae7de0-74af-498e-aee1-c7a11b2ccfe3\main.py Старт. Выполняемый шаг: Присвоить значение переменной. id: :kF]*7FA#}yI!L)At3D0
2026-05-23T16:29:24+0300 INFO: C:\Users\Ksenya\Desktop\hakaton\main\resource\9fae7de0-74af-498e-aee1-c7a11b2ccfe3\main.py Выполнение. Выполняемый шаг: Присвоить значение переменной. id: :kF]*7FA#}yI!L)At3D0
2026-05-23T16:29:24+0300 INFO: C:\Users\Ksenya\Desktop\hakaton\main\resource\9fae7de0-74af-498e-aee1-c7a11b2ccfe3\main.py Завершение. Выполняемый шаг: Присвоить значение переменной. id: :kF]*7FA#}yI!L)At3D0
2026-05-23T16:29:24+0300 INFO: C:\Users\Ksenya\Desktop\hakaton\main\resource\9fae7de0-74af-498e-aee1-c7a11b2ccfe3\main.py Отправляю запрос в 1С
2026-05-23T16:29:24+0300 INFO: C:\Users\Ksenya\Desktop\hakaton\main\resource\9fae7de0-74af-498e-aee1-c7a11b2ccfe3\main.py Старт. Выполняемый шаг: Присвоить значение переменной. id: 5Ew%Wt$JK+7d7TXLxId_
2026-05-23T16:29:24+0300 INFO: C:\Users\Ksenya\Desktop\hakaton\main\resource\9fae7de0-74af-498e-aee1-c7a11b2ccfe3\main.py Выполнение. Выполняемый шаг: Присвоить значение переменной. id: 5Ew%Wt$JK+7d7TXLxId_
2026-05-23T16:29:24+0300 INFO: C:\Users\Ksenya\Desktop\hakaton\main\resource\9fae7de0-74af-498e-aee1-c7a11b2ccfe3\main.py Старт. Выполняемый шаг: Создать сессию браузера. id: 4#bM-7PYt%bTkrSh8bfZ
2026-05-23T16:29:30+0300 INFO: C:\Users\Ksenya\Desktop\hakaton\main\resource\9fae7de0-74af-498e-aee1-c7a11b2ccfe3\main.py Завершение. Выполняемый шаг: Создать сессию браузера. id: 4#bM-7PYt%bTkrSh8bfZ
2026-05-23T16:29:30+0300 INFO: C:\Users\Ksenya\Desktop\hakaton\main\resource\9fae7de0-74af-498e-aee1-c7a11b2ccfe3\main.py Завершение. Выполняемый шаг: Присвоить значение переменной. id: 5Ew%Wt$JK+7d7TXLxId_
2026-05-23T16:29:30+0300 INFO: C:\Users\Ksenya\Desktop\hakaton\main\resource\9fae7de0-74af-498e-aee1-c7a11b2ccfe3\main.py Старт. Выполняемый шаг: Открыть страницу в браузере. id: _{QT4zD{Fqs69!/:|#zp
2026-05-23T16:29:30+0300 INFO: C:\Users\Ksenya\Desktop\hakaton\main\resource\9fae7de0-74af-498e-aee1-c7a11b2ccfe3\main.py Выполнение. Выполняемый шаг: Открыть страницу в браузере. id: _{QT4zD{Fqs69!/:|#zp
2026-05-23T16:29:33+0300 INFO: C:\Users\Ksenya\Desktop\hakaton\main\resource\9fae7de0-74af-498e-aee1-c7a11b2ccfe3\main.py Завершение. Выполняемый шаг: Открыть страницу в браузере. id: _{QT4zD{Fqs69!/:|#zp
2026-05-23T16:29:33+0300 INFO: C:\Users\Ksenya\Desktop\hakaton\main\resource\9fae7de0-74af-498e-aee1-c7a11b2ccfe3\main.py Старт. Выполняемый шаг: Задержка. id: ??=,o)g^!HRb+gO2+Wzh
2026-05-23T16:29:33+0300 INFO: C:\Users\Ksenya\Desktop\hakaton\main\resource\9fae7de0-74af-498e-aee1-c7a11b2ccfe3\main.py Выполнение. Выполняемый шаг: Задержка. id: ??=,o)g^!HRb+gO2+Wzh
2026-05-23T16:29:33+0300 INFO: C:\Users\Ksenya\Desktop\hakaton\main\resource\9fae7de0-74af-498e-aee1-c7a11b2ccfe3\main.py Старт. Выполняемый шаг: Преобразовать строку в число. id: {Rsp$JX%Cwa].U=6UmD=
2026-05-23T16:29:33+0300 INFO: C:\Users\Ksenya\Desktop\hakaton\main\resource\9fae7de0-74af-498e-aee1-c7a11b2ccfe3\main.py Завершение. Выполняемый шаг: Преобразовать строку в число. id: {Rsp$JX%Cwa].U=6UmD=
2026-05-23T16:29:36+0300 INFO: C:\Users\Ksenya\Desktop\hakaton\main\resource\9fae7de0-74af-498e-aee1-c7a11b2ccfe3\main.py Завершение. Выполняемый шаг: Задержка. id: ??=,o)g^!HRb+gO2+Wzh
2026-05-23T16:29:36+0300 INFO: C:\Users\Ksenya\Desktop\hakaton\main\resource\9fae7de0-74af-498e-aee1-c7a11b2ccfe3\main.py Старт. Выполняемый шаг: Клик по Web-элементу. id: EBp7HZH}x+19aqf!)2/)
2026-05-23T16:29:36+0300 INFO: C:\Users\Ksenya\Desktop\hakaton\main\resource\9fae7de0-74af-498e-aee1-c7a11b2ccfe3\main.py Выполнение. Выполняемый шаг: Клик по Web-элементу. id: EBp7HZH}x+19aqf!)2/)
2026-05-23T16:29:36+0300 INFO: C:\Users\Ksenya\Desktop\hakaton\main\resource\9fae7de0-74af-498e-aee1-c7a11b2ccfe3\main.py Завершение. Выполняемый шаг: Клик по Web-элементу. id: EBp7HZH}x+19aqf!)2/)
2026-05-23T16:29:36+0300 INFO: C:\Users\Ksenya\Desktop\hakaton\main\resource\9fae7de0-74af-498e-aee1-c7a11b2ccfe3\main.py Старт. Выполняемый шаг: Ввод в веб-сайт. id: %w9B]^SDY]u6w8A[VN]B
2026-05-23T16:29:36+0300 INFO: C:\Users\Ksenya\Desktop\hakaton\main\resource\9fae7de0-74af-498e-aee1-c7a11b2ccfe3\main.py Выполнение. Выполняемый шаг: Ввод в веб-сайт. id: %w9B]^SDY]u6w8A[VN]B
2026-05-23T16:29:36+0300 INFO: C:\Users\Ksenya\Desktop\hakaton\main\resource\9fae7de0-74af-498e-aee1-c7a11b2ccfe3\main.py Завершение. Выполняемый шаг: Ввод в веб-сайт. id: %w9B]^SDY]u6w8A[VN]B
2026-05-23T16:29:36+0300 INFO: C:\Users\Ksenya\Desktop\hakaton\main\resource\9fae7de0-74af-498e-aee1-c7a11b2ccfe3\main.py Старт. Выполняемый шаг: Клик по Web-элементу. id: H6A$`ZrfUnP;M.)V!gP%
2026-05-23T16:29:36+0300 INFO: C:\Users\Ksenya\Desktop\hakaton\main\resource\9fae7de0-74af-498e-aee1-c7a11b2ccfe3\main.py Выполнение. Выполняемый шаг: Клик по Web-элементу. id: H6A$`ZrfUnP;M.)V!gP%
2026-05-23T16:29:36+0300 INFO: C:\Users\Ksenya\Desktop\hakaton\main\resource\9fae7de0-74af-498e-aee1-c7a11b2ccfe3\main.py Завершение. Выполняемый шаг: Клик по Web-элементу. id: H6A$`ZrfUnP;M.)V!gP%
2026-05-23T16:29:36+0300 INFO: C:\Users\Ksenya\Desktop\hakaton\main\resource\9fae7de0-74af-498e-aee1-c7a11b2ccfe3\main.py Старт. Выполняемый шаг: Ввод в веб-сайт. id: y:}|lxK((=67v}qu8Ym-
2026-05-23T16:29:36+0300 INFO: C:\Users\Ksenya\Desktop\hakaton\main\resource\9fae7de0-74af-498e-aee1-c7a11b2ccfe3\main.py Выполнение. Выполняемый шаг: Ввод в веб-сайт. id: y:}|lxK((=67v}qu8Ym-
2026-05-23T16:29:37+0300 INFO: C:\Users\Ksenya\Desktop\hakaton\main\resource\9fae7de0-74af-498e-aee1-c7a11b2ccfe3\main.py Завершение. Выполняемый шаг: Ввод в веб-сайт. id: y:}|lxK((=67v}qu8Ym-
2026-05-23T16:29:37+0300 INFO: C:\Users\Ksenya\Desktop\hakaton\main\resource\9fae7de0-74af-498e-aee1-c7a11b2ccfe3\main.py Старт. Выполняемый шаг: Клик по Web-элементу. id: [Q2@mu?#NQ2xEX2OXYF$
2026-05-23T16:29:37+0300 INFO: C:\Users\Ksenya\Desktop\hakaton\main\resource\9fae7de0-74af-498e-aee1-c7a11b2ccfe3\main.py Выполнение. Выполняемый шаг: Клик по Web-элементу. id: [Q2@mu?#NQ2xEX2OXYF$
2026-05-23T16:29:37+0300 INFO: C:\Users\Ksenya\Desktop\hakaton\main\resource\9fae7de0-74af-498e-aee1-c7a11b2ccfe3\main.py Завершение. Выполняемый шаг: Клик по Web-элементу. id: [Q2@mu?#NQ2xEX2OXYF$
2026-05-23T16:29:37+0300 INFO: C:\Users\Ksenya\Desktop\hakaton\main\resource\9fae7de0-74af-498e-aee1-c7a11b2ccfe3\main.py Старт. Выполняемый шаг: Задержка. id: `^?P,o-StU!YIwW:*51`
2026-05-23T16:29:37+0300 INFO: C:\Users\Ksenya\Desktop\hakaton\main\resource\9fae7de0-74af-498e-aee1-c7a11b2ccfe3\main.py Выполнение. Выполняемый шаг: Задержка. id: `^?P,o-StU!YIwW:*51`
2026-05-23T16:29:37+0300 INFO: C:\Users\Ksenya\Desktop\hakaton\main\resource\9fae7de0-74af-498e-aee1-c7a11b2ccfe3\main.py Старт. Выполняемый шаг: Преобразовать строку в число. id: uw`j?F`+X9C3RI;{kpUw
2026-05-23T16:29:37+0300 INFO: C:\Users\Ksenya\Desktop\hakaton\main\resource\9fae7de0-74af-498e-aee1-c7a11b2ccfe3\main.py Завершение. Выполняемый шаг: Преобразовать строку в число. id: uw`j?F`+X9C3RI;{kpUw
2026-05-23T16:29:57+0300 INFO: C:\Users\Ksenya\Desktop\hakaton\main\resource\9fae7de0-74af-498e-aee1-c7a11b2ccfe3\main.py Завершение. Выполняемый шаг: Задержка. id: `^?P,o-StU!YIwW:*51`
2026-05-23T16:29:57+0300 INFO: C:\Users\Ksenya\Desktop\hakaton\main\resource\9fae7de0-74af-498e-aee1-c7a11b2ccfe3\main.py Старт. Выполняемый шаг: Клик по Web-элементу. id: !*p3azK$H5lkwE@DW$s_
2026-05-23T16:29:57+0300 INFO: C:\Users\Ksenya\Desktop\hakaton\main\resource\9fae7de0-74af-498e-aee1-c7a11b2ccfe3\main.py Выполнение. Выполняемый шаг: Клик по Web-элементу. id: !*p3azK$H5lkwE@DW$s_
2026-05-23T16:29:57+0300 INFO: C:\Users\Ksenya\Desktop\hakaton\main\resource\9fae7de0-74af-498e-aee1-c7a11b2ccfe3\main.py Завершение. Выполняемый шаг: Клик по Web-элементу. id: !*p3azK$H5lkwE@DW$s_
2026-05-23T16:29:57+0300 INFO: C:\Users\Ksenya\Desktop\hakaton\main\resource\9fae7de0-74af-498e-aee1-c7a11b2ccfe3\main.py Старт. Выполняемый шаг: Клик по Web-элементу. id: ]8Xi8xyWQkijnuXN/Mwn
2026-05-23T16:29:57+0300 INFO: C:\Users\Ksenya\Desktop\hakaton\main\resource\9fae7de0-74af-498e-aee1-c7a11b2ccfe3\main.py Выполнение. Выполняемый шаг: Клик по Web-элементу. id: ]8Xi8xyWQkijnuXN/Mwn
2026-05-23T16:29:58+0300 INFO: C:\Users\Ksenya\Desktop\hakaton\main\resource\9fae7de0-74af-498e-aee1-c7a11b2ccfe3\main.py Завершение. Выполняемый шаг: Клик по Web-элементу. id: ]8Xi8xyWQkijnuXN/Mwn
2026-05-23T16:29:58+0300 INFO: C:\Users\Ksenya\Desktop\hakaton\main\resource\9fae7de0-74af-498e-aee1-c7a11b2ccfe3\main.py Старт. Выполняемый шаг: Ввод в 1C-веб. id: GY)ZR_u4zf.~_0inu*)x
2026-05-23T16:29:58+0300 INFO: C:\Users\Ksenya\Desktop\hakaton\main\resource\9fae7de0-74af-498e-aee1-c7a11b2ccfe3\main.py Выполнение. Выполняемый шаг: Ввод в 1C-веб. id: GY)ZR_u4zf.~_0inu*)x
2026-05-23T16:30:01+0300 ERROR: C:\Users\Ksenya\Desktop\hakaton\main\resource\9fae7de0-74af-498e-aee1-c7a11b2ccfe3\main.py Ошибка выполнения робота
2026-05-23T16:30:01+0300 INFO: C:\Users\Ksenya\Desktop\hakaton\main\resource\9fae7de0-74af-498e-aee1-c7a11b2ccfe3\main.py Завершение. Выполняемый шаг: Обработка ошибки. id: E(ohZ?TiZWX5;}Gqu-r,
2026-05-23T16:30:01+0300 INFO: C:\Users\Ksenya\Desktop\hakaton\main\resource\9fae7de0-74af-498e-aee1-c7a11b2ccfe3\main.py Старт. Выполняемый шаг: Клик по Web-элементу. id: @7-:CNPv,N:LCj9;cz^V
2026-05-23T16:30:01+0300 INFO: C:\Users\Ksenya\Desktop\hakaton\main\resource\9fae7de0-74af-498e-aee1-c7a11b2ccfe3\main.py Выполнение. Выполняемый шаг: Клик по Web-элементу. id: @7-:CNPv,N:LCj9;cz^V
2026-05-23T16:30:01+0300 INFO: C:\Users\Ksenya\Desktop\hakaton\main\resource\9fae7de0-74af-498e-aee1-c7a11b2ccfe3\main.py Завершение. Выполняемый шаг: Клик по Web-элементу. id: @7-:CNPv,N:LCj9;cz^V
2026-05-23T16:30:01+0300 INFO: C:\Users\Ksenya\Desktop\hakaton\main\resource\9fae7de0-74af-498e-aee1-c7a11b2ccfe3\main.py Старт. Выполняемый шаг: Ввод горячих клавиш в веб-сайт. id: 8/zHO%G~o51XJG!Ynu*-
2026-05-23T16:30:01+0300 INFO: C:\Users\Ksenya\Desktop\hakaton\main\resource\9fae7de0-74af-498e-aee1-c7a11b2ccfe3\main.py Выполнение. Выполняемый шаг: Ввод горячих клавиш в веб-сайт. id: 8/zHO%G~o51XJG!Ynu*-
2026-05-23T16:30:01+0300 INFO: C:\Users\Ksenya\Desktop\hakaton\main\resource\9fae7de0-74af-498e-aee1-c7a11b2ccfe3\main.py Завершение. Выполняемый шаг: Ввод горячих клавиш в веб-сайт. id: 8/zHO%G~o51XJG!Ynu*-
2026-05-23T16:30:01+0300 INFO: C:\Users\Ksenya\Desktop\hakaton\main\resource\9fae7de0-74af-498e-aee1-c7a11b2ccfe3\main.py Старт. Выполняемый шаг: Ввод в веб-сайт. id: aMkpq4ydQ^Cz@34Z(V3x
2026-05-23T16:30:01+0300 INFO: C:\Users\Ksenya\Desktop\hakaton\main\resource\9fae7de0-74af-498e-aee1-c7a11b2ccfe3\main.py Выполнение. Выполняемый шаг: Ввод в веб-сайт. id: aMkpq4ydQ^Cz@34Z(V3x
2026-05-23T16:30:01+0300 INFO: C:\Users\Ksenya\Desktop\hakaton\main\resource\9fae7de0-74af-498e-aee1-c7a11b2ccfe3\main.py Завершение. Выполняемый шаг: Ввод в веб-сайт. id: aMkpq4ydQ^Cz@34Z(V3x
2026-05-23T16:30:01+0300 INFO: C:\Users\Ksenya\Desktop\hakaton\main\resource\9fae7de0-74af-498e-aee1-c7a11b2ccfe3\main.py Старт. Выполняемый шаг: Клик по Web-элементу. id: wxRx5H*x!wJc?~mRAGHs
2026-05-23T16:30:01+0300 INFO: C:\Users\Ksenya\Desktop\hakaton\main\resource\9fae7de0-74af-498e-aee1-c7a11b2ccfe3\main.py Выполнение. Выполняемый шаг: Клик по Web-элементу. id: wxRx5H*x!wJc?~mRAGHs
2026-05-23T16:30:02+0300 INFO: C:\Users\Ksenya\Desktop\hakaton\main\resource\9fae7de0-74af-498e-aee1-c7a11b2ccfe3\main.py Завершение. Выполняемый шаг: Клик по Web-элементу. id: wxRx5H*x!wJc?~mRAGHs
2026-05-23T16:30:02+0300 INFO: C:\Users\Ksenya\Desktop\hakaton\main\resource\9fae7de0-74af-498e-aee1-c7a11b2ccfe3\main.py Старт. Выполняемый шаг: Ввод горячих клавиш в веб-сайт. id: L7LeB4+FWj$5N{.!ddBy
2026-05-23T16:30:02+0300 INFO: C:\Users\Ksenya\Desktop\hakaton\main\resource\9fae7de0-74af-498e-aee1-c7a11b2ccfe3\main.py Выполнение. Выполняемый шаг: Ввод горячих клавиш в веб-сайт. id: L7LeB4+FWj$5N{.!ddBy
2026-05-23T16:30:02+0300 INFO: C:\Users\Ksenya\Desktop\hakaton\main\resource\9fae7de0-74af-498e-aee1-c7a11b2ccfe3\main.py Завершение. Выполняемый шаг: Ввод горячих клавиш в веб-сайт. id: L7LeB4+FWj$5N{.!ddBy
2026-05-23T16:30:02+0300 INFO: C:\Users\Ksenya\Desktop\hakaton\main\resource\9fae7de0-74af-498e-aee1-c7a11b2ccfe3\main.py Старт. Выполняемый шаг: Ввод в веб-сайт. id: e+Ee_w-]LW^OGD!#4RLi
2026-05-23T16:30:02+0300 INFO: C:\Users\Ksenya\Desktop\hakaton\main\resource\9fae7de0-74af-498e-aee1-c7a11b2ccfe3\main.py Выполнение. Выполняемый шаг: Ввод в веб-сайт. id: e+Ee_w-]LW^OGD!#4RLi
2026-05-23T16:30:02+0300 INFO: C:\Users\Ksenya\Desktop\hakaton\main\resource\9fae7de0-74af-498e-aee1-c7a11b2ccfe3\main.py Завершение. Выполняемый шаг: Ввод в веб-сайт. id: e+Ee_w-]LW^OGD!#4RLi
2026-05-23T16:30:02+0300 INFO: C:\Users\Ksenya\Desktop\hakaton\main\resource\9fae7de0-74af-498e-aee1-c7a11b2ccfe3\main.py Старт. Выполняемый шаг: Клик по Web-элементу. id: P#C9F|{6[rvIajcS#B0?
2026-05-23T16:30:02+0300 INFO: C:\Users\Ksenya\Desktop\hakaton\main\resource\9fae7de0-74af-498e-aee1-c7a11b2ccfe3\main.py Выполнение. Выполняемый шаг: Клик по Web-элементу. id: P#C9F|{6[rvIajcS#B0?
2026-05-23T16:30:03+0300 INFO: C:\Users\Ksenya\Desktop\hakaton\main\resource\9fae7de0-74af-498e-aee1-c7a11b2ccfe3\main.py Завершение. Выполняемый шаг: Клик по Web-элементу. id: P#C9F|{6[rvIajcS#B0?
2026-05-23T16:30:03+0300 INFO: C:\Users\Ksenya\Desktop\hakaton\main\resource\9fae7de0-74af-498e-aee1-c7a11b2ccfe3\main.py Старт. Выполняемый шаг: Ввод горячих клавиш в веб-сайт. id: $IJ]qw/qBe.wqoPy$1ag
2026-05-23T16:30:03+0300 INFO: C:\Users\Ksenya\Desktop\hakaton\main\resource\9fae7de0-74af-498e-aee1-c7a11b2ccfe3\main.py Выполнение. Выполняемый шаг: Ввод горячих клавиш в веб-сайт. id: $IJ]qw/qBe.wqoPy$1ag
2026-05-23T16:30:03+0300 INFO: C:\Users\Ksenya\Desktop\hakaton\main\resource\9fae7de0-74af-498e-aee1-c7a11b2ccfe3\main.py Завершение. Выполняемый шаг: Ввод горячих клавиш в веб-сайт. id: $IJ]qw/qBe.wqoPy$1ag
2026-05-23T16:30:03+0300 INFO: C:\Users\Ksenya\Desktop\hakaton\main\resource\9fae7de0-74af-498e-aee1-c7a11b2ccfe3\main.py Старт. Выполняемый шаг: Ввод в веб-сайт. id: 6k_0mXu,)P1r8zGe`]*M
2026-05-23T16:30:03+0300 INFO: C:\Users\Ksenya\Desktop\hakaton\main\resource\9fae7de0-74af-498e-aee1-c7a11b2ccfe3\main.py Выполнение. Выполняемый шаг: Ввод в веб-сайт. id: 6k_0mXu,)P1r8zGe`]*M
2026-05-23T16:30:04+0300 INFO: C:\Users\Ksenya\Desktop\hakaton\main\resource\9fae7de0-74af-498e-aee1-c7a11b2ccfe3\main.py Завершение. Выполняемый шаг: Ввод в веб-сайт. id: 6k_0mXu,)P1r8zGe`]*M
2026-05-23T16:30:04+0300 INFO: Завершение работы робота: C:\Users\Ksenya\Desktop\hakaton\main\resource\9fae7de0-74af-498e-aee1-c7a11b2ccfe3\main.py
2026-05-23T16:32:56+0300 INFO: Старт робота: C:\Users\Ksenya\Desktop\hakaton\main\resource\a5e93830-820f-4f68-a44c-870d72894ca8\main.py
2026-05-23T16:32:56+0300 INFO: C:\Users\Ksenya\Desktop\hakaton\main\resource\a5e93830-820f-4f68-a44c-870d72894ca8\main.py Старт. Выполняемый шаг: Обработка ошибки. id: E(ohZ?TiZWX5;}Gqu-r,
2026-05-23T16:32:56+0300 INFO: C:\Users\Ksenya\Desktop\hakaton\main\resource\a5e93830-820f-4f68-a44c-870d72894ca8\main.py Выполнение. Выполняемый шаг: Обработка ошибки. id: E(ohZ?TiZWX5;}Gqu-r,
2026-05-23T16:32:56+0300 INFO: C:\Users\Ksenya\Desktop\hakaton\main\resource\a5e93830-820f-4f68-a44c-870d72894ca8\main.py Робот запущен
2026-05-23T16:32:56+0300 INFO: C:\Users\Ksenya\Desktop\hakaton\main\resource\a5e93830-820f-4f68-a44c-870d72894ca8\main.py Старт. Выполняемый шаг: Присвоить значение переменной. id: uT8K_dR,wNXk4m?dkCsM
2026-05-23T16:32:58+0300 INFO: C:\Users\Ksenya\Desktop\hakaton\main\resource\a5e93830-820f-4f68-a44c-870d72894ca8\main.py Выполнение. Выполняемый шаг: Присвоить значение переменной. id: uT8K_dR,wNXk4m?dkCsM
2026-05-23T16:32:58+0300 INFO: C:\Users\Ksenya\Desktop\hakaton\main\resource\a5e93830-820f-4f68-a44c-870d72894ca8\main.py Завершение. Выполняемый шаг: Присвоить значение переменной. id: uT8K_dR,wNXk4m?dkCsM
2026-05-23T16:32:58+0300 INFO: C:\Users\Ksenya\Desktop\hakaton\main\resource\a5e93830-820f-4f68-a44c-870d72894ca8\main.py Старт. Выполняемый шаг: Присвоить значение переменной. id: :MAZ.Rz62:ZsFDl7vQQJ
2026-05-23T16:32:58+0300 INFO: C:\Users\Ksenya\Desktop\hakaton\main\resource\a5e93830-820f-4f68-a44c-870d72894ca8\main.py Выполнение. Выполняемый шаг: Присвоить значение переменной. id: :MAZ.Rz62:ZsFDl7vQQJ
2026-05-23T16:32:58+0300 INFO: C:\Users\Ksenya\Desktop\hakaton\main\resource\a5e93830-820f-4f68-a44c-870d72894ca8\main.py Завершение. Выполняемый шаг: Присвоить значение переменной. id: :MAZ.Rz62:ZsFDl7vQQJ
2026-05-23T16:32:58+0300 INFO: C:\Users\Ksenya\Desktop\hakaton\main\resource\a5e93830-820f-4f68-a44c-870d72894ca8\main.py Старт. Выполняемый шаг: Присвоить значение переменной. id: WBqw15|Z#}dx_{yM[UJS
2026-05-23T16:32:58+0300 INFO: C:\Users\Ksenya\Desktop\hakaton\main\resource\a5e93830-820f-4f68-a44c-870d72894ca8\main.py Выполнение. Выполняемый шаг: Присвоить значение переменной. id: WBqw15|Z#}dx_{yM[UJS
2026-05-23T16:32:58+0300 INFO: C:\Users\Ksenya\Desktop\hakaton\main\resource\a5e93830-820f-4f68-a44c-870d72894ca8\main.py Завершение. Выполняемый шаг: Присвоить значение переменной. id: WBqw15|Z#}dx_{yM[UJS
2026-05-23T16:32:58+0300 INFO: C:\Users\Ksenya\Desktop\hakaton\main\resource\a5e93830-820f-4f68-a44c-870d72894ca8\main.py Старт. Выполняемый шаг: Присвоить значение переменной. id: ZD}VS]B8yU%7IR$_1:gx
2026-05-23T16:32:58+0300 INFO: C:\Users\Ksenya\Desktop\hakaton\main\resource\a5e93830-820f-4f68-a44c-870d72894ca8\main.py Выполнение. Выполняемый шаг: Присвоить значение переменной. id: ZD}VS]B8yU%7IR$_1:gx
2026-05-23T16:32:58+0300 INFO: C:\Users\Ksenya\Desktop\hakaton\main\resource\a5e93830-820f-4f68-a44c-870d72894ca8\main.py Старт. Выполняемый шаг: Прочитать файл. id: h-7qLFMP}Ex#VZ)Ao@jd
2026-05-23T16:32:58+0300 INFO: C:\Users\Ksenya\Desktop\hakaton\main\resource\a5e93830-820f-4f68-a44c-870d72894ca8\main.py Завершение. Выполняемый шаг: Прочитать файл. id: h-7qLFMP}Ex#VZ)Ao@jd
2026-05-23T16:32:58+0300 INFO: C:\Users\Ksenya\Desktop\hakaton\main\resource\a5e93830-820f-4f68-a44c-870d72894ca8\main.py Завершение. Выполняемый шаг: Присвоить значение переменной. id: ZD}VS]B8yU%7IR$_1:gx
2026-05-23T16:32:58+0300 INFO: C:\Users\Ksenya\Desktop\hakaton\main\resource\a5e93830-820f-4f68-a44c-870d72894ca8\main.py Старт. Выполняемый шаг: Присвоить значение переменной. id: ^0R|78#C*6Lo31|B;%K9
2026-05-23T16:32:58+0300 INFO: C:\Users\Ksenya\Desktop\hakaton\main\resource\a5e93830-820f-4f68-a44c-870d72894ca8\main.py Выполнение. Выполняемый шаг: Присвоить значение переменной. id: ^0R|78#C*6Lo31|B;%K9
2026-05-23T16:32:58+0300 INFO: C:\Users\Ksenya\Desktop\hakaton\main\resource\a5e93830-820f-4f68-a44c-870d72894ca8\main.py Завершение. Выполняемый шаг: Присвоить значение переменной. id: ^0R|78#C*6Lo31|B;%K9
2026-05-23T16:32:58+0300 INFO: C:\Users\Ksenya\Desktop\hakaton\main\resource\a5e93830-820f-4f68-a44c-870d72894ca8\main.py Старт. Выполняемый шаг: Присвоить значение переменной. id: {Y3[LIYCU-/HNVs!NERe
2026-05-23T16:32:58+0300 INFO: C:\Users\Ksenya\Desktop\hakaton\main\resource\a5e93830-820f-4f68-a44c-870d72894ca8\main.py Выполнение. Выполняемый шаг: Присвоить значение переменной. id: {Y3[LIYCU-/HNVs!NERe
2026-05-23T16:32:58+0300 INFO: C:\Users\Ksenya\Desktop\hakaton\main\resource\a5e93830-820f-4f68-a44c-870d72894ca8\main.py Старт. Выполняемый шаг: Преобразовать дату. id: yIzw35kV+o$aK/*W)TAR
2026-05-23T16:32:58+0300 INFO: C:\Users\Ksenya\Desktop\hakaton\main\resource\a5e93830-820f-4f68-a44c-870d72894ca8\main.py Завершение. Выполняемый шаг: Преобразовать дату. id: yIzw35kV+o$aK/*W)TAR
2026-05-23T16:32:58+0300 INFO: C:\Users\Ksenya\Desktop\hakaton\main\resource\a5e93830-820f-4f68-a44c-870d72894ca8\main.py Завершение. Выполняемый шаг: Присвоить значение переменной. id: {Y3[LIYCU-/HNVs!NERe
2026-05-23T16:32:58+0300 INFO: C:\Users\Ksenya\Desktop\hakaton\main\resource\a5e93830-820f-4f68-a44c-870d72894ca8\main.py Старт. Выполняемый шаг: Присвоить значение переменной. id: p$O:QoI+|4ux$8{ysFr:
2026-05-23T16:32:58+0300 INFO: C:\Users\Ksenya\Desktop\hakaton\main\resource\a5e93830-820f-4f68-a44c-870d72894ca8\main.py Выполнение. Выполняемый шаг: Присвоить значение переменной. id: p$O:QoI+|4ux$8{ysFr:
2026-05-23T16:32:58+0300 INFO: C:\Users\Ksenya\Desktop\hakaton\main\resource\a5e93830-820f-4f68-a44c-870d72894ca8\main.py Завершение. Выполняемый шаг: Присвоить значение переменной. id: p$O:QoI+|4ux$8{ysFr:
2026-05-23T16:32:58+0300 INFO: C:\Users\Ksenya\Desktop\hakaton\main\resource\a5e93830-820f-4f68-a44c-870d72894ca8\main.py Старт. Выполняемый шаг: Присвоить значение переменной. id: ~|`}hQkYrPr!yvRWehM_
2026-05-23T16:32:58+0300 INFO: C:\Users\Ksenya\Desktop\hakaton\main\resource\a5e93830-820f-4f68-a44c-870d72894ca8\main.py Выполнение. Выполняемый шаг: Присвоить значение переменной. id: ~|`}hQkYrPr!yvRWehM_
2026-05-23T16:32:58+0300 INFO: C:\Users\Ksenya\Desktop\hakaton\main\resource\a5e93830-820f-4f68-a44c-870d72894ca8\main.py Старт. Выполняемый шаг: Преобразовать дату. id: y@cWp{?HPKMT0X6Rp6I$
2026-05-23T16:32:58+0300 INFO: C:\Users\Ksenya\Desktop\hakaton\main\resource\a5e93830-820f-4f68-a44c-870d72894ca8\main.py Завершение. Выполняемый шаг: Преобразовать дату. id: y@cWp{?HPKMT0X6Rp6I$
2026-05-23T16:32:58+0300 INFO: C:\Users\Ksenya\Desktop\hakaton\main\resource\a5e93830-820f-4f68-a44c-870d72894ca8\main.py Завершение. Выполняемый шаг: Присвоить значение переменной. id: ~|`}hQkYrPr!yvRWehM_
2026-05-23T16:32:58+0300 INFO: C:\Users\Ksenya\Desktop\hakaton\main\resource\a5e93830-820f-4f68-a44c-870d72894ca8\main.py Старт. Выполняемый шаг: Присвоить значение переменной. id: ]Nwow_`34-zY1snYsMa=
2026-05-23T16:32:58+0300 INFO: C:\Users\Ksenya\Desktop\hakaton\main\resource\a5e93830-820f-4f68-a44c-870d72894ca8\main.py Выполнение. Выполняемый шаг: Присвоить значение переменной. id: ]Nwow_`34-zY1snYsMa=
2026-05-23T16:32:58+0300 INFO: C:\Users\Ksenya\Desktop\hakaton\main\resource\a5e93830-820f-4f68-a44c-870d72894ca8\main.py Завершение. Выполняемый шаг: Присвоить значение переменной. id: ]Nwow_`34-zY1snYsMa=
2026-05-23T16:32:58+0300 INFO: C:\Users\Ksenya\Desktop\hakaton\main\resource\a5e93830-820f-4f68-a44c-870d72894ca8\main.py Старт. Выполняемый шаг: Присвоить значение переменной. id: 7qHD^~+B#bUSw)9hi;V5
2026-05-23T16:32:58+0300 INFO: C:\Users\Ksenya\Desktop\hakaton\main\resource\a5e93830-820f-4f68-a44c-870d72894ca8\main.py Выполнение. Выполняемый шаг: Присвоить значение переменной. id: 7qHD^~+B#bUSw)9hi;V5
2026-05-23T16:32:58+0300 INFO: C:\Users\Ksenya\Desktop\hakaton\main\resource\a5e93830-820f-4f68-a44c-870d72894ca8\main.py Завершение. Выполняемый шаг: Присвоить значение переменной. id: 7qHD^~+B#bUSw)9hi;V5
2026-05-23T16:32:58+0300 INFO: C:\Users\Ksenya\Desktop\hakaton\main\resource\a5e93830-820f-4f68-a44c-870d72894ca8\main.py Старт. Выполняемый шаг: Присвоить значение переменной. id: 3oGjmJ`CaVRVz9#qu*_m
2026-05-23T16:32:58+0300 INFO: C:\Users\Ksenya\Desktop\hakaton\main\resource\a5e93830-820f-4f68-a44c-870d72894ca8\main.py Выполнение. Выполняемый шаг: Присвоить значение переменной. id: 3oGjmJ`CaVRVz9#qu*_m
2026-05-23T16:32:58+0300 INFO: C:\Users\Ksenya\Desktop\hakaton\main\resource\a5e93830-820f-4f68-a44c-870d72894ca8\main.py Завершение. Выполняемый шаг: Присвоить значение переменной. id: 3oGjmJ`CaVRVz9#qu*_m
2026-05-23T16:32:58+0300 INFO: C:\Users\Ksenya\Desktop\hakaton\main\resource\a5e93830-820f-4f68-a44c-870d72894ca8\main.py Старт. Выполняемый шаг: Присвоить значение переменной. id: :kF]*7FA#}yI!L)At3D0
2026-05-23T16:32:58+0300 INFO: C:\Users\Ksenya\Desktop\hakaton\main\resource\a5e93830-820f-4f68-a44c-870d72894ca8\main.py Выполнение. Выполняемый шаг: Присвоить значение переменной. id: :kF]*7FA#}yI!L)At3D0
2026-05-23T16:32:58+0300 INFO: C:\Users\Ksenya\Desktop\hakaton\main\resource\a5e93830-820f-4f68-a44c-870d72894ca8\main.py Завершение. Выполняемый шаг: Присвоить значение переменной. id: :kF]*7FA#}yI!L)At3D0
2026-05-23T16:32:58+0300 INFO: C:\Users\Ksenya\Desktop\hakaton\main\resource\a5e93830-820f-4f68-a44c-870d72894ca8\main.py Отправляю запрос в 1С
2026-05-23T16:32:58+0300 INFO: C:\Users\Ksenya\Desktop\hakaton\main\resource\a5e93830-820f-4f68-a44c-870d72894ca8\main.py Старт. Выполняемый шаг: Присвоить значение переменной. id: 5Ew%Wt$JK+7d7TXLxId_
2026-05-23T16:32:58+0300 INFO: C:\Users\Ksenya\Desktop\hakaton\main\resource\a5e93830-820f-4f68-a44c-870d72894ca8\main.py Выполнение. Выполняемый шаг: Присвоить значение переменной. id: 5Ew%Wt$JK+7d7TXLxId_
2026-05-23T16:32:58+0300 INFO: C:\Users\Ksenya\Desktop\hakaton\main\resource\a5e93830-820f-4f68-a44c-870d72894ca8\main.py Старт. Выполняемый шаг: Создать сессию браузера. id: 4#bM-7PYt%bTkrSh8bfZ
2026-05-23T16:33:04+0300 INFO: C:\Users\Ksenya\Desktop\hakaton\main\resource\a5e93830-820f-4f68-a44c-870d72894ca8\main.py Завершение. Выполняемый шаг: Создать сессию браузера. id: 4#bM-7PYt%bTkrSh8bfZ
2026-05-23T16:33:04+0300 INFO: C:\Users\Ksenya\Desktop\hakaton\main\resource\a5e93830-820f-4f68-a44c-870d72894ca8\main.py Завершение. Выполняемый шаг: Присвоить значение переменной. id: 5Ew%Wt$JK+7d7TXLxId_
2026-05-23T16:33:04+0300 INFO: C:\Users\Ksenya\Desktop\hakaton\main\resource\a5e93830-820f-4f68-a44c-870d72894ca8\main.py Старт. Выполняемый шаг: Открыть страницу в браузере. id: _{QT4zD{Fqs69!/:|#zp
2026-05-23T16:33:04+0300 INFO: C:\Users\Ksenya\Desktop\hakaton\main\resource\a5e93830-820f-4f68-a44c-870d72894ca8\main.py Выполнение. Выполняемый шаг: Открыть страницу в браузере. id: _{QT4zD{Fqs69!/:|#zp
2026-05-23T16:33:06+0300 INFO: C:\Users\Ksenya\Desktop\hakaton\main\resource\a5e93830-820f-4f68-a44c-870d72894ca8\main.py Завершение. Выполняемый шаг: Открыть страницу в браузере. id: _{QT4zD{Fqs69!/:|#zp
2026-05-23T16:33:06+0300 INFO: C:\Users\Ksenya\Desktop\hakaton\main\resource\a5e93830-820f-4f68-a44c-870d72894ca8\main.py Старт. Выполняемый шаг: Задержка. id: ??=,o)g^!HRb+gO2+Wzh
2026-05-23T16:33:06+0300 INFO: C:\Users\Ksenya\Desktop\hakaton\main\resource\a5e93830-820f-4f68-a44c-870d72894ca8\main.py Выполнение. Выполняемый шаг: Задержка. id: ??=,o)g^!HRb+gO2+Wzh
2026-05-23T16:33:06+0300 INFO: C:\Users\Ksenya\Desktop\hakaton\main\resource\a5e93830-820f-4f68-a44c-870d72894ca8\main.py Старт. Выполняемый шаг: Преобразовать строку в число. id: {Rsp$JX%Cwa].U=6UmD=
2026-05-23T16:33:06+0300 INFO: C:\Users\Ksenya\Desktop\hakaton\main\resource\a5e93830-820f-4f68-a44c-870d72894ca8\main.py Завершение. Выполняемый шаг: Преобразовать строку в число. id: {Rsp$JX%Cwa].U=6UmD=
2026-05-23T16:33:09+0300 INFO: C:\Users\Ksenya\Desktop\hakaton\main\resource\a5e93830-820f-4f68-a44c-870d72894ca8\main.py Завершение. Выполняемый шаг: Задержка. id: ??=,o)g^!HRb+gO2+Wzh
2026-05-23T16:33:09+0300 INFO: C:\Users\Ksenya\Desktop\hakaton\main\resource\a5e93830-820f-4f68-a44c-870d72894ca8\main.py Старт. Выполняемый шаг: Клик по Web-элементу. id: EBp7HZH}x+19aqf!)2/)
2026-05-23T16:33:09+0300 INFO: C:\Users\Ksenya\Desktop\hakaton\main\resource\a5e93830-820f-4f68-a44c-870d72894ca8\main.py Выполнение. Выполняемый шаг: Клик по Web-элементу. id: EBp7HZH}x+19aqf!)2/)
2026-05-23T16:33:09+0300 INFO: C:\Users\Ksenya\Desktop\hakaton\main\resource\a5e93830-820f-4f68-a44c-870d72894ca8\main.py Завершение. Выполняемый шаг: Клик по Web-элементу. id: EBp7HZH}x+19aqf!)2/)
2026-05-23T16:33:09+0300 INFO: C:\Users\Ksenya\Desktop\hakaton\main\resource\a5e93830-820f-4f68-a44c-870d72894ca8\main.py Старт. Выполняемый шаг: Ввод в веб-сайт. id: %w9B]^SDY]u6w8A[VN]B
2026-05-23T16:33:09+0300 INFO: C:\Users\Ksenya\Desktop\hakaton\main\resource\a5e93830-820f-4f68-a44c-870d72894ca8\main.py Выполнение. Выполняемый шаг: Ввод в веб-сайт. id: %w9B]^SDY]u6w8A[VN]B
2026-05-23T16:33:10+0300 INFO: C:\Users\Ksenya\Desktop\hakaton\main\resource\a5e93830-820f-4f68-a44c-870d72894ca8\main.py Завершение. Выполняемый шаг: Ввод в веб-сайт. id: %w9B]^SDY]u6w8A[VN]B
2026-05-23T16:33:10+0300 INFO: C:\Users\Ksenya\Desktop\hakaton\main\resource\a5e93830-820f-4f68-a44c-870d72894ca8\main.py Старт. Выполняемый шаг: Клик по Web-элементу. id: H6A$`ZrfUnP;M.)V!gP%
2026-05-23T16:33:10+0300 INFO: C:\Users\Ksenya\Desktop\hakaton\main\resource\a5e93830-820f-4f68-a44c-870d72894ca8\main.py Выполнение. Выполняемый шаг: Клик по Web-элементу. id: H6A$`ZrfUnP;M.)V!gP%
2026-05-23T16:33:10+0300 INFO: C:\Users\Ksenya\Desktop\hakaton\main\resource\a5e93830-820f-4f68-a44c-870d72894ca8\main.py Завершение. Выполняемый шаг: Клик по Web-элементу. id: H6A$`ZrfUnP;M.)V!gP%
2026-05-23T16:33:10+0300 INFO: C:\Users\Ksenya\Desktop\hakaton\main\resource\a5e93830-820f-4f68-a44c-870d72894ca8\main.py Старт. Выполняемый шаг: Ввод в веб-сайт. id: y:}|lxK((=67v}qu8Ym-
2026-05-23T16:33:10+0300 INFO: C:\Users\Ksenya\Desktop\hakaton\main\resource\a5e93830-820f-4f68-a44c-870d72894ca8\main.py Выполнение. Выполняемый шаг: Ввод в веб-сайт. id: y:}|lxK((=67v}qu8Ym-
2026-05-23T16:33:10+0300 INFO: C:\Users\Ksenya\Desktop\hakaton\main\resource\a5e93830-820f-4f68-a44c-870d72894ca8\main.py Завершение. Выполняемый шаг: Ввод в веб-сайт. id: y:}|lxK((=67v}qu8Ym-
2026-05-23T16:33:10+0300 INFO: C:\Users\Ksenya\Desktop\hakaton\main\resource\a5e93830-820f-4f68-a44c-870d72894ca8\main.py Старт. Выполняемый шаг: Клик по Web-элементу. id: [Q2@mu?#NQ2xEX2OXYF$
2026-05-23T16:33:10+0300 INFO: C:\Users\Ksenya\Desktop\hakaton\main\resource\a5e93830-820f-4f68-a44c-870d72894ca8\main.py Выполнение. Выполняемый шаг: Клик по Web-элементу. id: [Q2@mu?#NQ2xEX2OXYF$
2026-05-23T16:33:10+0300 INFO: C:\Users\Ksenya\Desktop\hakaton\main\resource\a5e93830-820f-4f68-a44c-870d72894ca8\main.py Завершение. Выполняемый шаг: Клик по Web-элементу. id: [Q2@mu?#NQ2xEX2OXYF$
2026-05-23T16:33:10+0300 INFO: C:\Users\Ksenya\Desktop\hakaton\main\resource\a5e93830-820f-4f68-a44c-870d72894ca8\main.py Старт. Выполняемый шаг: Задержка. id: `^?P,o-StU!YIwW:*51`
2026-05-23T16:33:10+0300 INFO: C:\Users\Ksenya\Desktop\hakaton\main\resource\a5e93830-820f-4f68-a44c-870d72894ca8\main.py Выполнение. Выполняемый шаг: Задержка. id: `^?P,o-StU!YIwW:*51`
2026-05-23T16:33:10+0300 INFO: C:\Users\Ksenya\Desktop\hakaton\main\resource\a5e93830-820f-4f68-a44c-870d72894ca8\main.py Старт. Выполняемый шаг: Преобразовать строку в число. id: uw`j?F`+X9C3RI;{kpUw
2026-05-23T16:33:10+0300 INFO: C:\Users\Ksenya\Desktop\hakaton\main\resource\a5e93830-820f-4f68-a44c-870d72894ca8\main.py Завершение. Выполняемый шаг: Преобразовать строку в число. id: uw`j?F`+X9C3RI;{kpUw
2026-05-23T16:33:30+0300 INFO: C:\Users\Ksenya\Desktop\hakaton\main\resource\a5e93830-820f-4f68-a44c-870d72894ca8\main.py Завершение. Выполняемый шаг: Задержка. id: `^?P,o-StU!YIwW:*51`
2026-05-23T16:33:30+0300 INFO: C:\Users\Ksenya\Desktop\hakaton\main\resource\a5e93830-820f-4f68-a44c-870d72894ca8\main.py Старт. Выполняемый шаг: Клик по Web-элементу. id: !*p3azK$H5lkwE@DW$s_
2026-05-23T16:33:30+0300 INFO: C:\Users\Ksenya\Desktop\hakaton\main\resource\a5e93830-820f-4f68-a44c-870d72894ca8\main.py Выполнение. Выполняемый шаг: Клик по Web-элементу. id: !*p3azK$H5lkwE@DW$s_
2026-05-23T16:33:31+0300 INFO: C:\Users\Ksenya\Desktop\hakaton\main\resource\a5e93830-820f-4f68-a44c-870d72894ca8\main.py Завершение. Выполняемый шаг: Клик по Web-элементу. id: !*p3azK$H5lkwE@DW$s_
2026-05-23T16:33:31+0300 INFO: C:\Users\Ksenya\Desktop\hakaton\main\resource\a5e93830-820f-4f68-a44c-870d72894ca8\main.py Старт. Выполняемый шаг: Клик по Web-элементу. id: ]8Xi8xyWQkijnuXN/Mwn
2026-05-23T16:33:31+0300 INFO: C:\Users\Ksenya\Desktop\hakaton\main\resource\a5e93830-820f-4f68-a44c-870d72894ca8\main.py Выполнение. Выполняемый шаг: Клик по Web-элементу. id: ]8Xi8xyWQkijnuXN/Mwn
2026-05-23T16:33:31+0300 INFO: C:\Users\Ksenya\Desktop\hakaton\main\resource\a5e93830-820f-4f68-a44c-870d72894ca8\main.py Завершение. Выполняемый шаг: Клик по Web-элементу. id: ]8Xi8xyWQkijnuXN/Mwn
2026-05-23T16:33:31+0300 INFO: C:\Users\Ksenya\Desktop\hakaton\main\resource\a5e93830-820f-4f68-a44c-870d72894ca8\main.py Старт. Выполняемый шаг: Ввод в 1C-веб. id: GY)ZR_u4zf.~_0inu*)x
2026-05-23T16:33:31+0300 INFO: C:\Users\Ksenya\Desktop\hakaton\main\resource\a5e93830-820f-4f68-a44c-870d72894ca8\main.py Выполнение. Выполняемый шаг: Ввод в 1C-веб. id: GY)ZR_u4zf.~_0inu*)x
2026-05-23T16:33:35+0300 ERROR: C:\Users\Ksenya\Desktop\hakaton\main\resource\a5e93830-820f-4f68-a44c-870d72894ca8\main.py Ошибка выполнения робота
2026-05-23T16:33:35+0300 INFO: C:\Users\Ksenya\Desktop\hakaton\main\resource\a5e93830-820f-4f68-a44c-870d72894ca8\main.py Завершение. Выполняемый шаг: Обработка ошибки. id: E(ohZ?TiZWX5;}Gqu-r,
2026-05-23T16:33:35+0300 INFO: C:\Users\Ksenya\Desktop\hakaton\main\resource\a5e93830-820f-4f68-a44c-870d72894ca8\main.py Старт. Выполняемый шаг: Клик по Web-элементу. id: @7-:CNPv,N:LCj9;cz^V
2026-05-23T16:33:35+0300 INFO: C:\Users\Ksenya\Desktop\hakaton\main\resource\a5e93830-820f-4f68-a44c-870d72894ca8\main.py Выполнение. Выполняемый шаг: Клик по Web-элементу. id: @7-:CNPv,N:LCj9;cz^V
2026-05-23T16:33:35+0300 INFO: C:\Users\Ksenya\Desktop\hakaton\main\resource\a5e93830-820f-4f68-a44c-870d72894ca8\main.py Завершение. Выполняемый шаг: Клик по Web-элементу. id: @7-:CNPv,N:LCj9;cz^V
2026-05-23T16:33:35+0300 INFO: C:\Users\Ksenya\Desktop\hakaton\main\resource\a5e93830-820f-4f68-a44c-870d72894ca8\main.py Старт. Выполняемый шаг: Ввод горячих клавиш в веб-сайт. id: 8/zHO%G~o51XJG!Ynu*-
2026-05-23T16:33:35+0300 INFO: C:\Users\Ksenya\Desktop\hakaton\main\resource\a5e93830-820f-4f68-a44c-870d72894ca8\main.py Выполнение. Выполняемый шаг: Ввод горячих клавиш в веб-сайт. id: 8/zHO%G~o51XJG!Ynu*-
2026-05-23T16:33:35+0300 INFO: C:\Users\Ksenya\Desktop\hakaton\main\resource\a5e93830-820f-4f68-a44c-870d72894ca8\main.py Завершение. Выполняемый шаг: Ввод горячих клавиш в веб-сайт. id: 8/zHO%G~o51XJG!Ynu*-
2026-05-23T16:33:35+0300 INFO: C:\Users\Ksenya\Desktop\hakaton\main\resource\a5e93830-820f-4f68-a44c-870d72894ca8\main.py Старт. Выполняемый шаг: Ввод в веб-сайт. id: aMkpq4ydQ^Cz@34Z(V3x
2026-05-23T16:33:35+0300 INFO: C:\Users\Ksenya\Desktop\hakaton\main\resource\a5e93830-820f-4f68-a44c-870d72894ca8\main.py Выполнение. Выполняемый шаг: Ввод в веб-сайт. id: aMkpq4ydQ^Cz@34Z(V3x
2026-05-23T16:33:35+0300 INFO: C:\Users\Ksenya\Desktop\hakaton\main\resource\a5e93830-820f-4f68-a44c-870d72894ca8\main.py Завершение. Выполняемый шаг: Ввод в веб-сайт. id: aMkpq4ydQ^Cz@34Z(V3x
2026-05-23T16:33:35+0300 INFO: C:\Users\Ksenya\Desktop\hakaton\main\resource\a5e93830-820f-4f68-a44c-870d72894ca8\main.py Старт. Выполняемый шаг: Клик по Web-элементу. id: wxRx5H*x!wJc?~mRAGHs
2026-05-23T16:33:35+0300 INFO: C:\Users\Ksenya\Desktop\hakaton\main\resource\a5e93830-820f-4f68-a44c-870d72894ca8\main.py Выполнение. Выполняемый шаг: Клик по Web-элементу. id: wxRx5H*x!wJc?~mRAGHs
2026-05-23T16:33:36+0300 INFO: C:\Users\Ksenya\Desktop\hakaton\main\resource\a5e93830-820f-4f68-a44c-870d72894ca8\main.py Завершение. Выполняемый шаг: Клик по Web-элементу. id: wxRx5H*x!wJc?~mRAGHs
2026-05-23T16:33:36+0300 INFO: C:\Users\Ksenya\Desktop\hakaton\main\resource\a5e93830-820f-4f68-a44c-870d72894ca8\main.py Старт. Выполняемый шаг: Ввод горячих клавиш в веб-сайт. id: L7LeB4+FWj$5N{.!ddBy
2026-05-23T16:33:36+0300 INFO: C:\Users\Ksenya\Desktop\hakaton\main\resource\a5e93830-820f-4f68-a44c-870d72894ca8\main.py Выполнение. Выполняемый шаг: Ввод горячих клавиш в веб-сайт. id: L7LeB4+FWj$5N{.!ddBy
2026-05-23T16:33:36+0300 INFO: C:\Users\Ksenya\Desktop\hakaton\main\resource\a5e93830-820f-4f68-a44c-870d72894ca8\main.py Завершение. Выполняемый шаг: Ввод горячих клавиш в веб-сайт. id: L7LeB4+FWj$5N{.!ddBy
2026-05-23T16:33:36+0300 INFO: C:\Users\Ksenya\Desktop\hakaton\main\resource\a5e93830-820f-4f68-a44c-870d72894ca8\main.py Старт. Выполняемый шаг: Ввод в веб-сайт. id: e+Ee_w-]LW^OGD!#4RLi
2026-05-23T16:33:36+0300 INFO: C:\Users\Ksenya\Desktop\hakaton\main\resource\a5e93830-820f-4f68-a44c-870d72894ca8\main.py Выполнение. Выполняемый шаг: Ввод в веб-сайт. id: e+Ee_w-]LW^OGD!#4RLi
2026-05-23T16:33:36+0300 INFO: C:\Users\Ksenya\Desktop\hakaton\main\resource\a5e93830-820f-4f68-a44c-870d72894ca8\main.py Завершение. Выполняемый шаг: Ввод в веб-сайт. id: e+Ee_w-]LW^OGD!#4RLi
2026-05-23T16:33:36+0300 INFO: C:\Users\Ksenya\Desktop\hakaton\main\resource\a5e93830-820f-4f68-a44c-870d72894ca8\main.py Старт. Выполняемый шаг: Клик по Web-элементу. id: P#C9F|{6[rvIajcS#B0?
2026-05-23T16:33:36+0300 INFO: C:\Users\Ksenya\Desktop\hakaton\main\resource\a5e93830-820f-4f68-a44c-870d72894ca8\main.py Выполнение. Выполняемый шаг: Клик по Web-элементу. id: P#C9F|{6[rvIajcS#B0?
2026-05-23T16:33:36+0300 INFO: C:\Users\Ksenya\Desktop\hakaton\main\resource\a5e93830-820f-4f68-a44c-870d72894ca8\main.py Завершение. Выполняемый шаг: Клик по Web-элементу. id: P#C9F|{6[rvIajcS#B0?
2026-05-23T16:33:36+0300 INFO: C:\Users\Ksenya\Desktop\hakaton\main\resource\a5e93830-820f-4f68-a44c-870d72894ca8\main.py Старт. Выполняемый шаг: Ввод горячих клавиш в веб-сайт. id: $IJ]qw/qBe.wqoPy$1ag
2026-05-23T16:33:36+0300 INFO: C:\Users\Ksenya\Desktop\hakaton\main\resource\a5e93830-820f-4f68-a44c-870d72894ca8\main.py Выполнение. Выполняемый шаг: Ввод горячих клавиш в веб-сайт. id: $IJ]qw/qBe.wqoPy$1ag
2026-05-23T16:33:37+0300 INFO: C:\Users\Ksenya\Desktop\hakaton\main\resource\a5e93830-820f-4f68-a44c-870d72894ca8\main.py Завершение. Выполняемый шаг: Ввод горячих клавиш в веб-сайт. id: $IJ]qw/qBe.wqoPy$1ag
2026-05-23T16:33:37+0300 INFO: C:\Users\Ksenya\Desktop\hakaton\main\resource\a5e93830-820f-4f68-a44c-870d72894ca8\main.py Старт. Выполняемый шаг: Ввод в веб-сайт. id: 6k_0mXu,)P1r8zGe`]*M
2026-05-23T16:33:37+0300 INFO: C:\Users\Ksenya\Desktop\hakaton\main\resource\a5e93830-820f-4f68-a44c-870d72894ca8\main.py Выполнение. Выполняемый шаг: Ввод в веб-сайт. id: 6k_0mXu,)P1r8zGe`]*M
2026-05-23T16:33:37+0300 INFO: C:\Users\Ksenya\Desktop\hakaton\main\resource\a5e93830-820f-4f68-a44c-870d72894ca8\main.py Завершение. Выполняемый шаг: Ввод в веб-сайт. id: 6k_0mXu,)P1r8zGe`]*M
2026-05-23T16:33:37+0300 INFO: Завершение работы робота: C:\Users\Ksenya\Desktop\hakaton\main\resource\a5e93830-820f-4f68-a44c-870d72894ca8\main.py
2026-05-23T16:34:19+0300 INFO: Старт робота: C:\Users\Ksenya\Desktop\hakaton\main\resource\04462407-0c7e-40da-8aca-c532f339c346\main.py
2026-05-23T16:34:19+0300 INFO: C:\Users\Ksenya\Desktop\hakaton\main\resource\04462407-0c7e-40da-8aca-c532f339c346\main.py Старт. Выполняемый шаг: Обработка ошибки. id: E(ohZ?TiZWX5;}Gqu-r,
2026-05-23T16:34:19+0300 INFO: C:\Users\Ksenya\Desktop\hakaton\main\resource\04462407-0c7e-40da-8aca-c532f339c346\main.py Выполнение. Выполняемый шаг: Обработка ошибки. id: E(ohZ?TiZWX5;}Gqu-r,
2026-05-23T16:34:19+0300 INFO: C:\Users\Ksenya\Desktop\hakaton\main\resource\04462407-0c7e-40da-8aca-c532f339c346\main.py Робот запущен
2026-05-23T16:34:19+0300 INFO: C:\Users\Ksenya\Desktop\hakaton\main\resource\04462407-0c7e-40da-8aca-c532f339c346\main.py Старт. Выполняемый шаг: Присвоить значение переменной. id: uT8K_dR,wNXk4m?dkCsM
2026-05-23T16:34:20+0300 INFO: C:\Users\Ksenya\Desktop\hakaton\main\resource\04462407-0c7e-40da-8aca-c532f339c346\main.py Выполнение. Выполняемый шаг: Присвоить значение переменной. id: uT8K_dR,wNXk4m?dkCsM
2026-05-23T16:34:20+0300 INFO: C:\Users\Ksenya\Desktop\hakaton\main\resource\04462407-0c7e-40da-8aca-c532f339c346\main.py Завершение. Выполняемый шаг: Присвоить значение переменной. id: uT8K_dR,wNXk4m?dkCsM
2026-05-23T16:34:20+0300 INFO: C:\Users\Ksenya\Desktop\hakaton\main\resource\04462407-0c7e-40da-8aca-c532f339c346\main.py Старт. Выполняемый шаг: Присвоить значение переменной. id: :MAZ.Rz62:ZsFDl7vQQJ
2026-05-23T16:34:20+0300 INFO: C:\Users\Ksenya\Desktop\hakaton\main\resource\04462407-0c7e-40da-8aca-c532f339c346\main.py Выполнение. Выполняемый шаг: Присвоить значение переменной. id: :MAZ.Rz62:ZsFDl7vQQJ
2026-05-23T16:34:20+0300 INFO: C:\Users\Ksenya\Desktop\hakaton\main\resource\04462407-0c7e-40da-8aca-c532f339c346\main.py Завершение. Выполняемый шаг: Присвоить значение переменной. id: :MAZ.Rz62:ZsFDl7vQQJ
2026-05-23T16:34:20+0300 INFO: C:\Users\Ksenya\Desktop\hakaton\main\resource\04462407-0c7e-40da-8aca-c532f339c346\main.py Старт. Выполняемый шаг: Присвоить значение переменной. id: WBqw15|Z#}dx_{yM[UJS
2026-05-23T16:34:20+0300 INFO: C:\Users\Ksenya\Desktop\hakaton\main\resource\04462407-0c7e-40da-8aca-c532f339c346\main.py Выполнение. Выполняемый шаг: Присвоить значение переменной. id: WBqw15|Z#}dx_{yM[UJS
2026-05-23T16:34:20+0300 INFO: C:\Users\Ksenya\Desktop\hakaton\main\resource\04462407-0c7e-40da-8aca-c532f339c346\main.py Завершение. Выполняемый шаг: Присвоить значение переменной. id: WBqw15|Z#}dx_{yM[UJS
2026-05-23T16:34:20+0300 INFO: C:\Users\Ksenya\Desktop\hakaton\main\resource\04462407-0c7e-40da-8aca-c532f339c346\main.py Старт. Выполняемый шаг: Присвоить значение переменной. id: ZD}VS]B8yU%7IR$_1:gx
2026-05-23T16:34:20+0300 INFO: C:\Users\Ksenya\Desktop\hakaton\main\resource\04462407-0c7e-40da-8aca-c532f339c346\main.py Выполнение. Выполняемый шаг: Присвоить значение переменной. id: ZD}VS]B8yU%7IR$_1:gx
2026-05-23T16:34:20+0300 INFO: C:\Users\Ksenya\Desktop\hakaton\main\resource\04462407-0c7e-40da-8aca-c532f339c346\main.py Старт. Выполняемый шаг: Прочитать файл. id: h-7qLFMP}Ex#VZ)Ao@jd
2026-05-23T16:34:20+0300 INFO: C:\Users\Ksenya\Desktop\hakaton\main\resource\04462407-0c7e-40da-8aca-c532f339c346\main.py Завершение. Выполняемый шаг: Прочитать файл. id: h-7qLFMP}Ex#VZ)Ao@jd
2026-05-23T16:34:20+0300 INFO: C:\Users\Ksenya\Desktop\hakaton\main\resource\04462407-0c7e-40da-8aca-c532f339c346\main.py Завершение. Выполняемый шаг: Присвоить значение переменной. id: ZD}VS]B8yU%7IR$_1:gx
2026-05-23T16:34:20+0300 INFO: C:\Users\Ksenya\Desktop\hakaton\main\resource\04462407-0c7e-40da-8aca-c532f339c346\main.py Старт. Выполняемый шаг: Присвоить значение переменной. id: ^0R|78#C*6Lo31|B;%K9
2026-05-23T16:34:20+0300 INFO: C:\Users\Ksenya\Desktop\hakaton\main\resource\04462407-0c7e-40da-8aca-c532f339c346\main.py Выполнение. Выполняемый шаг: Присвоить значение переменной. id: ^0R|78#C*6Lo31|B;%K9
2026-05-23T16:34:20+0300 INFO: C:\Users\Ksenya\Desktop\hakaton\main\resource\04462407-0c7e-40da-8aca-c532f339c346\main.py Завершение. Выполняемый шаг: Присвоить значение переменной. id: ^0R|78#C*6Lo31|B;%K9
2026-05-23T16:34:20+0300 INFO: C:\Users\Ksenya\Desktop\hakaton\main\resource\04462407-0c7e-40da-8aca-c532f339c346\main.py Старт. Выполняемый шаг: Присвоить значение переменной. id: {Y3[LIYCU-/HNVs!NERe
2026-05-23T16:34:20+0300 INFO: C:\Users\Ksenya\Desktop\hakaton\main\resource\04462407-0c7e-40da-8aca-c532f339c346\main.py Выполнение. Выполняемый шаг: Присвоить значение переменной. id: {Y3[LIYCU-/HNVs!NERe
2026-05-23T16:34:20+0300 INFO: C:\Users\Ksenya\Desktop\hakaton\main\resource\04462407-0c7e-40da-8aca-c532f339c346\main.py Старт. Выполняемый шаг: Преобразовать дату. id: yIzw35kV+o$aK/*W)TAR
2026-05-23T16:34:20+0300 INFO: C:\Users\Ksenya\Desktop\hakaton\main\resource\04462407-0c7e-40da-8aca-c532f339c346\main.py Завершение. Выполняемый шаг: Преобразовать дату. id: yIzw35kV+o$aK/*W)TAR
2026-05-23T16:34:20+0300 INFO: C:\Users\Ksenya\Desktop\hakaton\main\resource\04462407-0c7e-40da-8aca-c532f339c346\main.py Завершение. Выполняемый шаг: Присвоить значение переменной. id: {Y3[LIYCU-/HNVs!NERe
2026-05-23T16:34:20+0300 INFO: C:\Users\Ksenya\Desktop\hakaton\main\resource\04462407-0c7e-40da-8aca-c532f339c346\main.py Старт. Выполняемый шаг: Присвоить значение переменной. id: p$O:QoI+|4ux$8{ysFr:
2026-05-23T16:34:20+0300 INFO: C:\Users\Ksenya\Desktop\hakaton\main\resource\04462407-0c7e-40da-8aca-c532f339c346\main.py Выполнение. Выполняемый шаг: Присвоить значение переменной. id: p$O:QoI+|4ux$8{ysFr:
2026-05-23T16:34:20+0300 INFO: C:\Users\Ksenya\Desktop\hakaton\main\resource\04462407-0c7e-40da-8aca-c532f339c346\main.py Завершение. Выполняемый шаг: Присвоить значение переменной. id: p$O:QoI+|4ux$8{ysFr:
2026-05-23T16:34:20+0300 INFO: C:\Users\Ksenya\Desktop\hakaton\main\resource\04462407-0c7e-40da-8aca-c532f339c346\main.py Старт. Выполняемый шаг: Присвоить значение переменной. id: ~|`}hQkYrPr!yvRWehM_
2026-05-23T16:34:20+0300 INFO: C:\Users\Ksenya\Desktop\hakaton\main\resource\04462407-0c7e-40da-8aca-c532f339c346\main.py Выполнение. Выполняемый шаг: Присвоить значение переменной. id: ~|`}hQkYrPr!yvRWehM_
2026-05-23T16:34:20+0300 INFO: C:\Users\Ksenya\Desktop\hakaton\main\resource\04462407-0c7e-40da-8aca-c532f339c346\main.py Старт. Выполняемый шаг: Преобразовать дату. id: y@cWp{?HPKMT0X6Rp6I$
2026-05-23T16:34:20+0300 INFO: C:\Users\Ksenya\Desktop\hakaton\main\resource\04462407-0c7e-40da-8aca-c532f339c346\main.py Завершение. Выполняемый шаг: Преобразовать дату. id: y@cWp{?HPKMT0X6Rp6I$
2026-05-23T16:34:20+0300 INFO: C:\Users\Ksenya\Desktop\hakaton\main\resource\04462407-0c7e-40da-8aca-c532f339c346\main.py Завершение. Выполняемый шаг: Присвоить значение переменной. id: ~|`}hQkYrPr!yvRWehM_
2026-05-23T16:34:20+0300 INFO: C:\Users\Ksenya\Desktop\hakaton\main\resource\04462407-0c7e-40da-8aca-c532f339c346\main.py Старт. Выполняемый шаг: Присвоить значение переменной. id: ]Nwow_`34-zY1snYsMa=
2026-05-23T16:34:20+0300 INFO: C:\Users\Ksenya\Desktop\hakaton\main\resource\04462407-0c7e-40da-8aca-c532f339c346\main.py Выполнение. Выполняемый шаг: Присвоить значение переменной. id: ]Nwow_`34-zY1snYsMa=
2026-05-23T16:34:20+0300 INFO: C:\Users\Ksenya\Desktop\hakaton\main\resource\04462407-0c7e-40da-8aca-c532f339c346\main.py Завершение. Выполняемый шаг: Присвоить значение переменной. id: ]Nwow_`34-zY1snYsMa=
2026-05-23T16:34:20+0300 INFO: C:\Users\Ksenya\Desktop\hakaton\main\resource\04462407-0c7e-40da-8aca-c532f339c346\main.py Старт. Выполняемый шаг: Присвоить значение переменной. id: 7qHD^~+B#bUSw)9hi;V5
2026-05-23T16:34:20+0300 INFO: C:\Users\Ksenya\Desktop\hakaton\main\resource\04462407-0c7e-40da-8aca-c532f339c346\main.py Выполнение. Выполняемый шаг: Присвоить значение переменной. id: 7qHD^~+B#bUSw)9hi;V5
2026-05-23T16:34:20+0300 INFO: C:\Users\Ksenya\Desktop\hakaton\main\resource\04462407-0c7e-40da-8aca-c532f339c346\main.py Завершение. Выполняемый шаг: Присвоить значение переменной. id: 7qHD^~+B#bUSw)9hi;V5
2026-05-23T16:34:20+0300 INFO: C:\Users\Ksenya\Desktop\hakaton\main\resource\04462407-0c7e-40da-8aca-c532f339c346\main.py Старт. Выполняемый шаг: Присвоить значение переменной. id: 3oGjmJ`CaVRVz9#qu*_m
2026-05-23T16:34:20+0300 INFO: C:\Users\Ksenya\Desktop\hakaton\main\resource\04462407-0c7e-40da-8aca-c532f339c346\main.py Выполнение. Выполняемый шаг: Присвоить значение переменной. id: 3oGjmJ`CaVRVz9#qu*_m
2026-05-23T16:34:20+0300 INFO: C:\Users\Ksenya\Desktop\hakaton\main\resource\04462407-0c7e-40da-8aca-c532f339c346\main.py Завершение. Выполняемый шаг: Присвоить значение переменной. id: 3oGjmJ`CaVRVz9#qu*_m
2026-05-23T16:34:20+0300 INFO: C:\Users\Ksenya\Desktop\hakaton\main\resource\04462407-0c7e-40da-8aca-c532f339c346\main.py Старт. Выполняемый шаг: Присвоить значение переменной. id: :kF]*7FA#}yI!L)At3D0
2026-05-23T16:34:20+0300 INFO: C:\Users\Ksenya\Desktop\hakaton\main\resource\04462407-0c7e-40da-8aca-c532f339c346\main.py Выполнение. Выполняемый шаг: Присвоить значение переменной. id: :kF]*7FA#}yI!L)At3D0
2026-05-23T16:34:20+0300 INFO: C:\Users\Ksenya\Desktop\hakaton\main\resource\04462407-0c7e-40da-8aca-c532f339c346\main.py Завершение. Выполняемый шаг: Присвоить значение переменной. id: :kF]*7FA#}yI!L)At3D0
2026-05-23T16:34:20+0300 INFO: C:\Users\Ksenya\Desktop\hakaton\main\resource\04462407-0c7e-40da-8aca-c532f339c346\main.py Отправляю запрос в 1С
2026-05-23T16:34:20+0300 INFO: C:\Users\Ksenya\Desktop\hakaton\main\resource\04462407-0c7e-40da-8aca-c532f339c346\main.py Старт. Выполняемый шаг: Присвоить значение переменной. id: 5Ew%Wt$JK+7d7TXLxId_
2026-05-23T16:34:20+0300 INFO: C:\Users\Ksenya\Desktop\hakaton\main\resource\04462407-0c7e-40da-8aca-c532f339c346\main.py Выполнение. Выполняемый шаг: Присвоить значение переменной. id: 5Ew%Wt$JK+7d7TXLxId_
2026-05-23T16:34:20+0300 INFO: C:\Users\Ksenya\Desktop\hakaton\main\resource\04462407-0c7e-40da-8aca-c532f339c346\main.py Старт. Выполняемый шаг: Создать сессию браузера. id: 4#bM-7PYt%bTkrSh8bfZ
2026-05-23T16:34:27+0300 INFO: C:\Users\Ksenya\Desktop\hakaton\main\resource\04462407-0c7e-40da-8aca-c532f339c346\main.py Завершение. Выполняемый шаг: Создать сессию браузера. id: 4#bM-7PYt%bTkrSh8bfZ
2026-05-23T16:34:27+0300 INFO: C:\Users\Ksenya\Desktop\hakaton\main\resource\04462407-0c7e-40da-8aca-c532f339c346\main.py Завершение. Выполняемый шаг: Присвоить значение переменной. id: 5Ew%Wt$JK+7d7TXLxId_
2026-05-23T16:34:27+0300 INFO: C:\Users\Ksenya\Desktop\hakaton\main\resource\04462407-0c7e-40da-8aca-c532f339c346\main.py Старт. Выполняемый шаг: Открыть страницу в браузере. id: _{QT4zD{Fqs69!/:|#zp
2026-05-23T16:34:27+0300 INFO: C:\Users\Ksenya\Desktop\hakaton\main\resource\04462407-0c7e-40da-8aca-c532f339c346\main.py Выполнение. Выполняемый шаг: Открыть страницу в браузере. id: _{QT4zD{Fqs69!/:|#zp
2026-05-23T16:34:29+0300 INFO: C:\Users\Ksenya\Desktop\hakaton\main\resource\04462407-0c7e-40da-8aca-c532f339c346\main.py Завершение. Выполняемый шаг: Открыть страницу в браузере. id: _{QT4zD{Fqs69!/:|#zp
2026-05-23T16:34:29+0300 INFO: C:\Users\Ksenya\Desktop\hakaton\main\resource\04462407-0c7e-40da-8aca-c532f339c346\main.py Старт. Выполняемый шаг: Задержка. id: ??=,o)g^!HRb+gO2+Wzh
2026-05-23T16:34:29+0300 INFO: C:\Users\Ksenya\Desktop\hakaton\main\resource\04462407-0c7e-40da-8aca-c532f339c346\main.py Выполнение. Выполняемый шаг: Задержка. id: ??=,o)g^!HRb+gO2+Wzh
2026-05-23T16:34:29+0300 INFO: C:\Users\Ksenya\Desktop\hakaton\main\resource\04462407-0c7e-40da-8aca-c532f339c346\main.py Старт. Выполняемый шаг: Преобразовать строку в число. id: {Rsp$JX%Cwa].U=6UmD=
2026-05-23T16:34:29+0300 INFO: C:\Users\Ksenya\Desktop\hakaton\main\resource\04462407-0c7e-40da-8aca-c532f339c346\main.py Завершение. Выполняемый шаг: Преобразовать строку в число. id: {Rsp$JX%Cwa].U=6UmD=
2026-05-23T16:34:32+0300 INFO: C:\Users\Ksenya\Desktop\hakaton\main\resource\04462407-0c7e-40da-8aca-c532f339c346\main.py Завершение. Выполняемый шаг: Задержка. id: ??=,o)g^!HRb+gO2+Wzh
2026-05-23T16:34:32+0300 INFO: C:\Users\Ksenya\Desktop\hakaton\main\resource\04462407-0c7e-40da-8aca-c532f339c346\main.py Старт. Выполняемый шаг: Клик по Web-элементу. id: EBp7HZH}x+19aqf!)2/)
2026-05-23T16:34:32+0300 INFO: C:\Users\Ksenya\Desktop\hakaton\main\resource\04462407-0c7e-40da-8aca-c532f339c346\main.py Выполнение. Выполняемый шаг: Клик по Web-элементу. id: EBp7HZH}x+19aqf!)2/)
2026-05-23T16:34:32+0300 INFO: C:\Users\Ksenya\Desktop\hakaton\main\resource\04462407-0c7e-40da-8aca-c532f339c346\main.py Завершение. Выполняемый шаг: Клик по Web-элементу. id: EBp7HZH}x+19aqf!)2/)
2026-05-23T16:34:32+0300 INFO: C:\Users\Ksenya\Desktop\hakaton\main\resource\04462407-0c7e-40da-8aca-c532f339c346\main.py Старт. Выполняемый шаг: Ввод в веб-сайт. id: %w9B]^SDY]u6w8A[VN]B
2026-05-23T16:34:32+0300 INFO: C:\Users\Ksenya\Desktop\hakaton\main\resource\04462407-0c7e-40da-8aca-c532f339c346\main.py Выполнение. Выполняемый шаг: Ввод в веб-сайт. id: %w9B]^SDY]u6w8A[VN]B
2026-05-23T16:34:32+0300 INFO: C:\Users\Ksenya\Desktop\hakaton\main\resource\04462407-0c7e-40da-8aca-c532f339c346\main.py Завершение. Выполняемый шаг: Ввод в веб-сайт. id: %w9B]^SDY]u6w8A[VN]B
2026-05-23T16:34:32+0300 INFO: C:\Users\Ksenya\Desktop\hakaton\main\resource\04462407-0c7e-40da-8aca-c532f339c346\main.py Старт. Выполняемый шаг: Клик по Web-элементу. id: H6A$`ZrfUnP;M.)V!gP%
2026-05-23T16:34:32+0300 INFO: C:\Users\Ksenya\Desktop\hakaton\main\resource\04462407-0c7e-40da-8aca-c532f339c346\main.py Выполнение. Выполняемый шаг: Клик по Web-элементу. id: H6A$`ZrfUnP;M.)V!gP%
2026-05-23T16:34:33+0300 INFO: C:\Users\Ksenya\Desktop\hakaton\main\resource\04462407-0c7e-40da-8aca-c532f339c346\main.py Завершение. Выполняемый шаг: Клик по Web-элементу. id: H6A$`ZrfUnP;M.)V!gP%
2026-05-23T16:34:33+0300 INFO: C:\Users\Ksenya\Desktop\hakaton\main\resource\04462407-0c7e-40da-8aca-c532f339c346\main.py Старт. Выполняемый шаг: Ввод в веб-сайт. id: y:}|lxK((=67v}qu8Ym-
2026-05-23T16:34:33+0300 INFO: C:\Users\Ksenya\Desktop\hakaton\main\resource\04462407-0c7e-40da-8aca-c532f339c346\main.py Выполнение. Выполняемый шаг: Ввод в веб-сайт. id: y:}|lxK((=67v}qu8Ym-
2026-05-23T16:34:33+0300 INFO: C:\Users\Ksenya\Desktop\hakaton\main\resource\04462407-0c7e-40da-8aca-c532f339c346\main.py Завершение. Выполняемый шаг: Ввод в веб-сайт. id: y:}|lxK((=67v}qu8Ym-
2026-05-23T16:34:33+0300 INFO: C:\Users\Ksenya\Desktop\hakaton\main\resource\04462407-0c7e-40da-8aca-c532f339c346\main.py Старт. Выполняемый шаг: Клик по Web-элементу. id: [Q2@mu?#NQ2xEX2OXYF$
2026-05-23T16:34:33+0300 INFO: C:\Users\Ksenya\Desktop\hakaton\main\resource\04462407-0c7e-40da-8aca-c532f339c346\main.py Выполнение. Выполняемый шаг: Клик по Web-элементу. id: [Q2@mu?#NQ2xEX2OXYF$
2026-05-23T16:34:33+0300 INFO: C:\Users\Ksenya\Desktop\hakaton\main\resource\04462407-0c7e-40da-8aca-c532f339c346\main.py Завершение. Выполняемый шаг: Клик по Web-элементу. id: [Q2@mu?#NQ2xEX2OXYF$
2026-05-23T16:34:33+0300 INFO: C:\Users\Ksenya\Desktop\hakaton\main\resource\04462407-0c7e-40da-8aca-c532f339c346\main.py Старт. Выполняемый шаг: Задержка. id: `^?P,o-StU!YIwW:*51`
2026-05-23T16:34:33+0300 INFO: C:\Users\Ksenya\Desktop\hakaton\main\resource\04462407-0c7e-40da-8aca-c532f339c346\main.py Выполнение. Выполняемый шаг: Задержка. id: `^?P,o-StU!YIwW:*51`
2026-05-23T16:34:33+0300 INFO: C:\Users\Ksenya\Desktop\hakaton\main\resource\04462407-0c7e-40da-8aca-c532f339c346\main.py Старт. Выполняемый шаг: Преобразовать строку в число. id: uw`j?F`+X9C3RI;{kpUw
2026-05-23T16:34:33+0300 INFO: C:\Users\Ksenya\Desktop\hakaton\main\resource\04462407-0c7e-40da-8aca-c532f339c346\main.py Завершение. Выполняемый шаг: Преобразовать строку в число. id: uw`j?F`+X9C3RI;{kpUw
2026-05-23T16:34:53+0300 INFO: C:\Users\Ksenya\Desktop\hakaton\main\resource\04462407-0c7e-40da-8aca-c532f339c346\main.py Завершение. Выполняемый шаг: Задержка. id: `^?P,o-StU!YIwW:*51`
2026-05-23T16:34:53+0300 INFO: C:\Users\Ksenya\Desktop\hakaton\main\resource\04462407-0c7e-40da-8aca-c532f339c346\main.py Старт. Выполняемый шаг: Клик по Web-элементу. id: !*p3azK$H5lkwE@DW$s_
2026-05-23T16:34:53+0300 INFO: C:\Users\Ksenya\Desktop\hakaton\main\resource\04462407-0c7e-40da-8aca-c532f339c346\main.py Выполнение. Выполняемый шаг: Клик по Web-элементу. id: !*p3azK$H5lkwE@DW$s_
2026-05-23T16:34:53+0300 INFO: C:\Users\Ksenya\Desktop\hakaton\main\resource\04462407-0c7e-40da-8aca-c532f339c346\main.py Завершение. Выполняемый шаг: Клик по Web-элементу. id: !*p3azK$H5lkwE@DW$s_
2026-05-23T16:34:53+0300 INFO: C:\Users\Ksenya\Desktop\hakaton\main\resource\04462407-0c7e-40da-8aca-c532f339c346\main.py Старт. Выполняемый шаг: Клик по Web-элементу. id: ]8Xi8xyWQkijnuXN/Mwn
2026-05-23T16:34:53+0300 INFO: C:\Users\Ksenya\Desktop\hakaton\main\resource\04462407-0c7e-40da-8aca-c532f339c346\main.py Выполнение. Выполняемый шаг: Клик по Web-элементу. id: ]8Xi8xyWQkijnuXN/Mwn
2026-05-23T16:34:54+0300 INFO: C:\Users\Ksenya\Desktop\hakaton\main\resource\04462407-0c7e-40da-8aca-c532f339c346\main.py Завершение. Выполняемый шаг: Клик по Web-элементу. id: ]8Xi8xyWQkijnuXN/Mwn
2026-05-23T16:34:54+0300 INFO: C:\Users\Ksenya\Desktop\hakaton\main\resource\04462407-0c7e-40da-8aca-c532f339c346\main.py Старт. Выполняемый шаг: Ввод в 1C-веб. id: GY)ZR_u4zf.~_0inu*)x
2026-05-23T16:34:54+0300 INFO: C:\Users\Ksenya\Desktop\hakaton\main\resource\04462407-0c7e-40da-8aca-c532f339c346\main.py Выполнение. Выполняемый шаг: Ввод в 1C-веб. id: GY)ZR_u4zf.~_0inu*)x
2026-05-23T16:34:57+0300 ERROR: C:\Users\Ksenya\Desktop\hakaton\main\resource\04462407-0c7e-40da-8aca-c532f339c346\main.py Ошибка выполнения робота
2026-05-23T16:34:57+0300 INFO: C:\Users\Ksenya\Desktop\hakaton\main\resource\04462407-0c7e-40da-8aca-c532f339c346\main.py Завершение. Выполняемый шаг: Обработка ошибки. id: E(ohZ?TiZWX5;}Gqu-r,
2026-05-23T16:34:57+0300 INFO: C:\Users\Ksenya\Desktop\hakaton\main\resource\04462407-0c7e-40da-8aca-c532f339c346\main.py Старт. Выполняемый шаг: Клик по Web-элементу. id: @7-:CNPv,N:LCj9;cz^V
2026-05-23T16:34:57+0300 INFO: C:\Users\Ksenya\Desktop\hakaton\main\resource\04462407-0c7e-40da-8aca-c532f339c346\main.py Выполнение. Выполняемый шаг: Клик по Web-элементу. id: @7-:CNPv,N:LCj9;cz^V
2026-05-23T16:34:57+0300 INFO: C:\Users\Ksenya\Desktop\hakaton\main\resource\04462407-0c7e-40da-8aca-c532f339c346\main.py Завершение. Выполняемый шаг: Клик по Web-элементу. id: @7-:CNPv,N:LCj9;cz^V
2026-05-23T16:34:57+0300 INFO: C:\Users\Ksenya\Desktop\hakaton\main\resource\04462407-0c7e-40da-8aca-c532f339c346\main.py Старт. Выполняемый шаг: Ввод горячих клавиш в веб-сайт. id: 8/zHO%G~o51XJG!Ynu*-
2026-05-23T16:34:57+0300 INFO: C:\Users\Ksenya\Desktop\hakaton\main\resource\04462407-0c7e-40da-8aca-c532f339c346\main.py Выполнение. Выполняемый шаг: Ввод горячих клавиш в веб-сайт. id: 8/zHO%G~o51XJG!Ynu*-
2026-05-23T16:34:57+0300 INFO: C:\Users\Ksenya\Desktop\hakaton\main\resource\04462407-0c7e-40da-8aca-c532f339c346\main.py Завершение. Выполняемый шаг: Ввод горячих клавиш в веб-сайт. id: 8/zHO%G~o51XJG!Ynu*-
2026-05-23T16:34:57+0300 INFO: C:\Users\Ksenya\Desktop\hakaton\main\resource\04462407-0c7e-40da-8aca-c532f339c346\main.py Старт. Выполняемый шаг: Ввод в веб-сайт. id: aMkpq4ydQ^Cz@34Z(V3x
2026-05-23T16:34:57+0300 INFO: C:\Users\Ksenya\Desktop\hakaton\main\resource\04462407-0c7e-40da-8aca-c532f339c346\main.py Выполнение. Выполняемый шаг: Ввод в веб-сайт. id: aMkpq4ydQ^Cz@34Z(V3x
2026-05-23T16:34:58+0300 INFO: C:\Users\Ksenya\Desktop\hakaton\main\resource\04462407-0c7e-40da-8aca-c532f339c346\main.py Завершение. Выполняемый шаг: Ввод в веб-сайт. id: aMkpq4ydQ^Cz@34Z(V3x
2026-05-23T16:34:58+0300 INFO: C:\Users\Ksenya\Desktop\hakaton\main\resource\04462407-0c7e-40da-8aca-c532f339c346\main.py Старт. Выполняемый шаг: Клик по Web-элементу. id: wxRx5H*x!wJc?~mRAGHs
2026-05-23T16:34:58+0300 INFO: C:\Users\Ksenya\Desktop\hakaton\main\resource\04462407-0c7e-40da-8aca-c532f339c346\main.py Выполнение. Выполняемый шаг: Клик по Web-элементу. id: wxRx5H*x!wJc?~mRAGHs
2026-05-23T16:34:58+0300 INFO: C:\Users\Ksenya\Desktop\hakaton\main\resource\04462407-0c7e-40da-8aca-c532f339c346\main.py Завершение. Выполняемый шаг: Клик по Web-элементу. id: wxRx5H*x!wJc?~mRAGHs
2026-05-23T16:34:58+0300 INFO: C:\Users\Ksenya\Desktop\hakaton\main\resource\04462407-0c7e-40da-8aca-c532f339c346\main.py Старт. Выполняемый шаг: Ввод горячих клавиш в веб-сайт. id: L7LeB4+FWj$5N{.!ddBy
2026-05-23T16:34:58+0300 INFO: C:\Users\Ksenya\Desktop\hakaton\main\resource\04462407-0c7e-40da-8aca-c532f339c346\main.py Выполнение. Выполняемый шаг: Ввод горячих клавиш в веб-сайт. id: L7LeB4+FWj$5N{.!ddBy
2026-05-23T16:34:58+0300 INFO: C:\Users\Ksenya\Desktop\hakaton\main\resource\04462407-0c7e-40da-8aca-c532f339c346\main.py Завершение. Выполняемый шаг: Ввод горячих клавиш в веб-сайт. id: L7LeB4+FWj$5N{.!ddBy
2026-05-23T16:34:58+0300 INFO: C:\Users\Ksenya\Desktop\hakaton\main\resource\04462407-0c7e-40da-8aca-c532f339c346\main.py Старт. Выполняемый шаг: Ввод в веб-сайт. id: e+Ee_w-]LW^OGD!#4RLi
2026-05-23T16:34:58+0300 INFO: C:\Users\Ksenya\Desktop\hakaton\main\resource\04462407-0c7e-40da-8aca-c532f339c346\main.py Выполнение. Выполняемый шаг: Ввод в веб-сайт. id: e+Ee_w-]LW^OGD!#4RLi
2026-05-23T16:34:59+0300 INFO: C:\Users\Ksenya\Desktop\hakaton\main\resource\04462407-0c7e-40da-8aca-c532f339c346\main.py Завершение. Выполняемый шаг: Ввод в веб-сайт. id: e+Ee_w-]LW^OGD!#4RLi
2026-05-23T16:34:59+0300 INFO: C:\Users\Ksenya\Desktop\hakaton\main\resource\04462407-0c7e-40da-8aca-c532f339c346\main.py Старт. Выполняемый шаг: Клик по Web-элементу. id: P#C9F|{6[rvIajcS#B0?
2026-05-23T16:34:59+0300 INFO: C:\Users\Ksenya\Desktop\hakaton\main\resource\04462407-0c7e-40da-8aca-c532f339c346\main.py Выполнение. Выполняемый шаг: Клик по Web-элементу. id: P#C9F|{6[rvIajcS#B0?
2026-05-23T16:34:59+0300 INFO: C:\Users\Ksenya\Desktop\hakaton\main\resource\04462407-0c7e-40da-8aca-c532f339c346\main.py Завершение. Выполняемый шаг: Клик по Web-элементу. id: P#C9F|{6[rvIajcS#B0?
2026-05-23T16:34:59+0300 INFO: C:\Users\Ksenya\Desktop\hakaton\main\resource\04462407-0c7e-40da-8aca-c532f339c346\main.py Старт. Выполняемый шаг: Ввод горячих клавиш в веб-сайт. id: $IJ]qw/qBe.wqoPy$1ag
2026-05-23T16:34:59+0300 INFO: C:\Users\Ksenya\Desktop\hakaton\main\resource\04462407-0c7e-40da-8aca-c532f339c346\main.py Выполнение. Выполняемый шаг: Ввод горячих клавиш в веб-сайт. id: $IJ]qw/qBe.wqoPy$1ag
2026-05-23T16:34:59+0300 INFO: C:\Users\Ksenya\Desktop\hakaton\main\resource\04462407-0c7e-40da-8aca-c532f339c346\main.py Завершение. Выполняемый шаг: Ввод горячих клавиш в веб-сайт. id: $IJ]qw/qBe.wqoPy$1ag
2026-05-23T16:34:59+0300 INFO: C:\Users\Ksenya\Desktop\hakaton\main\resource\04462407-0c7e-40da-8aca-c532f339c346\main.py Старт. Выполняемый шаг: Ввод в веб-сайт. id: 6k_0mXu,)P1r8zGe`]*M
2026-05-23T16:34:59+0300 INFO: C:\Users\Ksenya\Desktop\hakaton\main\resource\04462407-0c7e-40da-8aca-c532f339c346\main.py Выполнение. Выполняемый шаг: Ввод в веб-сайт. id: 6k_0mXu,)P1r8zGe`]*M
2026-05-23T16:35:00+0300 INFO: C:\Users\Ksenya\Desktop\hakaton\main\resource\04462407-0c7e-40da-8aca-c532f339c346\main.py Завершение. Выполняемый шаг: Ввод в веб-сайт. id: 6k_0mXu,)P1r8zGe`]*M
2026-05-23T16:35:00+0300 INFO: Завершение работы робота: C:\Users\Ksenya\Desktop\hakaton\main\resource\04462407-0c7e-40da-8aca-c532f339c346\main.py
2026-05-23T16:35:58+0300 INFO: Старт робота: C:\Users\Ksenya\Desktop\hakaton\main\resource\03814618-ccd7-4c70-b25d-c49871b179e2\main.py
2026-05-23T16:35:58+0300 INFO: C:\Users\Ksenya\Desktop\hakaton\main\resource\03814618-ccd7-4c70-b25d-c49871b179e2\main.py Старт. Выполняемый шаг: Обработка ошибки. id: E(ohZ?TiZWX5;}Gqu-r,
2026-05-23T16:36:02+0300 INFO: C:\Users\Ksenya\Desktop\hakaton\main\resource\03814618-ccd7-4c70-b25d-c49871b179e2\main.py Выполнение. Выполняемый шаг: Обработка ошибки. id: E(ohZ?TiZWX5;}Gqu-r,
2026-05-23T16:36:02+0300 INFO: C:\Users\Ksenya\Desktop\hakaton\main\resource\03814618-ccd7-4c70-b25d-c49871b179e2\main.py Робот запущен
2026-05-23T16:36:02+0300 INFO: C:\Users\Ksenya\Desktop\hakaton\main\resource\03814618-ccd7-4c70-b25d-c49871b179e2\main.py Старт. Выполняемый шаг: Присвоить значение переменной. id: uT8K_dR,wNXk4m?dkCsM
2026-05-23T16:36:03+0300 INFO: C:\Users\Ksenya\Desktop\hakaton\main\resource\03814618-ccd7-4c70-b25d-c49871b179e2\main.py Выполнение. Выполняемый шаг: Присвоить значение переменной. id: uT8K_dR,wNXk4m?dkCsM
2026-05-23T16:36:03+0300 INFO: C:\Users\Ksenya\Desktop\hakaton\main\resource\03814618-ccd7-4c70-b25d-c49871b179e2\main.py Завершение. Выполняемый шаг: Присвоить значение переменной. id: uT8K_dR,wNXk4m?dkCsM
2026-05-23T16:36:03+0300 INFO: C:\Users\Ksenya\Desktop\hakaton\main\resource\03814618-ccd7-4c70-b25d-c49871b179e2\main.py Старт. Выполняемый шаг: Присвоить значение переменной. id: :MAZ.Rz62:ZsFDl7vQQJ
2026-05-23T16:36:03+0300 INFO: C:\Users\Ksenya\Desktop\hakaton\main\resource\03814618-ccd7-4c70-b25d-c49871b179e2\main.py Выполнение. Выполняемый шаг: Присвоить значение переменной. id: :MAZ.Rz62:ZsFDl7vQQJ
2026-05-23T16:36:03+0300 INFO: C:\Users\Ksenya\Desktop\hakaton\main\resource\03814618-ccd7-4c70-b25d-c49871b179e2\main.py Завершение. Выполняемый шаг: Присвоить значение переменной. id: :MAZ.Rz62:ZsFDl7vQQJ
2026-05-23T16:36:03+0300 INFO: C:\Users\Ksenya\Desktop\hakaton\main\resource\03814618-ccd7-4c70-b25d-c49871b179e2\main.py Старт. Выполняемый шаг: Присвоить значение переменной. id: WBqw15|Z#}dx_{yM[UJS
2026-05-23T16:36:03+0300 INFO: C:\Users\Ksenya\Desktop\hakaton\main\resource\03814618-ccd7-4c70-b25d-c49871b179e2\main.py Выполнение. Выполняемый шаг: Присвоить значение переменной. id: WBqw15|Z#}dx_{yM[UJS
2026-05-23T16:36:03+0300 INFO: C:\Users\Ksenya\Desktop\hakaton\main\resource\03814618-ccd7-4c70-b25d-c49871b179e2\main.py Завершение. Выполняемый шаг: Присвоить значение переменной. id: WBqw15|Z#}dx_{yM[UJS
2026-05-23T16:36:03+0300 INFO: C:\Users\Ksenya\Desktop\hakaton\main\resource\03814618-ccd7-4c70-b25d-c49871b179e2\main.py Старт. Выполняемый шаг: Присвоить значение переменной. id: ZD}VS]B8yU%7IR$_1:gx
2026-05-23T16:36:03+0300 INFO: C:\Users\Ksenya\Desktop\hakaton\main\resource\03814618-ccd7-4c70-b25d-c49871b179e2\main.py Выполнение. Выполняемый шаг: Присвоить значение переменной. id: ZD}VS]B8yU%7IR$_1:gx
2026-05-23T16:36:03+0300 INFO: C:\Users\Ksenya\Desktop\hakaton\main\resource\03814618-ccd7-4c70-b25d-c49871b179e2\main.py Старт. Выполняемый шаг: Прочитать файл. id: h-7qLFMP}Ex#VZ)Ao@jd
2026-05-23T16:36:03+0300 INFO: C:\Users\Ksenya\Desktop\hakaton\main\resource\03814618-ccd7-4c70-b25d-c49871b179e2\main.py Завершение. Выполняемый шаг: Прочитать файл. id: h-7qLFMP}Ex#VZ)Ao@jd
2026-05-23T16:36:03+0300 INFO: C:\Users\Ksenya\Desktop\hakaton\main\resource\03814618-ccd7-4c70-b25d-c49871b179e2\main.py Завершение. Выполняемый шаг: Присвоить значение переменной. id: ZD}VS]B8yU%7IR$_1:gx
2026-05-23T16:36:03+0300 INFO: C:\Users\Ksenya\Desktop\hakaton\main\resource\03814618-ccd7-4c70-b25d-c49871b179e2\main.py Старт. Выполняемый шаг: Присвоить значение переменной. id: ^0R|78#C*6Lo31|B;%K9
2026-05-23T16:36:03+0300 INFO: C:\Users\Ksenya\Desktop\hakaton\main\resource\03814618-ccd7-4c70-b25d-c49871b179e2\main.py Выполнение. Выполняемый шаг: Присвоить значение переменной. id: ^0R|78#C*6Lo31|B;%K9
2026-05-23T16:36:03+0300 INFO: C:\Users\Ksenya\Desktop\hakaton\main\resource\03814618-ccd7-4c70-b25d-c49871b179e2\main.py Завершение. Выполняемый шаг: Присвоить значение переменной. id: ^0R|78#C*6Lo31|B;%K9
2026-05-23T16:36:03+0300 INFO: C:\Users\Ksenya\Desktop\hakaton\main\resource\03814618-ccd7-4c70-b25d-c49871b179e2\main.py Старт. Выполняемый шаг: Присвоить значение переменной. id: {Y3[LIYCU-/HNVs!NERe
2026-05-23T16:36:03+0300 INFO: C:\Users\Ksenya\Desktop\hakaton\main\resource\03814618-ccd7-4c70-b25d-c49871b179e2\main.py Выполнение. Выполняемый шаг: Присвоить значение переменной. id: {Y3[LIYCU-/HNVs!NERe
2026-05-23T16:36:03+0300 INFO: C:\Users\Ksenya\Desktop\hakaton\main\resource\03814618-ccd7-4c70-b25d-c49871b179e2\main.py Старт. Выполняемый шаг: Преобразовать дату. id: yIzw35kV+o$aK/*W)TAR
2026-05-23T16:36:03+0300 INFO: C:\Users\Ksenya\Desktop\hakaton\main\resource\03814618-ccd7-4c70-b25d-c49871b179e2\main.py Завершение. Выполняемый шаг: Преобразовать дату. id: yIzw35kV+o$aK/*W)TAR
2026-05-23T16:36:03+0300 INFO: C:\Users\Ksenya\Desktop\hakaton\main\resource\03814618-ccd7-4c70-b25d-c49871b179e2\main.py Завершение. Выполняемый шаг: Присвоить значение переменной. id: {Y3[LIYCU-/HNVs!NERe
2026-05-23T16:36:03+0300 INFO: C:\Users\Ksenya\Desktop\hakaton\main\resource\03814618-ccd7-4c70-b25d-c49871b179e2\main.py Старт. Выполняемый шаг: Присвоить значение переменной. id: p$O:QoI+|4ux$8{ysFr:
2026-05-23T16:36:03+0300 INFO: C:\Users\Ksenya\Desktop\hakaton\main\resource\03814618-ccd7-4c70-b25d-c49871b179e2\main.py Выполнение. Выполняемый шаг: Присвоить значение переменной. id: p$O:QoI+|4ux$8{ysFr:
2026-05-23T16:36:03+0300 INFO: C:\Users\Ksenya\Desktop\hakaton\main\resource\03814618-ccd7-4c70-b25d-c49871b179e2\main.py Завершение. Выполняемый шаг: Присвоить значение переменной. id: p$O:QoI+|4ux$8{ysFr:
2026-05-23T16:36:03+0300 INFO: C:\Users\Ksenya\Desktop\hakaton\main\resource\03814618-ccd7-4c70-b25d-c49871b179e2\main.py Старт. Выполняемый шаг: Присвоить значение переменной. id: ~|`}hQkYrPr!yvRWehM_
2026-05-23T16:36:03+0300 INFO: C:\Users\Ksenya\Desktop\hakaton\main\resource\03814618-ccd7-4c70-b25d-c49871b179e2\main.py Выполнение. Выполняемый шаг: Присвоить значение переменной. id: ~|`}hQkYrPr!yvRWehM_
2026-05-23T16:36:03+0300 INFO: C:\Users\Ksenya\Desktop\hakaton\main\resource\03814618-ccd7-4c70-b25d-c49871b179e2\main.py Старт. Выполняемый шаг: Преобразовать дату. id: y@cWp{?HPKMT0X6Rp6I$
2026-05-23T16:36:03+0300 INFO: C:\Users\Ksenya\Desktop\hakaton\main\resource\03814618-ccd7-4c70-b25d-c49871b179e2\main.py Завершение. Выполняемый шаг: Преобразовать дату. id: y@cWp{?HPKMT0X6Rp6I$
2026-05-23T16:36:03+0300 INFO: C:\Users\Ksenya\Desktop\hakaton\main\resource\03814618-ccd7-4c70-b25d-c49871b179e2\main.py Завершение. Выполняемый шаг: Присвоить значение переменной. id: ~|`}hQkYrPr!yvRWehM_
2026-05-23T16:36:03+0300 INFO: C:\Users\Ksenya\Desktop\hakaton\main\resource\03814618-ccd7-4c70-b25d-c49871b179e2\main.py Старт. Выполняемый шаг: Присвоить значение переменной. id: ]Nwow_`34-zY1snYsMa=
2026-05-23T16:36:03+0300 INFO: C:\Users\Ksenya\Desktop\hakaton\main\resource\03814618-ccd7-4c70-b25d-c49871b179e2\main.py Выполнение. Выполняемый шаг: Присвоить значение переменной. id: ]Nwow_`34-zY1snYsMa=
2026-05-23T16:36:03+0300 INFO: C:\Users\Ksenya\Desktop\hakaton\main\resource\03814618-ccd7-4c70-b25d-c49871b179e2\main.py Завершение. Выполняемый шаг: Присвоить значение переменной. id: ]Nwow_`34-zY1snYsMa=
2026-05-23T16:36:03+0300 INFO: C:\Users\Ksenya\Desktop\hakaton\main\resource\03814618-ccd7-4c70-b25d-c49871b179e2\main.py Старт. Выполняемый шаг: Присвоить значение переменной. id: 7qHD^~+B#bUSw)9hi;V5
2026-05-23T16:36:03+0300 INFO: C:\Users\Ksenya\Desktop\hakaton\main\resource\03814618-ccd7-4c70-b25d-c49871b179e2\main.py Выполнение. Выполняемый шаг: Присвоить значение переменной. id: 7qHD^~+B#bUSw)9hi;V5
2026-05-23T16:36:03+0300 INFO: C:\Users\Ksenya\Desktop\hakaton\main\resource\03814618-ccd7-4c70-b25d-c49871b179e2\main.py Завершение. Выполняемый шаг: Присвоить значение переменной. id: 7qHD^~+B#bUSw)9hi;V5
2026-05-23T16:36:03+0300 INFO: C:\Users\Ksenya\Desktop\hakaton\main\resource\03814618-ccd7-4c70-b25d-c49871b179e2\main.py Старт. Выполняемый шаг: Присвоить значение переменной. id: 3oGjmJ`CaVRVz9#qu*_m
2026-05-23T16:36:03+0300 INFO: C:\Users\Ksenya\Desktop\hakaton\main\resource\03814618-ccd7-4c70-b25d-c49871b179e2\main.py Выполнение. Выполняемый шаг: Присвоить значение переменной. id: 3oGjmJ`CaVRVz9#qu*_m
2026-05-23T16:36:03+0300 INFO: C:\Users\Ksenya\Desktop\hakaton\main\resource\03814618-ccd7-4c70-b25d-c49871b179e2\main.py Завершение. Выполняемый шаг: Присвоить значение переменной. id: 3oGjmJ`CaVRVz9#qu*_m
2026-05-23T16:36:03+0300 INFO: C:\Users\Ksenya\Desktop\hakaton\main\resource\03814618-ccd7-4c70-b25d-c49871b179e2\main.py Старт. Выполняемый шаг: Присвоить значение переменной. id: :kF]*7FA#}yI!L)At3D0
2026-05-23T16:36:03+0300 INFO: C:\Users\Ksenya\Desktop\hakaton\main\resource\03814618-ccd7-4c70-b25d-c49871b179e2\main.py Выполнение. Выполняемый шаг: Присвоить значение переменной. id: :kF]*7FA#}yI!L)At3D0
2026-05-23T16:36:03+0300 INFO: C:\Users\Ksenya\Desktop\hakaton\main\resource\03814618-ccd7-4c70-b25d-c49871b179e2\main.py Завершение. Выполняемый шаг: Присвоить значение переменной. id: :kF]*7FA#}yI!L)At3D0
2026-05-23T16:36:03+0300 INFO: C:\Users\Ksenya\Desktop\hakaton\main\resource\03814618-ccd7-4c70-b25d-c49871b179e2\main.py Отправляю запрос в 1С
2026-05-23T16:36:03+0300 INFO: C:\Users\Ksenya\Desktop\hakaton\main\resource\03814618-ccd7-4c70-b25d-c49871b179e2\main.py Старт. Выполняемый шаг: Присвоить значение переменной. id: 5Ew%Wt$JK+7d7TXLxId_
2026-05-23T16:36:03+0300 INFO: C:\Users\Ksenya\Desktop\hakaton\main\resource\03814618-ccd7-4c70-b25d-c49871b179e2\main.py Выполнение. Выполняемый шаг: Присвоить значение переменной. id: 5Ew%Wt$JK+7d7TXLxId_
2026-05-23T16:36:03+0300 INFO: C:\Users\Ksenya\Desktop\hakaton\main\resource\03814618-ccd7-4c70-b25d-c49871b179e2\main.py Старт. Выполняемый шаг: Создать сессию браузера. id: 4#bM-7PYt%bTkrSh8bfZ
2026-05-23T16:36:09+0300 INFO: C:\Users\Ksenya\Desktop\hakaton\main\resource\03814618-ccd7-4c70-b25d-c49871b179e2\main.py Завершение. Выполняемый шаг: Создать сессию браузера. id: 4#bM-7PYt%bTkrSh8bfZ
2026-05-23T16:36:09+0300 INFO: C:\Users\Ksenya\Desktop\hakaton\main\resource\03814618-ccd7-4c70-b25d-c49871b179e2\main.py Завершение. Выполняемый шаг: Присвоить значение переменной. id: 5Ew%Wt$JK+7d7TXLxId_
2026-05-23T16:36:09+0300 INFO: C:\Users\Ksenya\Desktop\hakaton\main\resource\03814618-ccd7-4c70-b25d-c49871b179e2\main.py Старт. Выполняемый шаг: Открыть страницу в браузере. id: _{QT4zD{Fqs69!/:|#zp
2026-05-23T16:36:09+0300 INFO: C:\Users\Ksenya\Desktop\hakaton\main\resource\03814618-ccd7-4c70-b25d-c49871b179e2\main.py Выполнение. Выполняемый шаг: Открыть страницу в браузере. id: _{QT4zD{Fqs69!/:|#zp
2026-05-23T16:36:12+0300 INFO: C:\Users\Ksenya\Desktop\hakaton\main\resource\03814618-ccd7-4c70-b25d-c49871b179e2\main.py Завершение. Выполняемый шаг: Открыть страницу в браузере. id: _{QT4zD{Fqs69!/:|#zp
2026-05-23T16:36:12+0300 INFO: C:\Users\Ksenya\Desktop\hakaton\main\resource\03814618-ccd7-4c70-b25d-c49871b179e2\main.py Старт. Выполняемый шаг: Задержка. id: ??=,o)g^!HRb+gO2+Wzh
2026-05-23T16:36:12+0300 INFO: C:\Users\Ksenya\Desktop\hakaton\main\resource\03814618-ccd7-4c70-b25d-c49871b179e2\main.py Выполнение. Выполняемый шаг: Задержка. id: ??=,o)g^!HRb+gO2+Wzh
2026-05-23T16:36:12+0300 INFO: C:\Users\Ksenya\Desktop\hakaton\main\resource\03814618-ccd7-4c70-b25d-c49871b179e2\main.py Старт. Выполняемый шаг: Преобразовать строку в число. id: {Rsp$JX%Cwa].U=6UmD=
2026-05-23T16:36:12+0300 INFO: C:\Users\Ksenya\Desktop\hakaton\main\resource\03814618-ccd7-4c70-b25d-c49871b179e2\main.py Завершение. Выполняемый шаг: Преобразовать строку в число. id: {Rsp$JX%Cwa].U=6UmD=
2026-05-23T16:36:15+0300 INFO: C:\Users\Ksenya\Desktop\hakaton\main\resource\03814618-ccd7-4c70-b25d-c49871b179e2\main.py Завершение. Выполняемый шаг: Задержка. id: ??=,o)g^!HRb+gO2+Wzh
2026-05-23T16:36:15+0300 INFO: C:\Users\Ksenya\Desktop\hakaton\main\resource\03814618-ccd7-4c70-b25d-c49871b179e2\main.py Старт. Выполняемый шаг: Клик по Web-элементу. id: EBp7HZH}x+19aqf!)2/)
2026-05-23T16:36:15+0300 INFO: C:\Users\Ksenya\Desktop\hakaton\main\resource\03814618-ccd7-4c70-b25d-c49871b179e2\main.py Выполнение. Выполняемый шаг: Клик по Web-элементу. id: EBp7HZH}x+19aqf!)2/)
2026-05-23T16:36:15+0300 INFO: C:\Users\Ksenya\Desktop\hakaton\main\resource\03814618-ccd7-4c70-b25d-c49871b179e2\main.py Завершение. Выполняемый шаг: Клик по Web-элементу. id: EBp7HZH}x+19aqf!)2/)
2026-05-23T16:36:15+0300 INFO: C:\Users\Ksenya\Desktop\hakaton\main\resource\03814618-ccd7-4c70-b25d-c49871b179e2\main.py Старт. Выполняемый шаг: Ввод в веб-сайт. id: %w9B]^SDY]u6w8A[VN]B
2026-05-23T16:36:15+0300 INFO: C:\Users\Ksenya\Desktop\hakaton\main\resource\03814618-ccd7-4c70-b25d-c49871b179e2\main.py Выполнение. Выполняемый шаг: Ввод в веб-сайт. id: %w9B]^SDY]u6w8A[VN]B
2026-05-23T16:36:15+0300 INFO: C:\Users\Ksenya\Desktop\hakaton\main\resource\03814618-ccd7-4c70-b25d-c49871b179e2\main.py Завершение. Выполняемый шаг: Ввод в веб-сайт. id: %w9B]^SDY]u6w8A[VN]B
2026-05-23T16:36:15+0300 INFO: C:\Users\Ksenya\Desktop\hakaton\main\resource\03814618-ccd7-4c70-b25d-c49871b179e2\main.py Старт. Выполняемый шаг: Клик по Web-элементу. id: H6A$`ZrfUnP;M.)V!gP%
2026-05-23T16:36:15+0300 INFO: C:\Users\Ksenya\Desktop\hakaton\main\resource\03814618-ccd7-4c70-b25d-c49871b179e2\main.py Выполнение. Выполняемый шаг: Клик по Web-элементу. id: H6A$`ZrfUnP;M.)V!gP%
2026-05-23T16:36:15+0300 INFO: C:\Users\Ksenya\Desktop\hakaton\main\resource\03814618-ccd7-4c70-b25d-c49871b179e2\main.py Завершение. Выполняемый шаг: Клик по Web-элементу. id: H6A$`ZrfUnP;M.)V!gP%
2026-05-23T16:36:15+0300 INFO: C:\Users\Ksenya\Desktop\hakaton\main\resource\03814618-ccd7-4c70-b25d-c49871b179e2\main.py Старт. Выполняемый шаг: Ввод в веб-сайт. id: y:}|lxK((=67v}qu8Ym-
2026-05-23T16:36:15+0300 INFO: C:\Users\Ksenya\Desktop\hakaton\main\resource\03814618-ccd7-4c70-b25d-c49871b179e2\main.py Выполнение. Выполняемый шаг: Ввод в веб-сайт. id: y:}|lxK((=67v}qu8Ym-
2026-05-23T16:36:16+0300 INFO: C:\Users\Ksenya\Desktop\hakaton\main\resource\03814618-ccd7-4c70-b25d-c49871b179e2\main.py Завершение. Выполняемый шаг: Ввод в веб-сайт. id: y:}|lxK((=67v}qu8Ym-
2026-05-23T16:36:16+0300 INFO: C:\Users\Ksenya\Desktop\hakaton\main\resource\03814618-ccd7-4c70-b25d-c49871b179e2\main.py Старт. Выполняемый шаг: Клик по Web-элементу. id: [Q2@mu?#NQ2xEX2OXYF$
2026-05-23T16:36:16+0300 INFO: C:\Users\Ksenya\Desktop\hakaton\main\resource\03814618-ccd7-4c70-b25d-c49871b179e2\main.py Выполнение. Выполняемый шаг: Клик по Web-элементу. id: [Q2@mu?#NQ2xEX2OXYF$
2026-05-23T16:36:16+0300 INFO: C:\Users\Ksenya\Desktop\hakaton\main\resource\03814618-ccd7-4c70-b25d-c49871b179e2\main.py Завершение. Выполняемый шаг: Клик по Web-элементу. id: [Q2@mu?#NQ2xEX2OXYF$
2026-05-23T16:36:16+0300 INFO: C:\Users\Ksenya\Desktop\hakaton\main\resource\03814618-ccd7-4c70-b25d-c49871b179e2\main.py Старт. Выполняемый шаг: Задержка. id: `^?P,o-StU!YIwW:*51`
2026-05-23T16:36:16+0300 INFO: C:\Users\Ksenya\Desktop\hakaton\main\resource\03814618-ccd7-4c70-b25d-c49871b179e2\main.py Выполнение. Выполняемый шаг: Задержка. id: `^?P,o-StU!YIwW:*51`
2026-05-23T16:36:16+0300 INFO: C:\Users\Ksenya\Desktop\hakaton\main\resource\03814618-ccd7-4c70-b25d-c49871b179e2\main.py Старт. Выполняемый шаг: Преобразовать строку в число. id: uw`j?F`+X9C3RI;{kpUw
2026-05-23T16:36:16+0300 INFO: C:\Users\Ksenya\Desktop\hakaton\main\resource\03814618-ccd7-4c70-b25d-c49871b179e2\main.py Завершение. Выполняемый шаг: Преобразовать строку в число. id: uw`j?F`+X9C3RI;{kpUw
2026-05-23T16:36:36+0300 INFO: C:\Users\Ksenya\Desktop\hakaton\main\resource\03814618-ccd7-4c70-b25d-c49871b179e2\main.py Завершение. Выполняемый шаг: Задержка. id: `^?P,o-StU!YIwW:*51`
2026-05-23T16:36:36+0300 INFO: C:\Users\Ksenya\Desktop\hakaton\main\resource\03814618-ccd7-4c70-b25d-c49871b179e2\main.py Старт. Выполняемый шаг: Клик по Web-элементу. id: !*p3azK$H5lkwE@DW$s_
2026-05-23T16:36:36+0300 INFO: C:\Users\Ksenya\Desktop\hakaton\main\resource\03814618-ccd7-4c70-b25d-c49871b179e2\main.py Выполнение. Выполняемый шаг: Клик по Web-элементу. id: !*p3azK$H5lkwE@DW$s_
2026-05-23T16:36:36+0300 INFO: C:\Users\Ksenya\Desktop\hakaton\main\resource\03814618-ccd7-4c70-b25d-c49871b179e2\main.py Завершение. Выполняемый шаг: Клик по Web-элементу. id: !*p3azK$H5lkwE@DW$s_
2026-05-23T16:36:36+0300 INFO: C:\Users\Ksenya\Desktop\hakaton\main\resource\03814618-ccd7-4c70-b25d-c49871b179e2\main.py Старт. Выполняемый шаг: Клик по Web-элементу. id: ]8Xi8xyWQkijnuXN/Mwn
2026-05-23T16:36:36+0300 INFO: C:\Users\Ksenya\Desktop\hakaton\main\resource\03814618-ccd7-4c70-b25d-c49871b179e2\main.py Выполнение. Выполняемый шаг: Клик по Web-элементу. id: ]8Xi8xyWQkijnuXN/Mwn
2026-05-23T16:36:37+0300 INFO: C:\Users\Ksenya\Desktop\hakaton\main\resource\03814618-ccd7-4c70-b25d-c49871b179e2\main.py Завершение. Выполняемый шаг: Клик по Web-элементу. id: ]8Xi8xyWQkijnuXN/Mwn
2026-05-23T16:36:37+0300 INFO: C:\Users\Ksenya\Desktop\hakaton\main\resource\03814618-ccd7-4c70-b25d-c49871b179e2\main.py Старт. Выполняемый шаг: Ввод в 1C-веб. id: GY)ZR_u4zf.~_0inu*)x
2026-05-23T16:36:37+0300 INFO: C:\Users\Ksenya\Desktop\hakaton\main\resource\03814618-ccd7-4c70-b25d-c49871b179e2\main.py Выполнение. Выполняемый шаг: Ввод в 1C-веб. id: GY)ZR_u4zf.~_0inu*)x
2026-05-23T16:36:41+0300 ERROR: C:\Users\Ksenya\Desktop\hakaton\main\resource\03814618-ccd7-4c70-b25d-c49871b179e2\main.py Ошибка выполнения робота
2026-05-23T16:36:41+0300 INFO: C:\Users\Ksenya\Desktop\hakaton\main\resource\03814618-ccd7-4c70-b25d-c49871b179e2\main.py Завершение. Выполняемый шаг: Обработка ошибки. id: E(ohZ?TiZWX5;}Gqu-r,
2026-05-23T16:36:41+0300 INFO: C:\Users\Ksenya\Desktop\hakaton\main\resource\03814618-ccd7-4c70-b25d-c49871b179e2\main.py Старт. Выполняемый шаг: Клик по Web-элементу. id: @7-:CNPv,N:LCj9;cz^V
2026-05-23T16:36:41+0300 INFO: C:\Users\Ksenya\Desktop\hakaton\main\resource\03814618-ccd7-4c70-b25d-c49871b179e2\main.py Выполнение. Выполняемый шаг: Клик по Web-элементу. id: @7-:CNPv,N:LCj9;cz^V
2026-05-23T16:36:41+0300 INFO: C:\Users\Ksenya\Desktop\hakaton\main\resource\03814618-ccd7-4c70-b25d-c49871b179e2\main.py Завершение. Выполняемый шаг: Клик по Web-элементу. id: @7-:CNPv,N:LCj9;cz^V
2026-05-23T16:36:41+0300 INFO: C:\Users\Ksenya\Desktop\hakaton\main\resource\03814618-ccd7-4c70-b25d-c49871b179e2\main.py Старт. Выполняемый шаг: Ввод горячих клавиш в веб-сайт. id: 8/zHO%G~o51XJG!Ynu*-
2026-05-23T16:36:41+0300 INFO: C:\Users\Ksenya\Desktop\hakaton\main\resource\03814618-ccd7-4c70-b25d-c49871b179e2\main.py Выполнение. Выполняемый шаг: Ввод горячих клавиш в веб-сайт. id: 8/zHO%G~o51XJG!Ynu*-
2026-05-23T16:36:41+0300 INFO: C:\Users\Ksenya\Desktop\hakaton\main\resource\03814618-ccd7-4c70-b25d-c49871b179e2\main.py Завершение. Выполняемый шаг: Ввод горячих клавиш в веб-сайт. id: 8/zHO%G~o51XJG!Ynu*-
2026-05-23T16:36:41+0300 INFO: C:\Users\Ksenya\Desktop\hakaton\main\resource\03814618-ccd7-4c70-b25d-c49871b179e2\main.py Старт. Выполняемый шаг: Ввод в веб-сайт. id: aMkpq4ydQ^Cz@34Z(V3x
2026-05-23T16:36:41+0300 INFO: C:\Users\Ksenya\Desktop\hakaton\main\resource\03814618-ccd7-4c70-b25d-c49871b179e2\main.py Выполнение. Выполняемый шаг: Ввод в веб-сайт. id: aMkpq4ydQ^Cz@34Z(V3x
2026-05-23T16:36:41+0300 INFO: C:\Users\Ksenya\Desktop\hakaton\main\resource\03814618-ccd7-4c70-b25d-c49871b179e2\main.py Завершение. Выполняемый шаг: Ввод в веб-сайт. id: aMkpq4ydQ^Cz@34Z(V3x
2026-05-23T16:36:41+0300 INFO: C:\Users\Ksenya\Desktop\hakaton\main\resource\03814618-ccd7-4c70-b25d-c49871b179e2\main.py Старт. Выполняемый шаг: Клик по Web-элементу. id: wxRx5H*x!wJc?~mRAGHs
2026-05-23T16:36:41+0300 INFO: C:\Users\Ksenya\Desktop\hakaton\main\resource\03814618-ccd7-4c70-b25d-c49871b179e2\main.py Выполнение. Выполняемый шаг: Клик по Web-элементу. id: wxRx5H*x!wJc?~mRAGHs
2026-05-23T16:36:42+0300 INFO: C:\Users\Ksenya\Desktop\hakaton\main\resource\03814618-ccd7-4c70-b25d-c49871b179e2\main.py Завершение. Выполняемый шаг: Клик по Web-элементу. id: wxRx5H*x!wJc?~mRAGHs
2026-05-23T16:36:42+0300 INFO: C:\Users\Ksenya\Desktop\hakaton\main\resource\03814618-ccd7-4c70-b25d-c49871b179e2\main.py Старт. Выполняемый шаг: Ввод горячих клавиш в веб-сайт. id: L7LeB4+FWj$5N{.!ddBy
2026-05-23T16:36:42+0300 INFO: C:\Users\Ksenya\Desktop\hakaton\main\resource\03814618-ccd7-4c70-b25d-c49871b179e2\main.py Выполнение. Выполняемый шаг: Ввод горячих клавиш в веб-сайт. id: L7LeB4+FWj$5N{.!ddBy
2026-05-23T16:36:42+0300 INFO: C:\Users\Ksenya\Desktop\hakaton\main\resource\03814618-ccd7-4c70-b25d-c49871b179e2\main.py Завершение. Выполняемый шаг: Ввод горячих клавиш в веб-сайт. id: L7LeB4+FWj$5N{.!ddBy
2026-05-23T16:36:42+0300 INFO: C:\Users\Ksenya\Desktop\hakaton\main\resource\03814618-ccd7-4c70-b25d-c49871b179e2\main.py Старт. Выполняемый шаг: Ввод в веб-сайт. id: e+Ee_w-]LW^OGD!#4RLi
2026-05-23T16:36:42+0300 INFO: C:\Users\Ksenya\Desktop\hakaton\main\resource\03814618-ccd7-4c70-b25d-c49871b179e2\main.py Выполнение. Выполняемый шаг: Ввод в веб-сайт. id: e+Ee_w-]LW^OGD!#4RLi
2026-05-23T16:36:42+0300 INFO: C:\Users\Ksenya\Desktop\hakaton\main\resource\03814618-ccd7-4c70-b25d-c49871b179e2\main.py Завершение. Выполняемый шаг: Ввод в веб-сайт. id: e+Ee_w-]LW^OGD!#4RLi
2026-05-23T16:36:42+0300 INFO: C:\Users\Ksenya\Desktop\hakaton\main\resource\03814618-ccd7-4c70-b25d-c49871b179e2\main.py Старт. Выполняемый шаг: Клик по Web-элементу. id: P#C9F|{6[rvIajcS#B0?
2026-05-23T16:36:42+0300 INFO: C:\Users\Ksenya\Desktop\hakaton\main\resource\03814618-ccd7-4c70-b25d-c49871b179e2\main.py Выполнение. Выполняемый шаг: Клик по Web-элементу. id: P#C9F|{6[rvIajcS#B0?
2026-05-23T16:36:42+0300 INFO: C:\Users\Ksenya\Desktop\hakaton\main\resource\03814618-ccd7-4c70-b25d-c49871b179e2\main.py Завершение. Выполняемый шаг: Клик по Web-элементу. id: P#C9F|{6[rvIajcS#B0?
2026-05-23T16:36:42+0300 INFO: C:\Users\Ksenya\Desktop\hakaton\main\resource\03814618-ccd7-4c70-b25d-c49871b179e2\main.py Старт. Выполняемый шаг: Ввод горячих клавиш в веб-сайт. id: $IJ]qw/qBe.wqoPy$1ag
2026-05-23T16:36:42+0300 INFO: C:\Users\Ksenya\Desktop\hakaton\main\resource\03814618-ccd7-4c70-b25d-c49871b179e2\main.py Выполнение. Выполняемый шаг: Ввод горячих клавиш в веб-сайт. id: $IJ]qw/qBe.wqoPy$1ag
2026-05-23T16:36:42+0300 INFO: C:\Users\Ksenya\Desktop\hakaton\main\resource\03814618-ccd7-4c70-b25d-c49871b179e2\main.py Завершение. Выполняемый шаг: Ввод горячих клавиш в веб-сайт. id: $IJ]qw/qBe.wqoPy$1ag
2026-05-23T16:36:42+0300 INFO: C:\Users\Ksenya\Desktop\hakaton\main\resource\03814618-ccd7-4c70-b25d-c49871b179e2\main.py Старт. Выполняемый шаг: Ввод в веб-сайт. id: 6k_0mXu,)P1r8zGe`]*M
2026-05-23T16:36:42+0300 INFO: C:\Users\Ksenya\Desktop\hakaton\main\resource\03814618-ccd7-4c70-b25d-c49871b179e2\main.py Выполнение. Выполняемый шаг: Ввод в веб-сайт. id: 6k_0mXu,)P1r8zGe`]*M
2026-05-23T16:36:42+0300 INFO: C:\Users\Ksenya\Desktop\hakaton\main\resource\03814618-ccd7-4c70-b25d-c49871b179e2\main.py Завершение. Выполняемый шаг: Ввод в веб-сайт. id: 6k_0mXu,)P1r8zGe`]*M
2026-05-23T16:36:42+0300 INFO: Завершение работы робота: C:\Users\Ksenya\Desktop\hakaton\main\resource\03814618-ccd7-4c70-b25d-c49871b179e2\main.py
2026-05-23T16:38:33+0300 INFO: Старт робота: C:\Users\Ksenya\Desktop\hakaton\main\resource\95a2d020-a211-4bf5-a94d-031cb5dd8127\main.py
2026-05-23T16:38:33+0300 INFO: C:\Users\Ksenya\Desktop\hakaton\main\resource\95a2d020-a211-4bf5-a94d-031cb5dd8127\main.py Старт. Выполняемый шаг: Обработка ошибки. id: E(ohZ?TiZWX5;}Gqu-r,
2026-05-23T16:38:34+0300 INFO: C:\Users\Ksenya\Desktop\hakaton\main\resource\95a2d020-a211-4bf5-a94d-031cb5dd8127\main.py Выполнение. Выполняемый шаг: Обработка ошибки. id: E(ohZ?TiZWX5;}Gqu-r,
2026-05-23T16:38:34+0300 INFO: C:\Users\Ksenya\Desktop\hakaton\main\resource\95a2d020-a211-4bf5-a94d-031cb5dd8127\main.py Робот запущен
2026-05-23T16:38:34+0300 INFO: C:\Users\Ksenya\Desktop\hakaton\main\resource\95a2d020-a211-4bf5-a94d-031cb5dd8127\main.py Старт. Выполняемый шаг: Присвоить значение переменной. id: uT8K_dR,wNXk4m?dkCsM
2026-05-23T16:38:35+0300 INFO: C:\Users\Ksenya\Desktop\hakaton\main\resource\95a2d020-a211-4bf5-a94d-031cb5dd8127\main.py Выполнение. Выполняемый шаг: Присвоить значение переменной. id: uT8K_dR,wNXk4m?dkCsM
2026-05-23T16:38:35+0300 INFO: C:\Users\Ksenya\Desktop\hakaton\main\resource\95a2d020-a211-4bf5-a94d-031cb5dd8127\main.py Завершение. Выполняемый шаг: Присвоить значение переменной. id: uT8K_dR,wNXk4m?dkCsM
2026-05-23T16:38:35+0300 INFO: C:\Users\Ksenya\Desktop\hakaton\main\resource\95a2d020-a211-4bf5-a94d-031cb5dd8127\main.py Старт. Выполняемый шаг: Присвоить значение переменной. id: :MAZ.Rz62:ZsFDl7vQQJ
2026-05-23T16:38:35+0300 INFO: C:\Users\Ksenya\Desktop\hakaton\main\resource\95a2d020-a211-4bf5-a94d-031cb5dd8127\main.py Выполнение. Выполняемый шаг: Присвоить значение переменной. id: :MAZ.Rz62:ZsFDl7vQQJ
2026-05-23T16:38:35+0300 INFO: C:\Users\Ksenya\Desktop\hakaton\main\resource\95a2d020-a211-4bf5-a94d-031cb5dd8127\main.py Завершение. Выполняемый шаг: Присвоить значение переменной. id: :MAZ.Rz62:ZsFDl7vQQJ
2026-05-23T16:38:35+0300 INFO: C:\Users\Ksenya\Desktop\hakaton\main\resource\95a2d020-a211-4bf5-a94d-031cb5dd8127\main.py Старт. Выполняемый шаг: Присвоить значение переменной. id: WBqw15|Z#}dx_{yM[UJS
2026-05-23T16:38:35+0300 INFO: C:\Users\Ksenya\Desktop\hakaton\main\resource\95a2d020-a211-4bf5-a94d-031cb5dd8127\main.py Выполнение. Выполняемый шаг: Присвоить значение переменной. id: WBqw15|Z#}dx_{yM[UJS
2026-05-23T16:38:35+0300 INFO: C:\Users\Ksenya\Desktop\hakaton\main\resource\95a2d020-a211-4bf5-a94d-031cb5dd8127\main.py Завершение. Выполняемый шаг: Присвоить значение переменной. id: WBqw15|Z#}dx_{yM[UJS
2026-05-23T16:38:35+0300 INFO: C:\Users\Ksenya\Desktop\hakaton\main\resource\95a2d020-a211-4bf5-a94d-031cb5dd8127\main.py Старт. Выполняемый шаг: Присвоить значение переменной. id: ZD}VS]B8yU%7IR$_1:gx
2026-05-23T16:38:35+0300 INFO: C:\Users\Ksenya\Desktop\hakaton\main\resource\95a2d020-a211-4bf5-a94d-031cb5dd8127\main.py Выполнение. Выполняемый шаг: Присвоить значение переменной. id: ZD}VS]B8yU%7IR$_1:gx
2026-05-23T16:38:35+0300 INFO: C:\Users\Ksenya\Desktop\hakaton\main\resource\95a2d020-a211-4bf5-a94d-031cb5dd8127\main.py Старт. Выполняемый шаг: Прочитать файл. id: h-7qLFMP}Ex#VZ)Ao@jd
2026-05-23T16:38:35+0300 INFO: C:\Users\Ksenya\Desktop\hakaton\main\resource\95a2d020-a211-4bf5-a94d-031cb5dd8127\main.py Завершение. Выполняемый шаг: Прочитать файл. id: h-7qLFMP}Ex#VZ)Ao@jd
2026-05-23T16:38:35+0300 INFO: C:\Users\Ksenya\Desktop\hakaton\main\resource\95a2d020-a211-4bf5-a94d-031cb5dd8127\main.py Завершение. Выполняемый шаг: Присвоить значение переменной. id: ZD}VS]B8yU%7IR$_1:gx
2026-05-23T16:38:35+0300 INFO: C:\Users\Ksenya\Desktop\hakaton\main\resource\95a2d020-a211-4bf5-a94d-031cb5dd8127\main.py Старт. Выполняемый шаг: Присвоить значение переменной. id: ^0R|78#C*6Lo31|B;%K9
2026-05-23T16:38:35+0300 INFO: C:\Users\Ksenya\Desktop\hakaton\main\resource\95a2d020-a211-4bf5-a94d-031cb5dd8127\main.py Выполнение. Выполняемый шаг: Присвоить значение переменной. id: ^0R|78#C*6Lo31|B;%K9
2026-05-23T16:38:35+0300 INFO: C:\Users\Ksenya\Desktop\hakaton\main\resource\95a2d020-a211-4bf5-a94d-031cb5dd8127\main.py Завершение. Выполняемый шаг: Присвоить значение переменной. id: ^0R|78#C*6Lo31|B;%K9
2026-05-23T16:38:35+0300 INFO: C:\Users\Ksenya\Desktop\hakaton\main\resource\95a2d020-a211-4bf5-a94d-031cb5dd8127\main.py Старт. Выполняемый шаг: Присвоить значение переменной. id: {Y3[LIYCU-/HNVs!NERe
2026-05-23T16:38:35+0300 INFO: C:\Users\Ksenya\Desktop\hakaton\main\resource\95a2d020-a211-4bf5-a94d-031cb5dd8127\main.py Выполнение. Выполняемый шаг: Присвоить значение переменной. id: {Y3[LIYCU-/HNVs!NERe
2026-05-23T16:38:35+0300 INFO: C:\Users\Ksenya\Desktop\hakaton\main\resource\95a2d020-a211-4bf5-a94d-031cb5dd8127\main.py Старт. Выполняемый шаг: Преобразовать дату. id: yIzw35kV+o$aK/*W)TAR
2026-05-23T16:38:35+0300 INFO: C:\Users\Ksenya\Desktop\hakaton\main\resource\95a2d020-a211-4bf5-a94d-031cb5dd8127\main.py Завершение. Выполняемый шаг: Преобразовать дату. id: yIzw35kV+o$aK/*W)TAR
2026-05-23T16:38:35+0300 INFO: C:\Users\Ksenya\Desktop\hakaton\main\resource\95a2d020-a211-4bf5-a94d-031cb5dd8127\main.py Завершение. Выполняемый шаг: Присвоить значение переменной. id: {Y3[LIYCU-/HNVs!NERe
2026-05-23T16:38:35+0300 INFO: C:\Users\Ksenya\Desktop\hakaton\main\resource\95a2d020-a211-4bf5-a94d-031cb5dd8127\main.py Старт. Выполняемый шаг: Присвоить значение переменной. id: p$O:QoI+|4ux$8{ysFr:
2026-05-23T16:38:35+0300 INFO: C:\Users\Ksenya\Desktop\hakaton\main\resource\95a2d020-a211-4bf5-a94d-031cb5dd8127\main.py Выполнение. Выполняемый шаг: Присвоить значение переменной. id: p$O:QoI+|4ux$8{ysFr:
2026-05-23T16:38:35+0300 INFO: C:\Users\Ksenya\Desktop\hakaton\main\resource\95a2d020-a211-4bf5-a94d-031cb5dd8127\main.py Завершение. Выполняемый шаг: Присвоить значение переменной. id: p$O:QoI+|4ux$8{ysFr:
2026-05-23T16:38:35+0300 INFO: C:\Users\Ksenya\Desktop\hakaton\main\resource\95a2d020-a211-4bf5-a94d-031cb5dd8127\main.py Старт. Выполняемый шаг: Присвоить значение переменной. id: ~|`}hQkYrPr!yvRWehM_
2026-05-23T16:38:35+0300 INFO: C:\Users\Ksenya\Desktop\hakaton\main\resource\95a2d020-a211-4bf5-a94d-031cb5dd8127\main.py Выполнение. Выполняемый шаг: Присвоить значение переменной. id: ~|`}hQkYrPr!yvRWehM_
2026-05-23T16:38:35+0300 INFO: C:\Users\Ksenya\Desktop\hakaton\main\resource\95a2d020-a211-4bf5-a94d-031cb5dd8127\main.py Старт. Выполняемый шаг: Преобразовать дату. id: y@cWp{?HPKMT0X6Rp6I$
2026-05-23T16:38:35+0300 INFO: C:\Users\Ksenya\Desktop\hakaton\main\resource\95a2d020-a211-4bf5-a94d-031cb5dd8127\main.py Завершение. Выполняемый шаг: Преобразовать дату. id: y@cWp{?HPKMT0X6Rp6I$
2026-05-23T16:38:35+0300 INFO: C:\Users\Ksenya\Desktop\hakaton\main\resource\95a2d020-a211-4bf5-a94d-031cb5dd8127\main.py Завершение. Выполняемый шаг: Присвоить значение переменной. id: ~|`}hQkYrPr!yvRWehM_
2026-05-23T16:38:35+0300 INFO: C:\Users\Ksenya\Desktop\hakaton\main\resource\95a2d020-a211-4bf5-a94d-031cb5dd8127\main.py Старт. Выполняемый шаг: Присвоить значение переменной. id: ]Nwow_`34-zY1snYsMa=
2026-05-23T16:38:35+0300 INFO: C:\Users\Ksenya\Desktop\hakaton\main\resource\95a2d020-a211-4bf5-a94d-031cb5dd8127\main.py Выполнение. Выполняемый шаг: Присвоить значение переменной. id: ]Nwow_`34-zY1snYsMa=
2026-05-23T16:38:35+0300 INFO: C:\Users\Ksenya\Desktop\hakaton\main\resource\95a2d020-a211-4bf5-a94d-031cb5dd8127\main.py Завершение. Выполняемый шаг: Присвоить значение переменной. id: ]Nwow_`34-zY1snYsMa=
2026-05-23T16:38:35+0300 INFO: C:\Users\Ksenya\Desktop\hakaton\main\resource\95a2d020-a211-4bf5-a94d-031cb5dd8127\main.py Старт. Выполняемый шаг: Присвоить значение переменной. id: 7qHD^~+B#bUSw)9hi;V5
2026-05-23T16:38:35+0300 INFO: C:\Users\Ksenya\Desktop\hakaton\main\resource\95a2d020-a211-4bf5-a94d-031cb5dd8127\main.py Выполнение. Выполняемый шаг: Присвоить значение переменной. id: 7qHD^~+B#bUSw)9hi;V5
2026-05-23T16:38:35+0300 INFO: C:\Users\Ksenya\Desktop\hakaton\main\resource\95a2d020-a211-4bf5-a94d-031cb5dd8127\main.py Завершение. Выполняемый шаг: Присвоить значение переменной. id: 7qHD^~+B#bUSw)9hi;V5
2026-05-23T16:38:35+0300 INFO: C:\Users\Ksenya\Desktop\hakaton\main\resource\95a2d020-a211-4bf5-a94d-031cb5dd8127\main.py Старт. Выполняемый шаг: Присвоить значение переменной. id: 3oGjmJ`CaVRVz9#qu*_m
2026-05-23T16:38:35+0300 INFO: C:\Users\Ksenya\Desktop\hakaton\main\resource\95a2d020-a211-4bf5-a94d-031cb5dd8127\main.py Выполнение. Выполняемый шаг: Присвоить значение переменной. id: 3oGjmJ`CaVRVz9#qu*_m
2026-05-23T16:38:35+0300 INFO: C:\Users\Ksenya\Desktop\hakaton\main\resource\95a2d020-a211-4bf5-a94d-031cb5dd8127\main.py Завершение. Выполняемый шаг: Присвоить значение переменной. id: 3oGjmJ`CaVRVz9#qu*_m
2026-05-23T16:38:35+0300 INFO: C:\Users\Ksenya\Desktop\hakaton\main\resource\95a2d020-a211-4bf5-a94d-031cb5dd8127\main.py Старт. Выполняемый шаг: Присвоить значение переменной. id: :kF]*7FA#}yI!L)At3D0
2026-05-23T16:38:35+0300 INFO: C:\Users\Ksenya\Desktop\hakaton\main\resource\95a2d020-a211-4bf5-a94d-031cb5dd8127\main.py Выполнение. Выполняемый шаг: Присвоить значение переменной. id: :kF]*7FA#}yI!L)At3D0
2026-05-23T16:38:35+0300 INFO: C:\Users\Ksenya\Desktop\hakaton\main\resource\95a2d020-a211-4bf5-a94d-031cb5dd8127\main.py Завершение. Выполняемый шаг: Присвоить значение переменной. id: :kF]*7FA#}yI!L)At3D0
2026-05-23T16:38:35+0300 INFO: C:\Users\Ksenya\Desktop\hakaton\main\resource\95a2d020-a211-4bf5-a94d-031cb5dd8127\main.py Отправляю запрос в 1С
2026-05-23T16:38:35+0300 INFO: C:\Users\Ksenya\Desktop\hakaton\main\resource\95a2d020-a211-4bf5-a94d-031cb5dd8127\main.py Старт. Выполняемый шаг: Присвоить значение переменной. id: 5Ew%Wt$JK+7d7TXLxId_
2026-05-23T16:38:35+0300 INFO: C:\Users\Ksenya\Desktop\hakaton\main\resource\95a2d020-a211-4bf5-a94d-031cb5dd8127\main.py Выполнение. Выполняемый шаг: Присвоить значение переменной. id: 5Ew%Wt$JK+7d7TXLxId_
2026-05-23T16:38:35+0300 INFO: C:\Users\Ksenya\Desktop\hakaton\main\resource\95a2d020-a211-4bf5-a94d-031cb5dd8127\main.py Старт. Выполняемый шаг: Создать сессию браузера. id: 4#bM-7PYt%bTkrSh8bfZ
2026-05-23T16:38:41+0300 INFO: C:\Users\Ksenya\Desktop\hakaton\main\resource\95a2d020-a211-4bf5-a94d-031cb5dd8127\main.py Завершение. Выполняемый шаг: Создать сессию браузера. id: 4#bM-7PYt%bTkrSh8bfZ
2026-05-23T16:38:41+0300 INFO: C:\Users\Ksenya\Desktop\hakaton\main\resource\95a2d020-a211-4bf5-a94d-031cb5dd8127\main.py Завершение. Выполняемый шаг: Присвоить значение переменной. id: 5Ew%Wt$JK+7d7TXLxId_
2026-05-23T16:38:41+0300 INFO: C:\Users\Ksenya\Desktop\hakaton\main\resource\95a2d020-a211-4bf5-a94d-031cb5dd8127\main.py Старт. Выполняемый шаг: Открыть страницу в браузере. id: _{QT4zD{Fqs69!/:|#zp
2026-05-23T16:38:41+0300 INFO: C:\Users\Ksenya\Desktop\hakaton\main\resource\95a2d020-a211-4bf5-a94d-031cb5dd8127\main.py Выполнение. Выполняемый шаг: Открыть страницу в браузере. id: _{QT4zD{Fqs69!/:|#zp
2026-05-23T16:38:43+0300 INFO: C:\Users\Ksenya\Desktop\hakaton\main\resource\95a2d020-a211-4bf5-a94d-031cb5dd8127\main.py Завершение. Выполняемый шаг: Открыть страницу в браузере. id: _{QT4zD{Fqs69!/:|#zp
2026-05-23T16:38:43+0300 INFO: C:\Users\Ksenya\Desktop\hakaton\main\resource\95a2d020-a211-4bf5-a94d-031cb5dd8127\main.py Старт. Выполняемый шаг: Задержка. id: ??=,o)g^!HRb+gO2+Wzh
2026-05-23T16:38:43+0300 INFO: C:\Users\Ksenya\Desktop\hakaton\main\resource\95a2d020-a211-4bf5-a94d-031cb5dd8127\main.py Выполнение. Выполняемый шаг: Задержка. id: ??=,o)g^!HRb+gO2+Wzh
2026-05-23T16:38:43+0300 INFO: C:\Users\Ksenya\Desktop\hakaton\main\resource\95a2d020-a211-4bf5-a94d-031cb5dd8127\main.py Старт. Выполняемый шаг: Преобразовать строку в число. id: {Rsp$JX%Cwa].U=6UmD=
2026-05-23T16:38:43+0300 INFO: C:\Users\Ksenya\Desktop\hakaton\main\resource\95a2d020-a211-4bf5-a94d-031cb5dd8127\main.py Завершение. Выполняемый шаг: Преобразовать строку в число. id: {Rsp$JX%Cwa].U=6UmD=
2026-05-23T16:38:46+0300 INFO: C:\Users\Ksenya\Desktop\hakaton\main\resource\95a2d020-a211-4bf5-a94d-031cb5dd8127\main.py Завершение. Выполняемый шаг: Задержка. id: ??=,o)g^!HRb+gO2+Wzh
2026-05-23T16:38:46+0300 INFO: C:\Users\Ksenya\Desktop\hakaton\main\resource\95a2d020-a211-4bf5-a94d-031cb5dd8127\main.py Старт. Выполняемый шаг: Клик по Web-элементу. id: EBp7HZH}x+19aqf!)2/)
2026-05-23T16:38:46+0300 INFO: C:\Users\Ksenya\Desktop\hakaton\main\resource\95a2d020-a211-4bf5-a94d-031cb5dd8127\main.py Выполнение. Выполняемый шаг: Клик по Web-элементу. id: EBp7HZH}x+19aqf!)2/)
2026-05-23T16:38:47+0300 INFO: C:\Users\Ksenya\Desktop\hakaton\main\resource\95a2d020-a211-4bf5-a94d-031cb5dd8127\main.py Завершение. Выполняемый шаг: Клик по Web-элементу. id: EBp7HZH}x+19aqf!)2/)
2026-05-23T16:38:47+0300 INFO: C:\Users\Ksenya\Desktop\hakaton\main\resource\95a2d020-a211-4bf5-a94d-031cb5dd8127\main.py Старт. Выполняемый шаг: Ввод в веб-сайт. id: %w9B]^SDY]u6w8A[VN]B
2026-05-23T16:38:47+0300 INFO: C:\Users\Ksenya\Desktop\hakaton\main\resource\95a2d020-a211-4bf5-a94d-031cb5dd8127\main.py Выполнение. Выполняемый шаг: Ввод в веб-сайт. id: %w9B]^SDY]u6w8A[VN]B
2026-05-23T16:38:47+0300 INFO: C:\Users\Ksenya\Desktop\hakaton\main\resource\95a2d020-a211-4bf5-a94d-031cb5dd8127\main.py Завершение. Выполняемый шаг: Ввод в веб-сайт. id: %w9B]^SDY]u6w8A[VN]B
2026-05-23T16:38:47+0300 INFO: C:\Users\Ksenya\Desktop\hakaton\main\resource\95a2d020-a211-4bf5-a94d-031cb5dd8127\main.py Старт. Выполняемый шаг: Клик по Web-элементу. id: H6A$`ZrfUnP;M.)V!gP%
2026-05-23T16:38:47+0300 INFO: C:\Users\Ksenya\Desktop\hakaton\main\resource\95a2d020-a211-4bf5-a94d-031cb5dd8127\main.py Выполнение. Выполняемый шаг: Клик по Web-элементу. id: H6A$`ZrfUnP;M.)V!gP%
2026-05-23T16:38:47+0300 INFO: C:\Users\Ksenya\Desktop\hakaton\main\resource\95a2d020-a211-4bf5-a94d-031cb5dd8127\main.py Завершение. Выполняемый шаг: Клик по Web-элементу. id: H6A$`ZrfUnP;M.)V!gP%
2026-05-23T16:38:47+0300 INFO: C:\Users\Ksenya\Desktop\hakaton\main\resource\95a2d020-a211-4bf5-a94d-031cb5dd8127\main.py Старт. Выполняемый шаг: Ввод в веб-сайт. id: y:}|lxK((=67v}qu8Ym-
2026-05-23T16:38:47+0300 INFO: C:\Users\Ksenya\Desktop\hakaton\main\resource\95a2d020-a211-4bf5-a94d-031cb5dd8127\main.py Выполнение. Выполняемый шаг: Ввод в веб-сайт. id: y:}|lxK((=67v}qu8Ym-
2026-05-23T16:38:48+0300 INFO: C:\Users\Ksenya\Desktop\hakaton\main\resource\95a2d020-a211-4bf5-a94d-031cb5dd8127\main.py Завершение. Выполняемый шаг: Ввод в веб-сайт. id: y:}|lxK((=67v}qu8Ym-
2026-05-23T16:38:48+0300 INFO: C:\Users\Ksenya\Desktop\hakaton\main\resource\95a2d020-a211-4bf5-a94d-031cb5dd8127\main.py Старт. Выполняемый шаг: Клик по Web-элементу. id: [Q2@mu?#NQ2xEX2OXYF$
2026-05-23T16:38:48+0300 INFO: C:\Users\Ksenya\Desktop\hakaton\main\resource\95a2d020-a211-4bf5-a94d-031cb5dd8127\main.py Выполнение. Выполняемый шаг: Клик по Web-элементу. id: [Q2@mu?#NQ2xEX2OXYF$
2026-05-23T16:38:48+0300 INFO: C:\Users\Ksenya\Desktop\hakaton\main\resource\95a2d020-a211-4bf5-a94d-031cb5dd8127\main.py Завершение. Выполняемый шаг: Клик по Web-элементу. id: [Q2@mu?#NQ2xEX2OXYF$
2026-05-23T16:38:48+0300 INFO: C:\Users\Ksenya\Desktop\hakaton\main\resource\95a2d020-a211-4bf5-a94d-031cb5dd8127\main.py Старт. Выполняемый шаг: Задержка. id: `^?P,o-StU!YIwW:*51`
2026-05-23T16:38:48+0300 INFO: C:\Users\Ksenya\Desktop\hakaton\main\resource\95a2d020-a211-4bf5-a94d-031cb5dd8127\main.py Выполнение. Выполняемый шаг: Задержка. id: `^?P,o-StU!YIwW:*51`
2026-05-23T16:38:48+0300 INFO: C:\Users\Ksenya\Desktop\hakaton\main\resource\95a2d020-a211-4bf5-a94d-031cb5dd8127\main.py Старт. Выполняемый шаг: Преобразовать строку в число. id: uw`j?F`+X9C3RI;{kpUw
2026-05-23T16:38:48+0300 INFO: C:\Users\Ksenya\Desktop\hakaton\main\resource\95a2d020-a211-4bf5-a94d-031cb5dd8127\main.py Завершение. Выполняемый шаг: Преобразовать строку в число. id: uw`j?F`+X9C3RI;{kpUw
2026-05-23T16:39:08+0300 INFO: C:\Users\Ksenya\Desktop\hakaton\main\resource\95a2d020-a211-4bf5-a94d-031cb5dd8127\main.py Завершение. Выполняемый шаг: Задержка. id: `^?P,o-StU!YIwW:*51`
2026-05-23T16:39:08+0300 INFO: C:\Users\Ksenya\Desktop\hakaton\main\resource\95a2d020-a211-4bf5-a94d-031cb5dd8127\main.py Старт. Выполняемый шаг: Клик по Web-элементу. id: !*p3azK$H5lkwE@DW$s_
2026-05-23T16:39:08+0300 INFO: C:\Users\Ksenya\Desktop\hakaton\main\resource\95a2d020-a211-4bf5-a94d-031cb5dd8127\main.py Выполнение. Выполняемый шаг: Клик по Web-элементу. id: !*p3azK$H5lkwE@DW$s_
2026-05-23T16:39:08+0300 INFO: C:\Users\Ksenya\Desktop\hakaton\main\resource\95a2d020-a211-4bf5-a94d-031cb5dd8127\main.py Завершение. Выполняемый шаг: Клик по Web-элементу. id: !*p3azK$H5lkwE@DW$s_
2026-05-23T16:39:08+0300 INFO: C:\Users\Ksenya\Desktop\hakaton\main\resource\95a2d020-a211-4bf5-a94d-031cb5dd8127\main.py Старт. Выполняемый шаг: Клик по Web-элементу. id: ]8Xi8xyWQkijnuXN/Mwn
2026-05-23T16:39:08+0300 INFO: C:\Users\Ksenya\Desktop\hakaton\main\resource\95a2d020-a211-4bf5-a94d-031cb5dd8127\main.py Выполнение. Выполняемый шаг: Клик по Web-элементу. id: ]8Xi8xyWQkijnuXN/Mwn
2026-05-23T16:39:08+0300 INFO: C:\Users\Ksenya\Desktop\hakaton\main\resource\95a2d020-a211-4bf5-a94d-031cb5dd8127\main.py Завершение. Выполняемый шаг: Клик по Web-элементу. id: ]8Xi8xyWQkijnuXN/Mwn
2026-05-23T16:39:08+0300 INFO: C:\Users\Ksenya\Desktop\hakaton\main\resource\95a2d020-a211-4bf5-a94d-031cb5dd8127\main.py Старт. Выполняемый шаг: Ввод в 1C-веб. id: GY)ZR_u4zf.~_0inu*)x
2026-05-23T16:39:08+0300 INFO: C:\Users\Ksenya\Desktop\hakaton\main\resource\95a2d020-a211-4bf5-a94d-031cb5dd8127\main.py Выполнение. Выполняемый шаг: Ввод в 1C-веб. id: GY)ZR_u4zf.~_0inu*)x
2026-05-23T16:40:04+0300 INFO: Старт робота: C:\Users\Ksenya\Desktop\hakaton\main\resource\b2188df6-b482-4a56-bb06-94f8e052c064\main.py
2026-05-23T16:40:04+0300 INFO: C:\Users\Ksenya\Desktop\hakaton\main\resource\b2188df6-b482-4a56-bb06-94f8e052c064\main.py Старт. Выполняемый шаг: Обработка ошибки. id: E(ohZ?TiZWX5;}Gqu-r,
2026-05-23T16:40:04+0300 INFO: C:\Users\Ksenya\Desktop\hakaton\main\resource\b2188df6-b482-4a56-bb06-94f8e052c064\main.py Выполнение. Выполняемый шаг: Обработка ошибки. id: E(ohZ?TiZWX5;}Gqu-r,
2026-05-23T16:40:04+0300 INFO: C:\Users\Ksenya\Desktop\hakaton\main\resource\b2188df6-b482-4a56-bb06-94f8e052c064\main.py Робот запущен
2026-05-23T16:40:04+0300 INFO: C:\Users\Ksenya\Desktop\hakaton\main\resource\b2188df6-b482-4a56-bb06-94f8e052c064\main.py Старт. Выполняемый шаг: Присвоить значение переменной. id: uT8K_dR,wNXk4m?dkCsM
2026-05-23T16:40:06+0300 INFO: C:\Users\Ksenya\Desktop\hakaton\main\resource\b2188df6-b482-4a56-bb06-94f8e052c064\main.py Выполнение. Выполняемый шаг: Присвоить значение переменной. id: uT8K_dR,wNXk4m?dkCsM
2026-05-23T16:40:06+0300 INFO: C:\Users\Ksenya\Desktop\hakaton\main\resource\b2188df6-b482-4a56-bb06-94f8e052c064\main.py Завершение. Выполняемый шаг: Присвоить значение переменной. id: uT8K_dR,wNXk4m?dkCsM
2026-05-23T16:40:06+0300 INFO: C:\Users\Ksenya\Desktop\hakaton\main\resource\b2188df6-b482-4a56-bb06-94f8e052c064\main.py Старт. Выполняемый шаг: Присвоить значение переменной. id: :MAZ.Rz62:ZsFDl7vQQJ
2026-05-23T16:40:06+0300 INFO: C:\Users\Ksenya\Desktop\hakaton\main\resource\b2188df6-b482-4a56-bb06-94f8e052c064\main.py Выполнение. Выполняемый шаг: Присвоить значение переменной. id: :MAZ.Rz62:ZsFDl7vQQJ
2026-05-23T16:40:06+0300 INFO: C:\Users\Ksenya\Desktop\hakaton\main\resource\b2188df6-b482-4a56-bb06-94f8e052c064\main.py Завершение. Выполняемый шаг: Присвоить значение переменной. id: :MAZ.Rz62:ZsFDl7vQQJ
2026-05-23T16:40:06+0300 INFO: C:\Users\Ksenya\Desktop\hakaton\main\resource\b2188df6-b482-4a56-bb06-94f8e052c064\main.py Старт. Выполняемый шаг: Присвоить значение переменной. id: WBqw15|Z#}dx_{yM[UJS
2026-05-23T16:40:06+0300 INFO: C:\Users\Ksenya\Desktop\hakaton\main\resource\b2188df6-b482-4a56-bb06-94f8e052c064\main.py Выполнение. Выполняемый шаг: Присвоить значение переменной. id: WBqw15|Z#}dx_{yM[UJS
2026-05-23T16:40:06+0300 INFO: C:\Users\Ksenya\Desktop\hakaton\main\resource\b2188df6-b482-4a56-bb06-94f8e052c064\main.py Завершение. Выполняемый шаг: Присвоить значение переменной. id: WBqw15|Z#}dx_{yM[UJS
2026-05-23T16:40:06+0300 INFO: C:\Users\Ksenya\Desktop\hakaton\main\resource\b2188df6-b482-4a56-bb06-94f8e052c064\main.py Старт. Выполняемый шаг: Присвоить значение переменной. id: ZD}VS]B8yU%7IR$_1:gx
2026-05-23T16:40:06+0300 INFO: C:\Users\Ksenya\Desktop\hakaton\main\resource\b2188df6-b482-4a56-bb06-94f8e052c064\main.py Выполнение. Выполняемый шаг: Присвоить значение переменной. id: ZD}VS]B8yU%7IR$_1:gx
2026-05-23T16:40:06+0300 INFO: C:\Users\Ksenya\Desktop\hakaton\main\resource\b2188df6-b482-4a56-bb06-94f8e052c064\main.py Старт. Выполняемый шаг: Прочитать файл. id: h-7qLFMP}Ex#VZ)Ao@jd
2026-05-23T16:40:06+0300 INFO: C:\Users\Ksenya\Desktop\hakaton\main\resource\b2188df6-b482-4a56-bb06-94f8e052c064\main.py Завершение. Выполняемый шаг: Прочитать файл. id: h-7qLFMP}Ex#VZ)Ao@jd
2026-05-23T16:40:06+0300 INFO: C:\Users\Ksenya\Desktop\hakaton\main\resource\b2188df6-b482-4a56-bb06-94f8e052c064\main.py Завершение. Выполняемый шаг: Присвоить значение переменной. id: ZD}VS]B8yU%7IR$_1:gx
2026-05-23T16:40:06+0300 INFO: C:\Users\Ksenya\Desktop\hakaton\main\resource\b2188df6-b482-4a56-bb06-94f8e052c064\main.py Старт. Выполняемый шаг: Присвоить значение переменной. id: ^0R|78#C*6Lo31|B;%K9
2026-05-23T16:40:06+0300 INFO: C:\Users\Ksenya\Desktop\hakaton\main\resource\b2188df6-b482-4a56-bb06-94f8e052c064\main.py Выполнение. Выполняемый шаг: Присвоить значение переменной. id: ^0R|78#C*6Lo31|B;%K9
2026-05-23T16:40:06+0300 INFO: C:\Users\Ksenya\Desktop\hakaton\main\resource\b2188df6-b482-4a56-bb06-94f8e052c064\main.py Завершение. Выполняемый шаг: Присвоить значение переменной. id: ^0R|78#C*6Lo31|B;%K9
2026-05-23T16:40:06+0300 INFO: C:\Users\Ksenya\Desktop\hakaton\main\resource\b2188df6-b482-4a56-bb06-94f8e052c064\main.py Старт. Выполняемый шаг: Присвоить значение переменной. id: {Y3[LIYCU-/HNVs!NERe
2026-05-23T16:40:06+0300 INFO: C:\Users\Ksenya\Desktop\hakaton\main\resource\b2188df6-b482-4a56-bb06-94f8e052c064\main.py Выполнение. Выполняемый шаг: Присвоить значение переменной. id: {Y3[LIYCU-/HNVs!NERe
2026-05-23T16:40:06+0300 INFO: C:\Users\Ksenya\Desktop\hakaton\main\resource\b2188df6-b482-4a56-bb06-94f8e052c064\main.py Старт. Выполняемый шаг: Преобразовать дату. id: yIzw35kV+o$aK/*W)TAR
2026-05-23T16:40:06+0300 INFO: C:\Users\Ksenya\Desktop\hakaton\main\resource\b2188df6-b482-4a56-bb06-94f8e052c064\main.py Завершение. Выполняемый шаг: Преобразовать дату. id: yIzw35kV+o$aK/*W)TAR
2026-05-23T16:40:06+0300 INFO: C:\Users\Ksenya\Desktop\hakaton\main\resource\b2188df6-b482-4a56-bb06-94f8e052c064\main.py Завершение. Выполняемый шаг: Присвоить значение переменной. id: {Y3[LIYCU-/HNVs!NERe
2026-05-23T16:40:06+0300 INFO: C:\Users\Ksenya\Desktop\hakaton\main\resource\b2188df6-b482-4a56-bb06-94f8e052c064\main.py Старт. Выполняемый шаг: Присвоить значение переменной. id: p$O:QoI+|4ux$8{ysFr:
2026-05-23T16:40:06+0300 INFO: C:\Users\Ksenya\Desktop\hakaton\main\resource\b2188df6-b482-4a56-bb06-94f8e052c064\main.py Выполнение. Выполняемый шаг: Присвоить значение переменной. id: p$O:QoI+|4ux$8{ysFr:
2026-05-23T16:40:06+0300 INFO: C:\Users\Ksenya\Desktop\hakaton\main\resource\b2188df6-b482-4a56-bb06-94f8e052c064\main.py Завершение. Выполняемый шаг: Присвоить значение переменной. id: p$O:QoI+|4ux$8{ysFr:
2026-05-23T16:40:06+0300 INFO: C:\Users\Ksenya\Desktop\hakaton\main\resource\b2188df6-b482-4a56-bb06-94f8e052c064\main.py Старт. Выполняемый шаг: Присвоить значение переменной. id: ~|`}hQkYrPr!yvRWehM_
2026-05-23T16:40:06+0300 INFO: C:\Users\Ksenya\Desktop\hakaton\main\resource\b2188df6-b482-4a56-bb06-94f8e052c064\main.py Выполнение. Выполняемый шаг: Присвоить значение переменной. id: ~|`}hQkYrPr!yvRWehM_
2026-05-23T16:40:06+0300 INFO: C:\Users\Ksenya\Desktop\hakaton\main\resource\b2188df6-b482-4a56-bb06-94f8e052c064\main.py Старт. Выполняемый шаг: Преобразовать дату. id: y@cWp{?HPKMT0X6Rp6I$
2026-05-23T16:40:06+0300 INFO: C:\Users\Ksenya\Desktop\hakaton\main\resource\b2188df6-b482-4a56-bb06-94f8e052c064\main.py Завершение. Выполняемый шаг: Преобразовать дату. id: y@cWp{?HPKMT0X6Rp6I$
2026-05-23T16:40:06+0300 INFO: C:\Users\Ksenya\Desktop\hakaton\main\resource\b2188df6-b482-4a56-bb06-94f8e052c064\main.py Завершение. Выполняемый шаг: Присвоить значение переменной. id: ~|`}hQkYrPr!yvRWehM_
2026-05-23T16:40:06+0300 INFO: C:\Users\Ksenya\Desktop\hakaton\main\resource\b2188df6-b482-4a56-bb06-94f8e052c064\main.py Старт. Выполняемый шаг: Присвоить значение переменной. id: ]Nwow_`34-zY1snYsMa=
2026-05-23T16:40:06+0300 INFO: C:\Users\Ksenya\Desktop\hakaton\main\resource\b2188df6-b482-4a56-bb06-94f8e052c064\main.py Выполнение. Выполняемый шаг: Присвоить значение переменной. id: ]Nwow_`34-zY1snYsMa=
2026-05-23T16:40:06+0300 INFO: C:\Users\Ksenya\Desktop\hakaton\main\resource\b2188df6-b482-4a56-bb06-94f8e052c064\main.py Завершение. Выполняемый шаг: Присвоить значение переменной. id: ]Nwow_`34-zY1snYsMa=
2026-05-23T16:40:06+0300 INFO: C:\Users\Ksenya\Desktop\hakaton\main\resource\b2188df6-b482-4a56-bb06-94f8e052c064\main.py Старт. Выполняемый шаг: Присвоить значение переменной. id: 7qHD^~+B#bUSw)9hi;V5
2026-05-23T16:40:06+0300 INFO: C:\Users\Ksenya\Desktop\hakaton\main\resource\b2188df6-b482-4a56-bb06-94f8e052c064\main.py Выполнение. Выполняемый шаг: Присвоить значение переменной. id: 7qHD^~+B#bUSw)9hi;V5
2026-05-23T16:40:06+0300 INFO: C:\Users\Ksenya\Desktop\hakaton\main\resource\b2188df6-b482-4a56-bb06-94f8e052c064\main.py Завершение. Выполняемый шаг: Присвоить значение переменной. id: 7qHD^~+B#bUSw)9hi;V5
2026-05-23T16:40:06+0300 INFO: C:\Users\Ksenya\Desktop\hakaton\main\resource\b2188df6-b482-4a56-bb06-94f8e052c064\main.py Старт. Выполняемый шаг: Присвоить значение переменной. id: 3oGjmJ`CaVRVz9#qu*_m
2026-05-23T16:40:06+0300 INFO: C:\Users\Ksenya\Desktop\hakaton\main\resource\b2188df6-b482-4a56-bb06-94f8e052c064\main.py Выполнение. Выполняемый шаг: Присвоить значение переменной. id: 3oGjmJ`CaVRVz9#qu*_m
2026-05-23T16:40:06+0300 INFO: C:\Users\Ksenya\Desktop\hakaton\main\resource\b2188df6-b482-4a56-bb06-94f8e052c064\main.py Завершение. Выполняемый шаг: Присвоить значение переменной. id: 3oGjmJ`CaVRVz9#qu*_m
2026-05-23T16:40:06+0300 INFO: C:\Users\Ksenya\Desktop\hakaton\main\resource\b2188df6-b482-4a56-bb06-94f8e052c064\main.py Старт. Выполняемый шаг: Присвоить значение переменной. id: :kF]*7FA#}yI!L)At3D0
2026-05-23T16:40:06+0300 INFO: C:\Users\Ksenya\Desktop\hakaton\main\resource\b2188df6-b482-4a56-bb06-94f8e052c064\main.py Выполнение. Выполняемый шаг: Присвоить значение переменной. id: :kF]*7FA#}yI!L)At3D0
2026-05-23T16:40:06+0300 INFO: C:\Users\Ksenya\Desktop\hakaton\main\resource\b2188df6-b482-4a56-bb06-94f8e052c064\main.py Завершение. Выполняемый шаг: Присвоить значение переменной. id: :kF]*7FA#}yI!L)At3D0
2026-05-23T16:40:06+0300 INFO: C:\Users\Ksenya\Desktop\hakaton\main\resource\b2188df6-b482-4a56-bb06-94f8e052c064\main.py Отправляю запрос в 1С
2026-05-23T16:40:06+0300 INFO: C:\Users\Ksenya\Desktop\hakaton\main\resource\b2188df6-b482-4a56-bb06-94f8e052c064\main.py Старт. Выполняемый шаг: Присвоить значение переменной. id: 5Ew%Wt$JK+7d7TXLxId_
2026-05-23T16:40:06+0300 INFO: C:\Users\Ksenya\Desktop\hakaton\main\resource\b2188df6-b482-4a56-bb06-94f8e052c064\main.py Выполнение. Выполняемый шаг: Присвоить значение переменной. id: 5Ew%Wt$JK+7d7TXLxId_
2026-05-23T16:40:06+0300 INFO: C:\Users\Ksenya\Desktop\hakaton\main\resource\b2188df6-b482-4a56-bb06-94f8e052c064\main.py Старт. Выполняемый шаг: Создать сессию браузера. id: 4#bM-7PYt%bTkrSh8bfZ
2026-05-23T16:40:07+0300 INFO: C:\Users\Ksenya\Desktop\hakaton\main\resource\b2188df6-b482-4a56-bb06-94f8e052c064\main.py Завершение. Выполняемый шаг: Создать сессию браузера. id: 4#bM-7PYt%bTkrSh8bfZ
2026-05-23T16:40:07+0300 INFO: C:\Users\Ksenya\Desktop\hakaton\main\resource\b2188df6-b482-4a56-bb06-94f8e052c064\main.py Завершение. Выполняемый шаг: Присвоить значение переменной. id: 5Ew%Wt$JK+7d7TXLxId_
2026-05-23T16:40:07+0300 INFO: C:\Users\Ksenya\Desktop\hakaton\main\resource\b2188df6-b482-4a56-bb06-94f8e052c064\main.py Старт. Выполняемый шаг: Открыть страницу в браузере. id: _{QT4zD{Fqs69!/:|#zp
2026-05-23T16:40:07+0300 INFO: C:\Users\Ksenya\Desktop\hakaton\main\resource\b2188df6-b482-4a56-bb06-94f8e052c064\main.py Выполнение. Выполняемый шаг: Открыть страницу в браузере. id: _{QT4zD{Fqs69!/:|#zp
2026-05-23T16:40:07+0300 INFO: C:\Users\Ksenya\Desktop\hakaton\main\resource\b2188df6-b482-4a56-bb06-94f8e052c064\main.py Завершение. Выполняемый шаг: Открыть страницу в браузере. id: _{QT4zD{Fqs69!/:|#zp
2026-05-23T16:40:07+0300 INFO: C:\Users\Ksenya\Desktop\hakaton\main\resource\b2188df6-b482-4a56-bb06-94f8e052c064\main.py Старт. Выполняемый шаг: Задержка. id: ??=,o)g^!HRb+gO2+Wzh
2026-05-23T16:40:07+0300 INFO: C:\Users\Ksenya\Desktop\hakaton\main\resource\b2188df6-b482-4a56-bb06-94f8e052c064\main.py Выполнение. Выполняемый шаг: Задержка. id: ??=,o)g^!HRb+gO2+Wzh
2026-05-23T16:40:07+0300 INFO: C:\Users\Ksenya\Desktop\hakaton\main\resource\b2188df6-b482-4a56-bb06-94f8e052c064\main.py Старт. Выполняемый шаг: Преобразовать строку в число. id: {Rsp$JX%Cwa].U=6UmD=
2026-05-23T16:40:07+0300 INFO: C:\Users\Ksenya\Desktop\hakaton\main\resource\b2188df6-b482-4a56-bb06-94f8e052c064\main.py Завершение. Выполняемый шаг: Преобразовать строку в число. id: {Rsp$JX%Cwa].U=6UmD=
2026-05-23T16:40:10+0300 INFO: C:\Users\Ksenya\Desktop\hakaton\main\resource\b2188df6-b482-4a56-bb06-94f8e052c064\main.py Завершение. Выполняемый шаг: Задержка. id: ??=,o)g^!HRb+gO2+Wzh
2026-05-23T16:40:10+0300 INFO: C:\Users\Ksenya\Desktop\hakaton\main\resource\b2188df6-b482-4a56-bb06-94f8e052c064\main.py Старт. Выполняемый шаг: Клик по Web-элементу. id: EBp7HZH}x+19aqf!)2/)
2026-05-23T16:40:10+0300 INFO: C:\Users\Ksenya\Desktop\hakaton\main\resource\b2188df6-b482-4a56-bb06-94f8e052c064\main.py Выполнение. Выполняемый шаг: Клик по Web-элементу. id: EBp7HZH}x+19aqf!)2/)
2026-05-23T16:40:10+0300 INFO: C:\Users\Ksenya\Desktop\hakaton\main\resource\b2188df6-b482-4a56-bb06-94f8e052c064\main.py Завершение. Выполняемый шаг: Клик по Web-элементу. id: EBp7HZH}x+19aqf!)2/)
2026-05-23T16:40:10+0300 INFO: C:\Users\Ksenya\Desktop\hakaton\main\resource\b2188df6-b482-4a56-bb06-94f8e052c064\main.py Старт. Выполняемый шаг: Ввод в веб-сайт. id: %w9B]^SDY]u6w8A[VN]B
2026-05-23T16:40:10+0300 INFO: C:\Users\Ksenya\Desktop\hakaton\main\resource\b2188df6-b482-4a56-bb06-94f8e052c064\main.py Выполнение. Выполняемый шаг: Ввод в веб-сайт. id: %w9B]^SDY]u6w8A[VN]B
2026-05-23T16:40:10+0300 INFO: C:\Users\Ksenya\Desktop\hakaton\main\resource\b2188df6-b482-4a56-bb06-94f8e052c064\main.py Завершение. Выполняемый шаг: Ввод в веб-сайт. id: %w9B]^SDY]u6w8A[VN]B
2026-05-23T16:40:10+0300 INFO: C:\Users\Ksenya\Desktop\hakaton\main\resource\b2188df6-b482-4a56-bb06-94f8e052c064\main.py Старт. Выполняемый шаг: Клик по Web-элементу. id: H6A$`ZrfUnP;M.)V!gP%
2026-05-23T16:40:10+0300 INFO: C:\Users\Ksenya\Desktop\hakaton\main\resource\b2188df6-b482-4a56-bb06-94f8e052c064\main.py Выполнение. Выполняемый шаг: Клик по Web-элементу. id: H6A$`ZrfUnP;M.)V!gP%
2026-05-23T16:40:11+0300 INFO: C:\Users\Ksenya\Desktop\hakaton\main\resource\b2188df6-b482-4a56-bb06-94f8e052c064\main.py Завершение. Выполняемый шаг: Клик по Web-элементу. id: H6A$`ZrfUnP;M.)V!gP%
2026-05-23T16:40:11+0300 INFO: C:\Users\Ksenya\Desktop\hakaton\main\resource\b2188df6-b482-4a56-bb06-94f8e052c064\main.py Старт. Выполняемый шаг: Ввод в веб-сайт. id: y:}|lxK((=67v}qu8Ym-
2026-05-23T16:40:11+0300 INFO: C:\Users\Ksenya\Desktop\hakaton\main\resource\b2188df6-b482-4a56-bb06-94f8e052c064\main.py Выполнение. Выполняемый шаг: Ввод в веб-сайт. id: y:}|lxK((=67v}qu8Ym-
2026-05-23T16:40:11+0300 INFO: C:\Users\Ksenya\Desktop\hakaton\main\resource\b2188df6-b482-4a56-bb06-94f8e052c064\main.py Завершение. Выполняемый шаг: Ввод в веб-сайт. id: y:}|lxK((=67v}qu8Ym-
2026-05-23T16:40:11+0300 INFO: C:\Users\Ksenya\Desktop\hakaton\main\resource\b2188df6-b482-4a56-bb06-94f8e052c064\main.py Старт. Выполняемый шаг: Клик по Web-элементу. id: [Q2@mu?#NQ2xEX2OXYF$
2026-05-23T16:40:11+0300 INFO: C:\Users\Ksenya\Desktop\hakaton\main\resource\b2188df6-b482-4a56-bb06-94f8e052c064\main.py Выполнение. Выполняемый шаг: Клик по Web-элементу. id: [Q2@mu?#NQ2xEX2OXYF$
2026-05-23T16:40:11+0300 INFO: C:\Users\Ksenya\Desktop\hakaton\main\resource\b2188df6-b482-4a56-bb06-94f8e052c064\main.py Завершение. Выполняемый шаг: Клик по Web-элементу. id: [Q2@mu?#NQ2xEX2OXYF$
2026-05-23T16:40:11+0300 INFO: C:\Users\Ksenya\Desktop\hakaton\main\resource\b2188df6-b482-4a56-bb06-94f8e052c064\main.py Старт. Выполняемый шаг: Задержка. id: `^?P,o-StU!YIwW:*51`
2026-05-23T16:40:11+0300 INFO: C:\Users\Ksenya\Desktop\hakaton\main\resource\b2188df6-b482-4a56-bb06-94f8e052c064\main.py Выполнение. Выполняемый шаг: Задержка. id: `^?P,o-StU!YIwW:*51`
2026-05-23T16:40:11+0300 INFO: C:\Users\Ksenya\Desktop\hakaton\main\resource\b2188df6-b482-4a56-bb06-94f8e052c064\main.py Старт. Выполняемый шаг: Преобразовать строку в число. id: uw`j?F`+X9C3RI;{kpUw
2026-05-23T16:40:11+0300 INFO: C:\Users\Ksenya\Desktop\hakaton\main\resource\b2188df6-b482-4a56-bb06-94f8e052c064\main.py Завершение. Выполняемый шаг: Преобразовать строку в число. id: uw`j?F`+X9C3RI;{kpUw
2026-05-23T16:40:31+0300 INFO: C:\Users\Ksenya\Desktop\hakaton\main\resource\b2188df6-b482-4a56-bb06-94f8e052c064\main.py Завершение. Выполняемый шаг: Задержка. id: `^?P,o-StU!YIwW:*51`
2026-05-23T16:40:31+0300 INFO: C:\Users\Ksenya\Desktop\hakaton\main\resource\b2188df6-b482-4a56-bb06-94f8e052c064\main.py Старт. Выполняемый шаг: Клик по Web-элементу. id: !*p3azK$H5lkwE@DW$s_
2026-05-23T16:40:31+0300 INFO: C:\Users\Ksenya\Desktop\hakaton\main\resource\b2188df6-b482-4a56-bb06-94f8e052c064\main.py Выполнение. Выполняемый шаг: Клик по Web-элементу. id: !*p3azK$H5lkwE@DW$s_
2026-05-23T16:40:31+0300 INFO: C:\Users\Ksenya\Desktop\hakaton\main\resource\b2188df6-b482-4a56-bb06-94f8e052c064\main.py Завершение. Выполняемый шаг: Клик по Web-элементу. id: !*p3azK$H5lkwE@DW$s_
2026-05-23T16:40:31+0300 INFO: C:\Users\Ksenya\Desktop\hakaton\main\resource\b2188df6-b482-4a56-bb06-94f8e052c064\main.py Старт. Выполняемый шаг: Клик по Web-элементу. id: ]8Xi8xyWQkijnuXN/Mwn
2026-05-23T16:40:31+0300 INFO: C:\Users\Ksenya\Desktop\hakaton\main\resource\b2188df6-b482-4a56-bb06-94f8e052c064\main.py Выполнение. Выполняемый шаг: Клик по Web-элементу. id: ]8Xi8xyWQkijnuXN/Mwn
2026-05-23T16:40:32+0300 INFO: C:\Users\Ksenya\Desktop\hakaton\main\resource\b2188df6-b482-4a56-bb06-94f8e052c064\main.py Завершение. Выполняемый шаг: Клик по Web-элементу. id: ]8Xi8xyWQkijnuXN/Mwn
2026-05-23T16:40:32+0300 INFO: C:\Users\Ksenya\Desktop\hakaton\main\resource\b2188df6-b482-4a56-bb06-94f8e052c064\main.py Старт. Выполняемый шаг: Задержка. id: VU)/`[}phd5x(Hgc{WKY
2026-05-23T16:40:32+0300 INFO: C:\Users\Ksenya\Desktop\hakaton\main\resource\b2188df6-b482-4a56-bb06-94f8e052c064\main.py Выполнение. Выполняемый шаг: Задержка. id: VU)/`[}phd5x(Hgc{WKY
2026-05-23T16:40:32+0300 INFO: C:\Users\Ksenya\Desktop\hakaton\main\resource\b2188df6-b482-4a56-bb06-94f8e052c064\main.py Старт. Выполняемый шаг: Преобразовать строку в число. id: 92hAgGOGGlotF2$TAf{$
2026-05-23T16:40:32+0300 INFO: C:\Users\Ksenya\Desktop\hakaton\main\resource\b2188df6-b482-4a56-bb06-94f8e052c064\main.py Завершение. Выполняемый шаг: Преобразовать строку в число. id: 92hAgGOGGlotF2$TAf{$
2026-05-23T16:40:37+0300 INFO: C:\Users\Ksenya\Desktop\hakaton\main\resource\b2188df6-b482-4a56-bb06-94f8e052c064\main.py Завершение. Выполняемый шаг: Задержка. id: VU)/`[}phd5x(Hgc{WKY
2026-05-23T16:40:37+0300 INFO: C:\Users\Ksenya\Desktop\hakaton\main\resource\b2188df6-b482-4a56-bb06-94f8e052c064\main.py Старт. Выполняемый шаг: Ввод в 1C-веб. id: GY)ZR_u4zf.~_0inu*)x
2026-05-23T16:40:43+0300 INFO: C:\Users\Ksenya\Desktop\hakaton\main\resource\b2188df6-b482-4a56-bb06-94f8e052c064\main.py Выполнение. Выполняемый шаг: Ввод в 1C-веб. id: GY)ZR_u4zf.~_0inu*)x
2026-05-23T16:41:38+0300 INFO: Старт робота: C:\Users\Ksenya\Desktop\hakaton\main\resource\518ba018-d4ac-4c9b-ad65-1f4bf9a4fbd6\main.py
2026-05-23T16:41:38+0300 INFO: C:\Users\Ksenya\Desktop\hakaton\main\resource\518ba018-d4ac-4c9b-ad65-1f4bf9a4fbd6\main.py Старт. Выполняемый шаг: Обработка ошибки. id: E(ohZ?TiZWX5;}Gqu-r,
2026-05-23T16:41:38+0300 INFO: C:\Users\Ksenya\Desktop\hakaton\main\resource\518ba018-d4ac-4c9b-ad65-1f4bf9a4fbd6\main.py Выполнение. Выполняемый шаг: Обработка ошибки. id: E(ohZ?TiZWX5;}Gqu-r,
2026-05-23T16:41:38+0300 INFO: C:\Users\Ksenya\Desktop\hakaton\main\resource\518ba018-d4ac-4c9b-ad65-1f4bf9a4fbd6\main.py Робот запущен
2026-05-23T16:41:38+0300 INFO: C:\Users\Ksenya\Desktop\hakaton\main\resource\518ba018-d4ac-4c9b-ad65-1f4bf9a4fbd6\main.py Старт. Выполняемый шаг: Присвоить значение переменной. id: uT8K_dR,wNXk4m?dkCsM
2026-05-23T16:41:40+0300 INFO: C:\Users\Ksenya\Desktop\hakaton\main\resource\518ba018-d4ac-4c9b-ad65-1f4bf9a4fbd6\main.py Выполнение. Выполняемый шаг: Присвоить значение переменной. id: uT8K_dR,wNXk4m?dkCsM
2026-05-23T16:41:40+0300 INFO: C:\Users\Ksenya\Desktop\hakaton\main\resource\518ba018-d4ac-4c9b-ad65-1f4bf9a4fbd6\main.py Завершение. Выполняемый шаг: Присвоить значение переменной. id: uT8K_dR,wNXk4m?dkCsM
2026-05-23T16:41:40+0300 INFO: C:\Users\Ksenya\Desktop\hakaton\main\resource\518ba018-d4ac-4c9b-ad65-1f4bf9a4fbd6\main.py Старт. Выполняемый шаг: Присвоить значение переменной. id: :MAZ.Rz62:ZsFDl7vQQJ
2026-05-23T16:41:40+0300 INFO: C:\Users\Ksenya\Desktop\hakaton\main\resource\518ba018-d4ac-4c9b-ad65-1f4bf9a4fbd6\main.py Выполнение. Выполняемый шаг: Присвоить значение переменной. id: :MAZ.Rz62:ZsFDl7vQQJ
2026-05-23T16:41:40+0300 INFO: C:\Users\Ksenya\Desktop\hakaton\main\resource\518ba018-d4ac-4c9b-ad65-1f4bf9a4fbd6\main.py Завершение. Выполняемый шаг: Присвоить значение переменной. id: :MAZ.Rz62:ZsFDl7vQQJ
2026-05-23T16:41:40+0300 INFO: C:\Users\Ksenya\Desktop\hakaton\main\resource\518ba018-d4ac-4c9b-ad65-1f4bf9a4fbd6\main.py Старт. Выполняемый шаг: Присвоить значение переменной. id: WBqw15|Z#}dx_{yM[UJS
2026-05-23T16:41:40+0300 INFO: C:\Users\Ksenya\Desktop\hakaton\main\resource\518ba018-d4ac-4c9b-ad65-1f4bf9a4fbd6\main.py Выполнение. Выполняемый шаг: Присвоить значение переменной. id: WBqw15|Z#}dx_{yM[UJS
2026-05-23T16:41:40+0300 INFO: C:\Users\Ksenya\Desktop\hakaton\main\resource\518ba018-d4ac-4c9b-ad65-1f4bf9a4fbd6\main.py Завершение. Выполняемый шаг: Присвоить значение переменной. id: WBqw15|Z#}dx_{yM[UJS
2026-05-23T16:41:40+0300 INFO: C:\Users\Ksenya\Desktop\hakaton\main\resource\518ba018-d4ac-4c9b-ad65-1f4bf9a4fbd6\main.py Старт. Выполняемый шаг: Присвоить значение переменной. id: ZD}VS]B8yU%7IR$_1:gx
2026-05-23T16:41:40+0300 INFO: C:\Users\Ksenya\Desktop\hakaton\main\resource\518ba018-d4ac-4c9b-ad65-1f4bf9a4fbd6\main.py Выполнение. Выполняемый шаг: Присвоить значение переменной. id: ZD}VS]B8yU%7IR$_1:gx
2026-05-23T16:41:40+0300 INFO: C:\Users\Ksenya\Desktop\hakaton\main\resource\518ba018-d4ac-4c9b-ad65-1f4bf9a4fbd6\main.py Старт. Выполняемый шаг: Прочитать файл. id: h-7qLFMP}Ex#VZ)Ao@jd
2026-05-23T16:41:40+0300 INFO: C:\Users\Ksenya\Desktop\hakaton\main\resource\518ba018-d4ac-4c9b-ad65-1f4bf9a4fbd6\main.py Завершение. Выполняемый шаг: Прочитать файл. id: h-7qLFMP}Ex#VZ)Ao@jd
2026-05-23T16:41:40+0300 INFO: C:\Users\Ksenya\Desktop\hakaton\main\resource\518ba018-d4ac-4c9b-ad65-1f4bf9a4fbd6\main.py Завершение. Выполняемый шаг: Присвоить значение переменной. id: ZD}VS]B8yU%7IR$_1:gx
2026-05-23T16:41:40+0300 INFO: C:\Users\Ksenya\Desktop\hakaton\main\resource\518ba018-d4ac-4c9b-ad65-1f4bf9a4fbd6\main.py Старт. Выполняемый шаг: Присвоить значение переменной. id: ^0R|78#C*6Lo31|B;%K9
2026-05-23T16:41:40+0300 INFO: C:\Users\Ksenya\Desktop\hakaton\main\resource\518ba018-d4ac-4c9b-ad65-1f4bf9a4fbd6\main.py Выполнение. Выполняемый шаг: Присвоить значение переменной. id: ^0R|78#C*6Lo31|B;%K9
2026-05-23T16:41:40+0300 INFO: C:\Users\Ksenya\Desktop\hakaton\main\resource\518ba018-d4ac-4c9b-ad65-1f4bf9a4fbd6\main.py Завершение. Выполняемый шаг: Присвоить значение переменной. id: ^0R|78#C*6Lo31|B;%K9
2026-05-23T16:41:40+0300 INFO: C:\Users\Ksenya\Desktop\hakaton\main\resource\518ba018-d4ac-4c9b-ad65-1f4bf9a4fbd6\main.py Старт. Выполняемый шаг: Присвоить значение переменной. id: {Y3[LIYCU-/HNVs!NERe
2026-05-23T16:41:40+0300 INFO: C:\Users\Ksenya\Desktop\hakaton\main\resource\518ba018-d4ac-4c9b-ad65-1f4bf9a4fbd6\main.py Выполнение. Выполняемый шаг: Присвоить значение переменной. id: {Y3[LIYCU-/HNVs!NERe
2026-05-23T16:41:40+0300 INFO: C:\Users\Ksenya\Desktop\hakaton\main\resource\518ba018-d4ac-4c9b-ad65-1f4bf9a4fbd6\main.py Старт. Выполняемый шаг: Преобразовать дату. id: yIzw35kV+o$aK/*W)TAR
2026-05-23T16:41:40+0300 INFO: C:\Users\Ksenya\Desktop\hakaton\main\resource\518ba018-d4ac-4c9b-ad65-1f4bf9a4fbd6\main.py Завершение. Выполняемый шаг: Преобразовать дату. id: yIzw35kV+o$aK/*W)TAR
2026-05-23T16:41:40+0300 INFO: C:\Users\Ksenya\Desktop\hakaton\main\resource\518ba018-d4ac-4c9b-ad65-1f4bf9a4fbd6\main.py Завершение. Выполняемый шаг: Присвоить значение переменной. id: {Y3[LIYCU-/HNVs!NERe
2026-05-23T16:41:40+0300 INFO: C:\Users\Ksenya\Desktop\hakaton\main\resource\518ba018-d4ac-4c9b-ad65-1f4bf9a4fbd6\main.py Старт. Выполняемый шаг: Присвоить значение переменной. id: p$O:QoI+|4ux$8{ysFr:
2026-05-23T16:41:40+0300 INFO: C:\Users\Ksenya\Desktop\hakaton\main\resource\518ba018-d4ac-4c9b-ad65-1f4bf9a4fbd6\main.py Выполнение. Выполняемый шаг: Присвоить значение переменной. id: p$O:QoI+|4ux$8{ysFr:
2026-05-23T16:41:40+0300 INFO: C:\Users\Ksenya\Desktop\hakaton\main\resource\518ba018-d4ac-4c9b-ad65-1f4bf9a4fbd6\main.py Завершение. Выполняемый шаг: Присвоить значение переменной. id: p$O:QoI+|4ux$8{ysFr:
2026-05-23T16:41:40+0300 INFO: C:\Users\Ksenya\Desktop\hakaton\main\resource\518ba018-d4ac-4c9b-ad65-1f4bf9a4fbd6\main.py Старт. Выполняемый шаг: Присвоить значение переменной. id: ~|`}hQkYrPr!yvRWehM_
2026-05-23T16:41:40+0300 INFO: C:\Users\Ksenya\Desktop\hakaton\main\resource\518ba018-d4ac-4c9b-ad65-1f4bf9a4fbd6\main.py Выполнение. Выполняемый шаг: Присвоить значение переменной. id: ~|`}hQkYrPr!yvRWehM_
2026-05-23T16:41:40+0300 INFO: C:\Users\Ksenya\Desktop\hakaton\main\resource\518ba018-d4ac-4c9b-ad65-1f4bf9a4fbd6\main.py Старт. Выполняемый шаг: Преобразовать дату. id: y@cWp{?HPKMT0X6Rp6I$
2026-05-23T16:41:40+0300 INFO: C:\Users\Ksenya\Desktop\hakaton\main\resource\518ba018-d4ac-4c9b-ad65-1f4bf9a4fbd6\main.py Завершение. Выполняемый шаг: Преобразовать дату. id: y@cWp{?HPKMT0X6Rp6I$
2026-05-23T16:41:40+0300 INFO: C:\Users\Ksenya\Desktop\hakaton\main\resource\518ba018-d4ac-4c9b-ad65-1f4bf9a4fbd6\main.py Завершение. Выполняемый шаг: Присвоить значение переменной. id: ~|`}hQkYrPr!yvRWehM_
2026-05-23T16:41:40+0300 INFO: C:\Users\Ksenya\Desktop\hakaton\main\resource\518ba018-d4ac-4c9b-ad65-1f4bf9a4fbd6\main.py Старт. Выполняемый шаг: Присвоить значение переменной. id: ]Nwow_`34-zY1snYsMa=
2026-05-23T16:41:40+0300 INFO: C:\Users\Ksenya\Desktop\hakaton\main\resource\518ba018-d4ac-4c9b-ad65-1f4bf9a4fbd6\main.py Выполнение. Выполняемый шаг: Присвоить значение переменной. id: ]Nwow_`34-zY1snYsMa=
2026-05-23T16:41:40+0300 INFO: C:\Users\Ksenya\Desktop\hakaton\main\resource\518ba018-d4ac-4c9b-ad65-1f4bf9a4fbd6\main.py Завершение. Выполняемый шаг: Присвоить значение переменной. id: ]Nwow_`34-zY1snYsMa=
2026-05-23T16:41:40+0300 INFO: C:\Users\Ksenya\Desktop\hakaton\main\resource\518ba018-d4ac-4c9b-ad65-1f4bf9a4fbd6\main.py Старт. Выполняемый шаг: Присвоить значение переменной. id: 7qHD^~+B#bUSw)9hi;V5
2026-05-23T16:41:40+0300 INFO: C:\Users\Ksenya\Desktop\hakaton\main\resource\518ba018-d4ac-4c9b-ad65-1f4bf9a4fbd6\main.py Выполнение. Выполняемый шаг: Присвоить значение переменной. id: 7qHD^~+B#bUSw)9hi;V5
2026-05-23T16:41:40+0300 INFO: C:\Users\Ksenya\Desktop\hakaton\main\resource\518ba018-d4ac-4c9b-ad65-1f4bf9a4fbd6\main.py Завершение. Выполняемый шаг: Присвоить значение переменной. id: 7qHD^~+B#bUSw)9hi;V5
2026-05-23T16:41:40+0300 INFO: C:\Users\Ksenya\Desktop\hakaton\main\resource\518ba018-d4ac-4c9b-ad65-1f4bf9a4fbd6\main.py Старт. Выполняемый шаг: Присвоить значение переменной. id: 3oGjmJ`CaVRVz9#qu*_m
2026-05-23T16:41:40+0300 INFO: C:\Users\Ksenya\Desktop\hakaton\main\resource\518ba018-d4ac-4c9b-ad65-1f4bf9a4fbd6\main.py Выполнение. Выполняемый шаг: Присвоить значение переменной. id: 3oGjmJ`CaVRVz9#qu*_m
2026-05-23T16:41:40+0300 INFO: C:\Users\Ksenya\Desktop\hakaton\main\resource\518ba018-d4ac-4c9b-ad65-1f4bf9a4fbd6\main.py Завершение. Выполняемый шаг: Присвоить значение переменной. id: 3oGjmJ`CaVRVz9#qu*_m
2026-05-23T16:41:40+0300 INFO: C:\Users\Ksenya\Desktop\hakaton\main\resource\518ba018-d4ac-4c9b-ad65-1f4bf9a4fbd6\main.py Старт. Выполняемый шаг: Присвоить значение переменной. id: :kF]*7FA#}yI!L)At3D0
2026-05-23T16:41:40+0300 INFO: C:\Users\Ksenya\Desktop\hakaton\main\resource\518ba018-d4ac-4c9b-ad65-1f4bf9a4fbd6\main.py Выполнение. Выполняемый шаг: Присвоить значение переменной. id: :kF]*7FA#}yI!L)At3D0
2026-05-23T16:41:40+0300 INFO: C:\Users\Ksenya\Desktop\hakaton\main\resource\518ba018-d4ac-4c9b-ad65-1f4bf9a4fbd6\main.py Завершение. Выполняемый шаг: Присвоить значение переменной. id: :kF]*7FA#}yI!L)At3D0
2026-05-23T16:41:40+0300 INFO: C:\Users\Ksenya\Desktop\hakaton\main\resource\518ba018-d4ac-4c9b-ad65-1f4bf9a4fbd6\main.py Отправляю запрос в 1С
2026-05-23T16:41:40+0300 INFO: C:\Users\Ksenya\Desktop\hakaton\main\resource\518ba018-d4ac-4c9b-ad65-1f4bf9a4fbd6\main.py Старт. Выполняемый шаг: Присвоить значение переменной. id: 5Ew%Wt$JK+7d7TXLxId_
2026-05-23T16:41:40+0300 INFO: C:\Users\Ksenya\Desktop\hakaton\main\resource\518ba018-d4ac-4c9b-ad65-1f4bf9a4fbd6\main.py Выполнение. Выполняемый шаг: Присвоить значение переменной. id: 5Ew%Wt$JK+7d7TXLxId_
2026-05-23T16:41:40+0300 INFO: C:\Users\Ksenya\Desktop\hakaton\main\resource\518ba018-d4ac-4c9b-ad65-1f4bf9a4fbd6\main.py Старт. Выполняемый шаг: Создать сессию браузера. id: 4#bM-7PYt%bTkrSh8bfZ
2026-05-23T16:41:46+0300 INFO: C:\Users\Ksenya\Desktop\hakaton\main\resource\518ba018-d4ac-4c9b-ad65-1f4bf9a4fbd6\main.py Завершение. Выполняемый шаг: Создать сессию браузера. id: 4#bM-7PYt%bTkrSh8bfZ
2026-05-23T16:41:46+0300 INFO: C:\Users\Ksenya\Desktop\hakaton\main\resource\518ba018-d4ac-4c9b-ad65-1f4bf9a4fbd6\main.py Завершение. Выполняемый шаг: Присвоить значение переменной. id: 5Ew%Wt$JK+7d7TXLxId_
2026-05-23T16:41:46+0300 INFO: C:\Users\Ksenya\Desktop\hakaton\main\resource\518ba018-d4ac-4c9b-ad65-1f4bf9a4fbd6\main.py Старт. Выполняемый шаг: Открыть страницу в браузере. id: _{QT4zD{Fqs69!/:|#zp
2026-05-23T16:41:46+0300 INFO: C:\Users\Ksenya\Desktop\hakaton\main\resource\518ba018-d4ac-4c9b-ad65-1f4bf9a4fbd6\main.py Выполнение. Выполняемый шаг: Открыть страницу в браузере. id: _{QT4zD{Fqs69!/:|#zp
2026-05-23T16:41:48+0300 INFO: C:\Users\Ksenya\Desktop\hakaton\main\resource\518ba018-d4ac-4c9b-ad65-1f4bf9a4fbd6\main.py Завершение. Выполняемый шаг: Открыть страницу в браузере. id: _{QT4zD{Fqs69!/:|#zp
2026-05-23T16:41:48+0300 INFO: C:\Users\Ksenya\Desktop\hakaton\main\resource\518ba018-d4ac-4c9b-ad65-1f4bf9a4fbd6\main.py Старт. Выполняемый шаг: Задержка. id: ??=,o)g^!HRb+gO2+Wzh
2026-05-23T16:41:48+0300 INFO: C:\Users\Ksenya\Desktop\hakaton\main\resource\518ba018-d4ac-4c9b-ad65-1f4bf9a4fbd6\main.py Выполнение. Выполняемый шаг: Задержка. id: ??=,o)g^!HRb+gO2+Wzh
2026-05-23T16:41:48+0300 INFO: C:\Users\Ksenya\Desktop\hakaton\main\resource\518ba018-d4ac-4c9b-ad65-1f4bf9a4fbd6\main.py Старт. Выполняемый шаг: Преобразовать строку в число. id: {Rsp$JX%Cwa].U=6UmD=
2026-05-23T16:41:48+0300 INFO: C:\Users\Ksenya\Desktop\hakaton\main\resource\518ba018-d4ac-4c9b-ad65-1f4bf9a4fbd6\main.py Завершение. Выполняемый шаг: Преобразовать строку в число. id: {Rsp$JX%Cwa].U=6UmD=
2026-05-23T16:41:51+0300 INFO: C:\Users\Ksenya\Desktop\hakaton\main\resource\518ba018-d4ac-4c9b-ad65-1f4bf9a4fbd6\main.py Завершение. Выполняемый шаг: Задержка. id: ??=,o)g^!HRb+gO2+Wzh
2026-05-23T16:41:51+0300 INFO: C:\Users\Ksenya\Desktop\hakaton\main\resource\518ba018-d4ac-4c9b-ad65-1f4bf9a4fbd6\main.py Старт. Выполняемый шаг: Клик по Web-элементу. id: EBp7HZH}x+19aqf!)2/)
2026-05-23T16:41:51+0300 INFO: C:\Users\Ksenya\Desktop\hakaton\main\resource\518ba018-d4ac-4c9b-ad65-1f4bf9a4fbd6\main.py Выполнение. Выполняемый шаг: Клик по Web-элементу. id: EBp7HZH}x+19aqf!)2/)
2026-05-23T16:41:51+0300 INFO: C:\Users\Ksenya\Desktop\hakaton\main\resource\518ba018-d4ac-4c9b-ad65-1f4bf9a4fbd6\main.py Завершение. Выполняемый шаг: Клик по Web-элементу. id: EBp7HZH}x+19aqf!)2/)
2026-05-23T16:41:51+0300 INFO: C:\Users\Ksenya\Desktop\hakaton\main\resource\518ba018-d4ac-4c9b-ad65-1f4bf9a4fbd6\main.py Старт. Выполняемый шаг: Ввод в веб-сайт. id: %w9B]^SDY]u6w8A[VN]B
2026-05-23T16:41:51+0300 INFO: C:\Users\Ksenya\Desktop\hakaton\main\resource\518ba018-d4ac-4c9b-ad65-1f4bf9a4fbd6\main.py Выполнение. Выполняемый шаг: Ввод в веб-сайт. id: %w9B]^SDY]u6w8A[VN]B
2026-05-23T16:41:52+0300 INFO: C:\Users\Ksenya\Desktop\hakaton\main\resource\518ba018-d4ac-4c9b-ad65-1f4bf9a4fbd6\main.py Завершение. Выполняемый шаг: Ввод в веб-сайт. id: %w9B]^SDY]u6w8A[VN]B
2026-05-23T16:41:52+0300 INFO: C:\Users\Ksenya\Desktop\hakaton\main\resource\518ba018-d4ac-4c9b-ad65-1f4bf9a4fbd6\main.py Старт. Выполняемый шаг: Клик по Web-элементу. id: H6A$`ZrfUnP;M.)V!gP%
2026-05-23T16:41:52+0300 INFO: C:\Users\Ksenya\Desktop\hakaton\main\resource\518ba018-d4ac-4c9b-ad65-1f4bf9a4fbd6\main.py Выполнение. Выполняемый шаг: Клик по Web-элементу. id: H6A$`ZrfUnP;M.)V!gP%
2026-05-23T16:41:52+0300 INFO: C:\Users\Ksenya\Desktop\hakaton\main\resource\518ba018-d4ac-4c9b-ad65-1f4bf9a4fbd6\main.py Завершение. Выполняемый шаг: Клик по Web-элементу. id: H6A$`ZrfUnP;M.)V!gP%
2026-05-23T16:41:52+0300 INFO: C:\Users\Ksenya\Desktop\hakaton\main\resource\518ba018-d4ac-4c9b-ad65-1f4bf9a4fbd6\main.py Старт. Выполняемый шаг: Ввод в веб-сайт. id: y:}|lxK((=67v}qu8Ym-
2026-05-23T16:41:52+0300 INFO: C:\Users\Ksenya\Desktop\hakaton\main\resource\518ba018-d4ac-4c9b-ad65-1f4bf9a4fbd6\main.py Выполнение. Выполняемый шаг: Ввод в веб-сайт. id: y:}|lxK((=67v}qu8Ym-
2026-05-23T16:41:52+0300 INFO: C:\Users\Ksenya\Desktop\hakaton\main\resource\518ba018-d4ac-4c9b-ad65-1f4bf9a4fbd6\main.py Завершение. Выполняемый шаг: Ввод в веб-сайт. id: y:}|lxK((=67v}qu8Ym-
2026-05-23T16:41:52+0300 INFO: C:\Users\Ksenya\Desktop\hakaton\main\resource\518ba018-d4ac-4c9b-ad65-1f4bf9a4fbd6\main.py Старт. Выполняемый шаг: Клик по Web-элементу. id: [Q2@mu?#NQ2xEX2OXYF$
2026-05-23T16:41:52+0300 INFO: C:\Users\Ksenya\Desktop\hakaton\main\resource\518ba018-d4ac-4c9b-ad65-1f4bf9a4fbd6\main.py Выполнение. Выполняемый шаг: Клик по Web-элементу. id: [Q2@mu?#NQ2xEX2OXYF$
2026-05-23T16:41:52+0300 INFO: C:\Users\Ksenya\Desktop\hakaton\main\resource\518ba018-d4ac-4c9b-ad65-1f4bf9a4fbd6\main.py Завершение. Выполняемый шаг: Клик по Web-элементу. id: [Q2@mu?#NQ2xEX2OXYF$
2026-05-23T16:41:52+0300 INFO: C:\Users\Ksenya\Desktop\hakaton\main\resource\518ba018-d4ac-4c9b-ad65-1f4bf9a4fbd6\main.py Старт. Выполняемый шаг: Задержка. id: `^?P,o-StU!YIwW:*51`
2026-05-23T16:41:52+0300 INFO: C:\Users\Ksenya\Desktop\hakaton\main\resource\518ba018-d4ac-4c9b-ad65-1f4bf9a4fbd6\main.py Выполнение. Выполняемый шаг: Задержка. id: `^?P,o-StU!YIwW:*51`
2026-05-23T16:41:52+0300 INFO: C:\Users\Ksenya\Desktop\hakaton\main\resource\518ba018-d4ac-4c9b-ad65-1f4bf9a4fbd6\main.py Старт. Выполняемый шаг: Преобразовать строку в число. id: uw`j?F`+X9C3RI;{kpUw
2026-05-23T16:41:52+0300 INFO: C:\Users\Ksenya\Desktop\hakaton\main\resource\518ba018-d4ac-4c9b-ad65-1f4bf9a4fbd6\main.py Завершение. Выполняемый шаг: Преобразовать строку в число. id: uw`j?F`+X9C3RI;{kpUw
2026-05-23T16:42:12+0300 INFO: C:\Users\Ksenya\Desktop\hakaton\main\resource\518ba018-d4ac-4c9b-ad65-1f4bf9a4fbd6\main.py Завершение. Выполняемый шаг: Задержка. id: `^?P,o-StU!YIwW:*51`
2026-05-23T16:42:12+0300 INFO: C:\Users\Ksenya\Desktop\hakaton\main\resource\518ba018-d4ac-4c9b-ad65-1f4bf9a4fbd6\main.py Старт. Выполняемый шаг: Клик по Web-элементу. id: !*p3azK$H5lkwE@DW$s_
2026-05-23T16:42:12+0300 INFO: C:\Users\Ksenya\Desktop\hakaton\main\resource\518ba018-d4ac-4c9b-ad65-1f4bf9a4fbd6\main.py Выполнение. Выполняемый шаг: Клик по Web-элементу. id: !*p3azK$H5lkwE@DW$s_
2026-05-23T16:42:13+0300 INFO: C:\Users\Ksenya\Desktop\hakaton\main\resource\518ba018-d4ac-4c9b-ad65-1f4bf9a4fbd6\main.py Завершение. Выполняемый шаг: Клик по Web-элементу. id: !*p3azK$H5lkwE@DW$s_
2026-05-23T16:42:13+0300 INFO: C:\Users\Ksenya\Desktop\hakaton\main\resource\518ba018-d4ac-4c9b-ad65-1f4bf9a4fbd6\main.py Старт. Выполняемый шаг: Клик по Web-элементу. id: ]8Xi8xyWQkijnuXN/Mwn
2026-05-23T16:42:13+0300 INFO: C:\Users\Ksenya\Desktop\hakaton\main\resource\518ba018-d4ac-4c9b-ad65-1f4bf9a4fbd6\main.py Выполнение. Выполняемый шаг: Клик по Web-элементу. id: ]8Xi8xyWQkijnuXN/Mwn
2026-05-23T16:42:13+0300 INFO: C:\Users\Ksenya\Desktop\hakaton\main\resource\518ba018-d4ac-4c9b-ad65-1f4bf9a4fbd6\main.py Завершение. Выполняемый шаг: Клик по Web-элементу. id: ]8Xi8xyWQkijnuXN/Mwn
2026-05-23T16:42:13+0300 INFO: C:\Users\Ksenya\Desktop\hakaton\main\resource\518ba018-d4ac-4c9b-ad65-1f4bf9a4fbd6\main.py Старт. Выполняемый шаг: Задержка. id: VU)/`[}phd5x(Hgc{WKY
2026-05-23T16:42:13+0300 INFO: C:\Users\Ksenya\Desktop\hakaton\main\resource\518ba018-d4ac-4c9b-ad65-1f4bf9a4fbd6\main.py Выполнение. Выполняемый шаг: Задержка. id: VU)/`[}phd5x(Hgc{WKY
2026-05-23T16:42:13+0300 INFO: C:\Users\Ksenya\Desktop\hakaton\main\resource\518ba018-d4ac-4c9b-ad65-1f4bf9a4fbd6\main.py Старт. Выполняемый шаг: Преобразовать строку в число. id: 92hAgGOGGlotF2$TAf{$
2026-05-23T16:42:13+0300 INFO: C:\Users\Ksenya\Desktop\hakaton\main\resource\518ba018-d4ac-4c9b-ad65-1f4bf9a4fbd6\main.py Завершение. Выполняемый шаг: Преобразовать строку в число. id: 92hAgGOGGlotF2$TAf{$
2026-05-23T16:42:18+0300 INFO: C:\Users\Ksenya\Desktop\hakaton\main\resource\518ba018-d4ac-4c9b-ad65-1f4bf9a4fbd6\main.py Завершение. Выполняемый шаг: Задержка. id: VU)/`[}phd5x(Hgc{WKY
2026-05-23T16:42:18+0300 INFO: C:\Users\Ksenya\Desktop\hakaton\main\resource\518ba018-d4ac-4c9b-ad65-1f4bf9a4fbd6\main.py Старт. Выполняемый шаг: Ввод в 1C-веб. id: GY)ZR_u4zf.~_0inu*)x
2026-05-23T16:42:20+0300 INFO: C:\Users\Ksenya\Desktop\hakaton\main\resource\518ba018-d4ac-4c9b-ad65-1f4bf9a4fbd6\main.py Выполнение. Выполняемый шаг: Ввод в 1C-веб. id: GY)ZR_u4zf.~_0inu*)x
2026-05-23T16:44:41+0300 INFO: Старт робота: C:\Users\Ksenya\Desktop\hakaton\main\resource\b2e320e5-06c4-4d81-ba26-7b2f01ee098d\main.py
2026-05-23T16:44:41+0300 INFO: C:\Users\Ksenya\Desktop\hakaton\main\resource\b2e320e5-06c4-4d81-ba26-7b2f01ee098d\main.py Старт. Выполняемый шаг: Обработка ошибки. id: E(ohZ?TiZWX5;}Gqu-r,
2026-05-23T16:44:41+0300 INFO: C:\Users\Ksenya\Desktop\hakaton\main\resource\b2e320e5-06c4-4d81-ba26-7b2f01ee098d\main.py Выполнение. Выполняемый шаг: Обработка ошибки. id: E(ohZ?TiZWX5;}Gqu-r,
2026-05-23T16:44:41+0300 INFO: C:\Users\Ksenya\Desktop\hakaton\main\resource\b2e320e5-06c4-4d81-ba26-7b2f01ee098d\main.py Робот запущен
2026-05-23T16:44:41+0300 INFO: C:\Users\Ksenya\Desktop\hakaton\main\resource\b2e320e5-06c4-4d81-ba26-7b2f01ee098d\main.py Старт. Выполняемый шаг: Присвоить значение переменной. id: uT8K_dR,wNXk4m?dkCsM
2026-05-23T16:44:42+0300 INFO: C:\Users\Ksenya\Desktop\hakaton\main\resource\b2e320e5-06c4-4d81-ba26-7b2f01ee098d\main.py Выполнение. Выполняемый шаг: Присвоить значение переменной. id: uT8K_dR,wNXk4m?dkCsM
2026-05-23T16:44:42+0300 INFO: C:\Users\Ksenya\Desktop\hakaton\main\resource\b2e320e5-06c4-4d81-ba26-7b2f01ee098d\main.py Завершение. Выполняемый шаг: Присвоить значение переменной. id: uT8K_dR,wNXk4m?dkCsM
2026-05-23T16:44:42+0300 INFO: C:\Users\Ksenya\Desktop\hakaton\main\resource\b2e320e5-06c4-4d81-ba26-7b2f01ee098d\main.py Старт. Выполняемый шаг: Присвоить значение переменной. id: :MAZ.Rz62:ZsFDl7vQQJ
2026-05-23T16:44:42+0300 INFO: C:\Users\Ksenya\Desktop\hakaton\main\resource\b2e320e5-06c4-4d81-ba26-7b2f01ee098d\main.py Выполнение. Выполняемый шаг: Присвоить значение переменной. id: :MAZ.Rz62:ZsFDl7vQQJ
2026-05-23T16:44:42+0300 INFO: C:\Users\Ksenya\Desktop\hakaton\main\resource\b2e320e5-06c4-4d81-ba26-7b2f01ee098d\main.py Завершение. Выполняемый шаг: Присвоить значение переменной. id: :MAZ.Rz62:ZsFDl7vQQJ
2026-05-23T16:44:42+0300 INFO: C:\Users\Ksenya\Desktop\hakaton\main\resource\b2e320e5-06c4-4d81-ba26-7b2f01ee098d\main.py Старт. Выполняемый шаг: Присвоить значение переменной. id: WBqw15|Z#}dx_{yM[UJS
2026-05-23T16:44:42+0300 INFO: C:\Users\Ksenya\Desktop\hakaton\main\resource\b2e320e5-06c4-4d81-ba26-7b2f01ee098d\main.py Выполнение. Выполняемый шаг: Присвоить значение переменной. id: WBqw15|Z#}dx_{yM[UJS
2026-05-23T16:44:42+0300 INFO: C:\Users\Ksenya\Desktop\hakaton\main\resource\b2e320e5-06c4-4d81-ba26-7b2f01ee098d\main.py Завершение. Выполняемый шаг: Присвоить значение переменной. id: WBqw15|Z#}dx_{yM[UJS
2026-05-23T16:44:42+0300 INFO: C:\Users\Ksenya\Desktop\hakaton\main\resource\b2e320e5-06c4-4d81-ba26-7b2f01ee098d\main.py Старт. Выполняемый шаг: Присвоить значение переменной. id: ZD}VS]B8yU%7IR$_1:gx
2026-05-23T16:44:42+0300 INFO: C:\Users\Ksenya\Desktop\hakaton\main\resource\b2e320e5-06c4-4d81-ba26-7b2f01ee098d\main.py Выполнение. Выполняемый шаг: Присвоить значение переменной. id: ZD}VS]B8yU%7IR$_1:gx
2026-05-23T16:44:42+0300 INFO: C:\Users\Ksenya\Desktop\hakaton\main\resource\b2e320e5-06c4-4d81-ba26-7b2f01ee098d\main.py Старт. Выполняемый шаг: Прочитать файл. id: h-7qLFMP}Ex#VZ)Ao@jd
2026-05-23T16:44:42+0300 INFO: C:\Users\Ksenya\Desktop\hakaton\main\resource\b2e320e5-06c4-4d81-ba26-7b2f01ee098d\main.py Завершение. Выполняемый шаг: Прочитать файл. id: h-7qLFMP}Ex#VZ)Ao@jd
2026-05-23T16:44:42+0300 INFO: C:\Users\Ksenya\Desktop\hakaton\main\resource\b2e320e5-06c4-4d81-ba26-7b2f01ee098d\main.py Завершение. Выполняемый шаг: Присвоить значение переменной. id: ZD}VS]B8yU%7IR$_1:gx
2026-05-23T16:44:42+0300 INFO: C:\Users\Ksenya\Desktop\hakaton\main\resource\b2e320e5-06c4-4d81-ba26-7b2f01ee098d\main.py Старт. Выполняемый шаг: Присвоить значение переменной. id: ^0R|78#C*6Lo31|B;%K9
2026-05-23T16:44:42+0300 INFO: C:\Users\Ksenya\Desktop\hakaton\main\resource\b2e320e5-06c4-4d81-ba26-7b2f01ee098d\main.py Выполнение. Выполняемый шаг: Присвоить значение переменной. id: ^0R|78#C*6Lo31|B;%K9
2026-05-23T16:44:42+0300 INFO: C:\Users\Ksenya\Desktop\hakaton\main\resource\b2e320e5-06c4-4d81-ba26-7b2f01ee098d\main.py Завершение. Выполняемый шаг: Присвоить значение переменной. id: ^0R|78#C*6Lo31|B;%K9
2026-05-23T16:44:42+0300 INFO: C:\Users\Ksenya\Desktop\hakaton\main\resource\b2e320e5-06c4-4d81-ba26-7b2f01ee098d\main.py Старт. Выполняемый шаг: Присвоить значение переменной. id: {Y3[LIYCU-/HNVs!NERe
2026-05-23T16:44:42+0300 INFO: C:\Users\Ksenya\Desktop\hakaton\main\resource\b2e320e5-06c4-4d81-ba26-7b2f01ee098d\main.py Выполнение. Выполняемый шаг: Присвоить значение переменной. id: {Y3[LIYCU-/HNVs!NERe
2026-05-23T16:44:42+0300 INFO: C:\Users\Ksenya\Desktop\hakaton\main\resource\b2e320e5-06c4-4d81-ba26-7b2f01ee098d\main.py Старт. Выполняемый шаг: Преобразовать дату. id: yIzw35kV+o$aK/*W)TAR
2026-05-23T16:44:42+0300 INFO: C:\Users\Ksenya\Desktop\hakaton\main\resource\b2e320e5-06c4-4d81-ba26-7b2f01ee098d\main.py Завершение. Выполняемый шаг: Преобразовать дату. id: yIzw35kV+o$aK/*W)TAR
2026-05-23T16:44:42+0300 INFO: C:\Users\Ksenya\Desktop\hakaton\main\resource\b2e320e5-06c4-4d81-ba26-7b2f01ee098d\main.py Завершение. Выполняемый шаг: Присвоить значение переменной. id: {Y3[LIYCU-/HNVs!NERe
2026-05-23T16:44:42+0300 INFO: C:\Users\Ksenya\Desktop\hakaton\main\resource\b2e320e5-06c4-4d81-ba26-7b2f01ee098d\main.py Старт. Выполняемый шаг: Присвоить значение переменной. id: p$O:QoI+|4ux$8{ysFr:
2026-05-23T16:44:42+0300 INFO: C:\Users\Ksenya\Desktop\hakaton\main\resource\b2e320e5-06c4-4d81-ba26-7b2f01ee098d\main.py Выполнение. Выполняемый шаг: Присвоить значение переменной. id: p$O:QoI+|4ux$8{ysFr:
2026-05-23T16:44:42+0300 INFO: C:\Users\Ksenya\Desktop\hakaton\main\resource\b2e320e5-06c4-4d81-ba26-7b2f01ee098d\main.py Завершение. Выполняемый шаг: Присвоить значение переменной. id: p$O:QoI+|4ux$8{ysFr:
2026-05-23T16:44:42+0300 INFO: C:\Users\Ksenya\Desktop\hakaton\main\resource\b2e320e5-06c4-4d81-ba26-7b2f01ee098d\main.py Старт. Выполняемый шаг: Присвоить значение переменной. id: ~|`}hQkYrPr!yvRWehM_
2026-05-23T16:44:42+0300 INFO: C:\Users\Ksenya\Desktop\hakaton\main\resource\b2e320e5-06c4-4d81-ba26-7b2f01ee098d\main.py Выполнение. Выполняемый шаг: Присвоить значение переменной. id: ~|`}hQkYrPr!yvRWehM_
2026-05-23T16:44:42+0300 INFO: C:\Users\Ksenya\Desktop\hakaton\main\resource\b2e320e5-06c4-4d81-ba26-7b2f01ee098d\main.py Старт. Выполняемый шаг: Преобразовать дату. id: y@cWp{?HPKMT0X6Rp6I$
2026-05-23T16:44:42+0300 INFO: C:\Users\Ksenya\Desktop\hakaton\main\resource\b2e320e5-06c4-4d81-ba26-7b2f01ee098d\main.py Завершение. Выполняемый шаг: Преобразовать дату. id: y@cWp{?HPKMT0X6Rp6I$
2026-05-23T16:44:42+0300 INFO: C:\Users\Ksenya\Desktop\hakaton\main\resource\b2e320e5-06c4-4d81-ba26-7b2f01ee098d\main.py Завершение. Выполняемый шаг: Присвоить значение переменной. id: ~|`}hQkYrPr!yvRWehM_
2026-05-23T16:44:42+0300 INFO: C:\Users\Ksenya\Desktop\hakaton\main\resource\b2e320e5-06c4-4d81-ba26-7b2f01ee098d\main.py Старт. Выполняемый шаг: Присвоить значение переменной. id: ]Nwow_`34-zY1snYsMa=
2026-05-23T16:44:42+0300 INFO: C:\Users\Ksenya\Desktop\hakaton\main\resource\b2e320e5-06c4-4d81-ba26-7b2f01ee098d\main.py Выполнение. Выполняемый шаг: Присвоить значение переменной. id: ]Nwow_`34-zY1snYsMa=
2026-05-23T16:44:42+0300 INFO: C:\Users\Ksenya\Desktop\hakaton\main\resource\b2e320e5-06c4-4d81-ba26-7b2f01ee098d\main.py Завершение. Выполняемый шаг: Присвоить значение переменной. id: ]Nwow_`34-zY1snYsMa=
2026-05-23T16:44:42+0300 INFO: C:\Users\Ksenya\Desktop\hakaton\main\resource\b2e320e5-06c4-4d81-ba26-7b2f01ee098d\main.py Старт. Выполняемый шаг: Присвоить значение переменной. id: 7qHD^~+B#bUSw)9hi;V5
2026-05-23T16:44:42+0300 INFO: C:\Users\Ksenya\Desktop\hakaton\main\resource\b2e320e5-06c4-4d81-ba26-7b2f01ee098d\main.py Выполнение. Выполняемый шаг: Присвоить значение переменной. id: 7qHD^~+B#bUSw)9hi;V5
2026-05-23T16:44:42+0300 INFO: C:\Users\Ksenya\Desktop\hakaton\main\resource\b2e320e5-06c4-4d81-ba26-7b2f01ee098d\main.py Завершение. Выполняемый шаг: Присвоить значение переменной. id: 7qHD^~+B#bUSw)9hi;V5
2026-05-23T16:44:42+0300 INFO: C:\Users\Ksenya\Desktop\hakaton\main\resource\b2e320e5-06c4-4d81-ba26-7b2f01ee098d\main.py Старт. Выполняемый шаг: Присвоить значение переменной. id: 3oGjmJ`CaVRVz9#qu*_m
2026-05-23T16:44:42+0300 INFO: C:\Users\Ksenya\Desktop\hakaton\main\resource\b2e320e5-06c4-4d81-ba26-7b2f01ee098d\main.py Выполнение. Выполняемый шаг: Присвоить значение переменной. id: 3oGjmJ`CaVRVz9#qu*_m
2026-05-23T16:44:42+0300 INFO: C:\Users\Ksenya\Desktop\hakaton\main\resource\b2e320e5-06c4-4d81-ba26-7b2f01ee098d\main.py Завершение. Выполняемый шаг: Присвоить значение переменной. id: 3oGjmJ`CaVRVz9#qu*_m
2026-05-23T16:44:42+0300 INFO: C:\Users\Ksenya\Desktop\hakaton\main\resource\b2e320e5-06c4-4d81-ba26-7b2f01ee098d\main.py Старт. Выполняемый шаг: Присвоить значение переменной. id: :kF]*7FA#}yI!L)At3D0
2026-05-23T16:44:42+0300 INFO: C:\Users\Ksenya\Desktop\hakaton\main\resource\b2e320e5-06c4-4d81-ba26-7b2f01ee098d\main.py Выполнение. Выполняемый шаг: Присвоить значение переменной. id: :kF]*7FA#}yI!L)At3D0
2026-05-23T16:44:42+0300 INFO: C:\Users\Ksenya\Desktop\hakaton\main\resource\b2e320e5-06c4-4d81-ba26-7b2f01ee098d\main.py Завершение. Выполняемый шаг: Присвоить значение переменной. id: :kF]*7FA#}yI!L)At3D0
2026-05-23T16:44:42+0300 INFO: C:\Users\Ksenya\Desktop\hakaton\main\resource\b2e320e5-06c4-4d81-ba26-7b2f01ee098d\main.py Отправляю запрос в 1С
2026-05-23T16:44:42+0300 INFO: C:\Users\Ksenya\Desktop\hakaton\main\resource\b2e320e5-06c4-4d81-ba26-7b2f01ee098d\main.py Старт. Выполняемый шаг: Присвоить значение переменной. id: 5Ew%Wt$JK+7d7TXLxId_
2026-05-23T16:44:42+0300 INFO: C:\Users\Ksenya\Desktop\hakaton\main\resource\b2e320e5-06c4-4d81-ba26-7b2f01ee098d\main.py Выполнение. Выполняемый шаг: Присвоить значение переменной. id: 5Ew%Wt$JK+7d7TXLxId_
2026-05-23T16:44:42+0300 INFO: C:\Users\Ksenya\Desktop\hakaton\main\resource\b2e320e5-06c4-4d81-ba26-7b2f01ee098d\main.py Старт. Выполняемый шаг: Создать сессию браузера. id: 4#bM-7PYt%bTkrSh8bfZ
2026-05-23T16:44:49+0300 INFO: C:\Users\Ksenya\Desktop\hakaton\main\resource\b2e320e5-06c4-4d81-ba26-7b2f01ee098d\main.py Завершение. Выполняемый шаг: Создать сессию браузера. id: 4#bM-7PYt%bTkrSh8bfZ
2026-05-23T16:44:49+0300 INFO: C:\Users\Ksenya\Desktop\hakaton\main\resource\b2e320e5-06c4-4d81-ba26-7b2f01ee098d\main.py Завершение. Выполняемый шаг: Присвоить значение переменной. id: 5Ew%Wt$JK+7d7TXLxId_
2026-05-23T16:44:49+0300 INFO: C:\Users\Ksenya\Desktop\hakaton\main\resource\b2e320e5-06c4-4d81-ba26-7b2f01ee098d\main.py Старт. Выполняемый шаг: Открыть страницу в браузере. id: _{QT4zD{Fqs69!/:|#zp
2026-05-23T16:44:49+0300 INFO: C:\Users\Ksenya\Desktop\hakaton\main\resource\b2e320e5-06c4-4d81-ba26-7b2f01ee098d\main.py Выполнение. Выполняемый шаг: Открыть страницу в браузере. id: _{QT4zD{Fqs69!/:|#zp
2026-05-23T16:44:51+0300 INFO: C:\Users\Ksenya\Desktop\hakaton\main\resource\b2e320e5-06c4-4d81-ba26-7b2f01ee098d\main.py Завершение. Выполняемый шаг: Открыть страницу в браузере. id: _{QT4zD{Fqs69!/:|#zp
2026-05-23T16:44:51+0300 INFO: C:\Users\Ksenya\Desktop\hakaton\main\resource\b2e320e5-06c4-4d81-ba26-7b2f01ee098d\main.py Старт. Выполняемый шаг: Задержка. id: ??=,o)g^!HRb+gO2+Wzh
2026-05-23T16:44:51+0300 INFO: C:\Users\Ksenya\Desktop\hakaton\main\resource\b2e320e5-06c4-4d81-ba26-7b2f01ee098d\main.py Выполнение. Выполняемый шаг: Задержка. id: ??=,o)g^!HRb+gO2+Wzh
2026-05-23T16:44:51+0300 INFO: C:\Users\Ksenya\Desktop\hakaton\main\resource\b2e320e5-06c4-4d81-ba26-7b2f01ee098d\main.py Старт. Выполняемый шаг: Преобразовать строку в число. id: {Rsp$JX%Cwa].U=6UmD=
2026-05-23T16:44:51+0300 INFO: C:\Users\Ksenya\Desktop\hakaton\main\resource\b2e320e5-06c4-4d81-ba26-7b2f01ee098d\main.py Завершение. Выполняемый шаг: Преобразовать строку в число. id: {Rsp$JX%Cwa].U=6UmD=
2026-05-23T16:44:54+0300 INFO: C:\Users\Ksenya\Desktop\hakaton\main\resource\b2e320e5-06c4-4d81-ba26-7b2f01ee098d\main.py Завершение. Выполняемый шаг: Задержка. id: ??=,o)g^!HRb+gO2+Wzh
2026-05-23T16:44:54+0300 INFO: C:\Users\Ksenya\Desktop\hakaton\main\resource\b2e320e5-06c4-4d81-ba26-7b2f01ee098d\main.py Старт. Выполняемый шаг: Клик по Web-элементу. id: EBp7HZH}x+19aqf!)2/)
2026-05-23T16:44:54+0300 INFO: C:\Users\Ksenya\Desktop\hakaton\main\resource\b2e320e5-06c4-4d81-ba26-7b2f01ee098d\main.py Выполнение. Выполняемый шаг: Клик по Web-элементу. id: EBp7HZH}x+19aqf!)2/)
2026-05-23T16:44:54+0300 INFO: C:\Users\Ksenya\Desktop\hakaton\main\resource\b2e320e5-06c4-4d81-ba26-7b2f01ee098d\main.py Завершение. Выполняемый шаг: Клик по Web-элементу. id: EBp7HZH}x+19aqf!)2/)
2026-05-23T16:44:54+0300 INFO: C:\Users\Ksenya\Desktop\hakaton\main\resource\b2e320e5-06c4-4d81-ba26-7b2f01ee098d\main.py Старт. Выполняемый шаг: Ввод в веб-сайт. id: %w9B]^SDY]u6w8A[VN]B
2026-05-23T16:44:54+0300 INFO: C:\Users\Ksenya\Desktop\hakaton\main\resource\b2e320e5-06c4-4d81-ba26-7b2f01ee098d\main.py Выполнение. Выполняемый шаг: Ввод в веб-сайт. id: %w9B]^SDY]u6w8A[VN]B
2026-05-23T16:44:54+0300 INFO: C:\Users\Ksenya\Desktop\hakaton\main\resource\b2e320e5-06c4-4d81-ba26-7b2f01ee098d\main.py Завершение. Выполняемый шаг: Ввод в веб-сайт. id: %w9B]^SDY]u6w8A[VN]B
2026-05-23T16:44:54+0300 INFO: C:\Users\Ksenya\Desktop\hakaton\main\resource\b2e320e5-06c4-4d81-ba26-7b2f01ee098d\main.py Старт. Выполняемый шаг: Клик по Web-элементу. id: H6A$`ZrfUnP;M.)V!gP%
2026-05-23T16:44:54+0300 INFO: C:\Users\Ksenya\Desktop\hakaton\main\resource\b2e320e5-06c4-4d81-ba26-7b2f01ee098d\main.py Выполнение. Выполняемый шаг: Клик по Web-элементу. id: H6A$`ZrfUnP;M.)V!gP%
2026-05-23T16:44:54+0300 INFO: C:\Users\Ksenya\Desktop\hakaton\main\resource\b2e320e5-06c4-4d81-ba26-7b2f01ee098d\main.py Завершение. Выполняемый шаг: Клик по Web-элементу. id: H6A$`ZrfUnP;M.)V!gP%
2026-05-23T16:44:54+0300 INFO: C:\Users\Ksenya\Desktop\hakaton\main\resource\b2e320e5-06c4-4d81-ba26-7b2f01ee098d\main.py Старт. Выполняемый шаг: Ввод в веб-сайт. id: y:}|lxK((=67v}qu8Ym-
2026-05-23T16:44:54+0300 INFO: C:\Users\Ksenya\Desktop\hakaton\main\resource\b2e320e5-06c4-4d81-ba26-7b2f01ee098d\main.py Выполнение. Выполняемый шаг: Ввод в веб-сайт. id: y:}|lxK((=67v}qu8Ym-
2026-05-23T16:44:55+0300 INFO: C:\Users\Ksenya\Desktop\hakaton\main\resource\b2e320e5-06c4-4d81-ba26-7b2f01ee098d\main.py Завершение. Выполняемый шаг: Ввод в веб-сайт. id: y:}|lxK((=67v}qu8Ym-
2026-05-23T16:44:55+0300 INFO: C:\Users\Ksenya\Desktop\hakaton\main\resource\b2e320e5-06c4-4d81-ba26-7b2f01ee098d\main.py Старт. Выполняемый шаг: Клик по Web-элементу. id: [Q2@mu?#NQ2xEX2OXYF$
2026-05-23T16:44:55+0300 INFO: C:\Users\Ksenya\Desktop\hakaton\main\resource\b2e320e5-06c4-4d81-ba26-7b2f01ee098d\main.py Выполнение. Выполняемый шаг: Клик по Web-элементу. id: [Q2@mu?#NQ2xEX2OXYF$
2026-05-23T16:44:55+0300 INFO: C:\Users\Ksenya\Desktop\hakaton\main\resource\b2e320e5-06c4-4d81-ba26-7b2f01ee098d\main.py Завершение. Выполняемый шаг: Клик по Web-элементу. id: [Q2@mu?#NQ2xEX2OXYF$
2026-05-23T16:44:55+0300 INFO: C:\Users\Ksenya\Desktop\hakaton\main\resource\b2e320e5-06c4-4d81-ba26-7b2f01ee098d\main.py Старт. Выполняемый шаг: Задержка. id: `^?P,o-StU!YIwW:*51`
2026-05-23T16:44:55+0300 INFO: C:\Users\Ksenya\Desktop\hakaton\main\resource\b2e320e5-06c4-4d81-ba26-7b2f01ee098d\main.py Выполнение. Выполняемый шаг: Задержка. id: `^?P,o-StU!YIwW:*51`
2026-05-23T16:44:55+0300 INFO: C:\Users\Ksenya\Desktop\hakaton\main\resource\b2e320e5-06c4-4d81-ba26-7b2f01ee098d\main.py Старт. Выполняемый шаг: Преобразовать строку в число. id: uw`j?F`+X9C3RI;{kpUw
2026-05-23T16:44:55+0300 INFO: C:\Users\Ksenya\Desktop\hakaton\main\resource\b2e320e5-06c4-4d81-ba26-7b2f01ee098d\main.py Завершение. Выполняемый шаг: Преобразовать строку в число. id: uw`j?F`+X9C3RI;{kpUw
2026-05-23T16:45:15+0300 INFO: C:\Users\Ksenya\Desktop\hakaton\main\resource\b2e320e5-06c4-4d81-ba26-7b2f01ee098d\main.py Завершение. Выполняемый шаг: Задержка. id: `^?P,o-StU!YIwW:*51`
2026-05-23T16:45:15+0300 INFO: C:\Users\Ksenya\Desktop\hakaton\main\resource\b2e320e5-06c4-4d81-ba26-7b2f01ee098d\main.py Старт. Выполняемый шаг: Клик по Web-элементу. id: !*p3azK$H5lkwE@DW$s_
2026-05-23T16:45:15+0300 INFO: C:\Users\Ksenya\Desktop\hakaton\main\resource\b2e320e5-06c4-4d81-ba26-7b2f01ee098d\main.py Выполнение. Выполняемый шаг: Клик по Web-элементу. id: !*p3azK$H5lkwE@DW$s_
2026-05-23T16:45:15+0300 INFO: C:\Users\Ksenya\Desktop\hakaton\main\resource\b2e320e5-06c4-4d81-ba26-7b2f01ee098d\main.py Завершение. Выполняемый шаг: Клик по Web-элементу. id: !*p3azK$H5lkwE@DW$s_
2026-05-23T16:45:15+0300 INFO: C:\Users\Ksenya\Desktop\hakaton\main\resource\b2e320e5-06c4-4d81-ba26-7b2f01ee098d\main.py Старт. Выполняемый шаг: Клик по Web-элементу. id: ]8Xi8xyWQkijnuXN/Mwn
2026-05-23T16:45:15+0300 INFO: C:\Users\Ksenya\Desktop\hakaton\main\resource\b2e320e5-06c4-4d81-ba26-7b2f01ee098d\main.py Выполнение. Выполняемый шаг: Клик по Web-элементу. id: ]8Xi8xyWQkijnuXN/Mwn
2026-05-23T16:45:16+0300 INFO: C:\Users\Ksenya\Desktop\hakaton\main\resource\b2e320e5-06c4-4d81-ba26-7b2f01ee098d\main.py Завершение. Выполняемый шаг: Клик по Web-элементу. id: ]8Xi8xyWQkijnuXN/Mwn
2026-05-23T16:45:16+0300 INFO: C:\Users\Ksenya\Desktop\hakaton\main\resource\b2e320e5-06c4-4d81-ba26-7b2f01ee098d\main.py Старт. Выполняемый шаг: Задержка. id: VU)/`[}phd5x(Hgc{WKY
2026-05-23T16:45:16+0300 INFO: C:\Users\Ksenya\Desktop\hakaton\main\resource\b2e320e5-06c4-4d81-ba26-7b2f01ee098d\main.py Выполнение. Выполняемый шаг: Задержка. id: VU)/`[}phd5x(Hgc{WKY
2026-05-23T16:45:16+0300 INFO: C:\Users\Ksenya\Desktop\hakaton\main\resource\b2e320e5-06c4-4d81-ba26-7b2f01ee098d\main.py Старт. Выполняемый шаг: Преобразовать строку в число. id: 92hAgGOGGlotF2$TAf{$
2026-05-23T16:45:16+0300 INFO: C:\Users\Ksenya\Desktop\hakaton\main\resource\b2e320e5-06c4-4d81-ba26-7b2f01ee098d\main.py Завершение. Выполняемый шаг: Преобразовать строку в число. id: 92hAgGOGGlotF2$TAf{$
2026-05-23T16:45:21+0300 INFO: C:\Users\Ksenya\Desktop\hakaton\main\resource\b2e320e5-06c4-4d81-ba26-7b2f01ee098d\main.py Завершение. Выполняемый шаг: Задержка. id: VU)/`[}phd5x(Hgc{WKY
2026-05-23T16:45:21+0300 INFO: C:\Users\Ksenya\Desktop\hakaton\main\resource\b2e320e5-06c4-4d81-ba26-7b2f01ee098d\main.py Старт. Выполняемый шаг: Ввод в 1C-веб. id: GY)ZR_u4zf.~_0inu*)x
2026-05-23T16:45:21+0300 INFO: C:\Users\Ksenya\Desktop\hakaton\main\resource\b2e320e5-06c4-4d81-ba26-7b2f01ee098d\main.py Выполнение. Выполняемый шаг: Ввод в 1C-веб. id: GY)ZR_u4zf.~_0inu*)x
2026-05-23T16:45:23+0300 ERROR: C:\Users\Ksenya\Desktop\hakaton\main\resource\b2e320e5-06c4-4d81-ba26-7b2f01ee098d\main.py Ошибка выполнения робота
2026-05-23T16:45:23+0300 INFO: C:\Users\Ksenya\Desktop\hakaton\main\resource\b2e320e5-06c4-4d81-ba26-7b2f01ee098d\main.py Завершение. Выполняемый шаг: Обработка ошибки. id: E(ohZ?TiZWX5;}Gqu-r,
2026-05-23T16:45:23+0300 INFO: Завершение работы робота: C:\Users\Ksenya\Desktop\hakaton\main\resource\b2e320e5-06c4-4d81-ba26-7b2f01ee098d\main.py
2026-05-23T16:47:12+0300 INFO: Старт робота: C:\Users\Ksenya\Desktop\hakaton\main\resource\42b7b6d1-42d2-42d8-b696-8035cbce3c88\main.py
2026-05-23T16:47:12+0300 INFO: C:\Users\Ksenya\Desktop\hakaton\main\resource\42b7b6d1-42d2-42d8-b696-8035cbce3c88\main.py Старт. Выполняемый шаг: Обработка ошибки. id: E(ohZ?TiZWX5;}Gqu-r,
2026-05-23T16:47:14+0300 INFO: C:\Users\Ksenya\Desktop\hakaton\main\resource\42b7b6d1-42d2-42d8-b696-8035cbce3c88\main.py Выполнение. Выполняемый шаг: Обработка ошибки. id: E(ohZ?TiZWX5;}Gqu-r,
2026-05-23T16:47:14+0300 INFO: C:\Users\Ksenya\Desktop\hakaton\main\resource\42b7b6d1-42d2-42d8-b696-8035cbce3c88\main.py Робот запущен
2026-05-23T16:47:14+0300 INFO: C:\Users\Ksenya\Desktop\hakaton\main\resource\42b7b6d1-42d2-42d8-b696-8035cbce3c88\main.py Старт. Выполняемый шаг: Присвоить значение переменной. id: uT8K_dR,wNXk4m?dkCsM
2026-05-23T16:47:15+0300 INFO: C:\Users\Ksenya\Desktop\hakaton\main\resource\42b7b6d1-42d2-42d8-b696-8035cbce3c88\main.py Выполнение. Выполняемый шаг: Присвоить значение переменной. id: uT8K_dR,wNXk4m?dkCsM
2026-05-23T16:47:15+0300 INFO: C:\Users\Ksenya\Desktop\hakaton\main\resource\42b7b6d1-42d2-42d8-b696-8035cbce3c88\main.py Завершение. Выполняемый шаг: Присвоить значение переменной. id: uT8K_dR,wNXk4m?dkCsM
2026-05-23T16:47:15+0300 INFO: C:\Users\Ksenya\Desktop\hakaton\main\resource\42b7b6d1-42d2-42d8-b696-8035cbce3c88\main.py Старт. Выполняемый шаг: Присвоить значение переменной. id: :MAZ.Rz62:ZsFDl7vQQJ
2026-05-23T16:47:15+0300 INFO: C:\Users\Ksenya\Desktop\hakaton\main\resource\42b7b6d1-42d2-42d8-b696-8035cbce3c88\main.py Выполнение. Выполняемый шаг: Присвоить значение переменной. id: :MAZ.Rz62:ZsFDl7vQQJ
2026-05-23T16:47:15+0300 INFO: C:\Users\Ksenya\Desktop\hakaton\main\resource\42b7b6d1-42d2-42d8-b696-8035cbce3c88\main.py Завершение. Выполняемый шаг: Присвоить значение переменной. id: :MAZ.Rz62:ZsFDl7vQQJ
2026-05-23T16:47:15+0300 INFO: C:\Users\Ksenya\Desktop\hakaton\main\resource\42b7b6d1-42d2-42d8-b696-8035cbce3c88\main.py Старт. Выполняемый шаг: Присвоить значение переменной. id: WBqw15|Z#}dx_{yM[UJS
2026-05-23T16:47:15+0300 INFO: C:\Users\Ksenya\Desktop\hakaton\main\resource\42b7b6d1-42d2-42d8-b696-8035cbce3c88\main.py Выполнение. Выполняемый шаг: Присвоить значение переменной. id: WBqw15|Z#}dx_{yM[UJS
2026-05-23T16:47:15+0300 INFO: C:\Users\Ksenya\Desktop\hakaton\main\resource\42b7b6d1-42d2-42d8-b696-8035cbce3c88\main.py Завершение. Выполняемый шаг: Присвоить значение переменной. id: WBqw15|Z#}dx_{yM[UJS
2026-05-23T16:47:15+0300 INFO: C:\Users\Ksenya\Desktop\hakaton\main\resource\42b7b6d1-42d2-42d8-b696-8035cbce3c88\main.py Старт. Выполняемый шаг: Присвоить значение переменной. id: ZD}VS]B8yU%7IR$_1:gx
2026-05-23T16:47:15+0300 INFO: C:\Users\Ksenya\Desktop\hakaton\main\resource\42b7b6d1-42d2-42d8-b696-8035cbce3c88\main.py Выполнение. Выполняемый шаг: Присвоить значение переменной. id: ZD}VS]B8yU%7IR$_1:gx
2026-05-23T16:47:15+0300 INFO: C:\Users\Ksenya\Desktop\hakaton\main\resource\42b7b6d1-42d2-42d8-b696-8035cbce3c88\main.py Старт. Выполняемый шаг: Прочитать файл. id: h-7qLFMP}Ex#VZ)Ao@jd
2026-05-23T16:47:15+0300 INFO: C:\Users\Ksenya\Desktop\hakaton\main\resource\42b7b6d1-42d2-42d8-b696-8035cbce3c88\main.py Завершение. Выполняемый шаг: Прочитать файл. id: h-7qLFMP}Ex#VZ)Ao@jd
2026-05-23T16:47:15+0300 INFO: C:\Users\Ksenya\Desktop\hakaton\main\resource\42b7b6d1-42d2-42d8-b696-8035cbce3c88\main.py Завершение. Выполняемый шаг: Присвоить значение переменной. id: ZD}VS]B8yU%7IR$_1:gx
2026-05-23T16:47:15+0300 INFO: C:\Users\Ksenya\Desktop\hakaton\main\resource\42b7b6d1-42d2-42d8-b696-8035cbce3c88\main.py Старт. Выполняемый шаг: Присвоить значение переменной. id: ^0R|78#C*6Lo31|B;%K9
2026-05-23T16:47:15+0300 INFO: C:\Users\Ksenya\Desktop\hakaton\main\resource\42b7b6d1-42d2-42d8-b696-8035cbce3c88\main.py Выполнение. Выполняемый шаг: Присвоить значение переменной. id: ^0R|78#C*6Lo31|B;%K9
2026-05-23T16:47:15+0300 INFO: C:\Users\Ksenya\Desktop\hakaton\main\resource\42b7b6d1-42d2-42d8-b696-8035cbce3c88\main.py Завершение. Выполняемый шаг: Присвоить значение переменной. id: ^0R|78#C*6Lo31|B;%K9
2026-05-23T16:47:15+0300 INFO: C:\Users\Ksenya\Desktop\hakaton\main\resource\42b7b6d1-42d2-42d8-b696-8035cbce3c88\main.py Старт. Выполняемый шаг: Присвоить значение переменной. id: {Y3[LIYCU-/HNVs!NERe
2026-05-23T16:47:15+0300 INFO: C:\Users\Ksenya\Desktop\hakaton\main\resource\42b7b6d1-42d2-42d8-b696-8035cbce3c88\main.py Выполнение. Выполняемый шаг: Присвоить значение переменной. id: {Y3[LIYCU-/HNVs!NERe
2026-05-23T16:47:15+0300 INFO: C:\Users\Ksenya\Desktop\hakaton\main\resource\42b7b6d1-42d2-42d8-b696-8035cbce3c88\main.py Старт. Выполняемый шаг: Преобразовать дату. id: yIzw35kV+o$aK/*W)TAR
2026-05-23T16:47:15+0300 INFO: C:\Users\Ksenya\Desktop\hakaton\main\resource\42b7b6d1-42d2-42d8-b696-8035cbce3c88\main.py Завершение. Выполняемый шаг: Преобразовать дату. id: yIzw35kV+o$aK/*W)TAR
2026-05-23T16:47:15+0300 INFO: C:\Users\Ksenya\Desktop\hakaton\main\resource\42b7b6d1-42d2-42d8-b696-8035cbce3c88\main.py Завершение. Выполняемый шаг: Присвоить значение переменной. id: {Y3[LIYCU-/HNVs!NERe
2026-05-23T16:47:15+0300 INFO: C:\Users\Ksenya\Desktop\hakaton\main\resource\42b7b6d1-42d2-42d8-b696-8035cbce3c88\main.py Старт. Выполняемый шаг: Присвоить значение переменной. id: p$O:QoI+|4ux$8{ysFr:
2026-05-23T16:47:15+0300 INFO: C:\Users\Ksenya\Desktop\hakaton\main\resource\42b7b6d1-42d2-42d8-b696-8035cbce3c88\main.py Выполнение. Выполняемый шаг: Присвоить значение переменной. id: p$O:QoI+|4ux$8{ysFr:
2026-05-23T16:47:15+0300 INFO: C:\Users\Ksenya\Desktop\hakaton\main\resource\42b7b6d1-42d2-42d8-b696-8035cbce3c88\main.py Завершение. Выполняемый шаг: Присвоить значение переменной. id: p$O:QoI+|4ux$8{ysFr:
2026-05-23T16:47:15+0300 INFO: C:\Users\Ksenya\Desktop\hakaton\main\resource\42b7b6d1-42d2-42d8-b696-8035cbce3c88\main.py Старт. Выполняемый шаг: Присвоить значение переменной. id: ~|`}hQkYrPr!yvRWehM_
2026-05-23T16:47:15+0300 INFO: C:\Users\Ksenya\Desktop\hakaton\main\resource\42b7b6d1-42d2-42d8-b696-8035cbce3c88\main.py Выполнение. Выполняемый шаг: Присвоить значение переменной. id: ~|`}hQkYrPr!yvRWehM_
2026-05-23T16:47:15+0300 INFO: C:\Users\Ksenya\Desktop\hakaton\main\resource\42b7b6d1-42d2-42d8-b696-8035cbce3c88\main.py Старт. Выполняемый шаг: Преобразовать дату. id: y@cWp{?HPKMT0X6Rp6I$
2026-05-23T16:47:15+0300 INFO: C:\Users\Ksenya\Desktop\hakaton\main\resource\42b7b6d1-42d2-42d8-b696-8035cbce3c88\main.py Завершение. Выполняемый шаг: Преобразовать дату. id: y@cWp{?HPKMT0X6Rp6I$
2026-05-23T16:47:15+0300 INFO: C:\Users\Ksenya\Desktop\hakaton\main\resource\42b7b6d1-42d2-42d8-b696-8035cbce3c88\main.py Завершение. Выполняемый шаг: Присвоить значение переменной. id: ~|`}hQkYrPr!yvRWehM_
2026-05-23T16:47:15+0300 INFO: C:\Users\Ksenya\Desktop\hakaton\main\resource\42b7b6d1-42d2-42d8-b696-8035cbce3c88\main.py Старт. Выполняемый шаг: Присвоить значение переменной. id: ]Nwow_`34-zY1snYsMa=
2026-05-23T16:47:15+0300 INFO: C:\Users\Ksenya\Desktop\hakaton\main\resource\42b7b6d1-42d2-42d8-b696-8035cbce3c88\main.py Выполнение. Выполняемый шаг: Присвоить значение переменной. id: ]Nwow_`34-zY1snYsMa=
2026-05-23T16:47:15+0300 INFO: C:\Users\Ksenya\Desktop\hakaton\main\resource\42b7b6d1-42d2-42d8-b696-8035cbce3c88\main.py Завершение. Выполняемый шаг: Присвоить значение переменной. id: ]Nwow_`34-zY1snYsMa=
2026-05-23T16:47:15+0300 INFO: C:\Users\Ksenya\Desktop\hakaton\main\resource\42b7b6d1-42d2-42d8-b696-8035cbce3c88\main.py Старт. Выполняемый шаг: Присвоить значение переменной. id: 7qHD^~+B#bUSw)9hi;V5
2026-05-23T16:47:15+0300 INFO: C:\Users\Ksenya\Desktop\hakaton\main\resource\42b7b6d1-42d2-42d8-b696-8035cbce3c88\main.py Выполнение. Выполняемый шаг: Присвоить значение переменной. id: 7qHD^~+B#bUSw)9hi;V5
2026-05-23T16:47:15+0300 INFO: C:\Users\Ksenya\Desktop\hakaton\main\resource\42b7b6d1-42d2-42d8-b696-8035cbce3c88\main.py Завершение. Выполняемый шаг: Присвоить значение переменной. id: 7qHD^~+B#bUSw)9hi;V5
2026-05-23T16:47:15+0300 INFO: C:\Users\Ksenya\Desktop\hakaton\main\resource\42b7b6d1-42d2-42d8-b696-8035cbce3c88\main.py Старт. Выполняемый шаг: Присвоить значение переменной. id: 3oGjmJ`CaVRVz9#qu*_m
2026-05-23T16:47:15+0300 INFO: C:\Users\Ksenya\Desktop\hakaton\main\resource\42b7b6d1-42d2-42d8-b696-8035cbce3c88\main.py Выполнение. Выполняемый шаг: Присвоить значение переменной. id: 3oGjmJ`CaVRVz9#qu*_m
2026-05-23T16:47:15+0300 INFO: C:\Users\Ksenya\Desktop\hakaton\main\resource\42b7b6d1-42d2-42d8-b696-8035cbce3c88\main.py Завершение. Выполняемый шаг: Присвоить значение переменной. id: 3oGjmJ`CaVRVz9#qu*_m
2026-05-23T16:47:15+0300 INFO: C:\Users\Ksenya\Desktop\hakaton\main\resource\42b7b6d1-42d2-42d8-b696-8035cbce3c88\main.py Старт. Выполняемый шаг: Присвоить значение переменной. id: :kF]*7FA#}yI!L)At3D0
2026-05-23T16:47:15+0300 INFO: C:\Users\Ksenya\Desktop\hakaton\main\resource\42b7b6d1-42d2-42d8-b696-8035cbce3c88\main.py Выполнение. Выполняемый шаг: Присвоить значение переменной. id: :kF]*7FA#}yI!L)At3D0
2026-05-23T16:47:15+0300 INFO: C:\Users\Ksenya\Desktop\hakaton\main\resource\42b7b6d1-42d2-42d8-b696-8035cbce3c88\main.py Завершение. Выполняемый шаг: Присвоить значение переменной. id: :kF]*7FA#}yI!L)At3D0
2026-05-23T16:47:15+0300 INFO: C:\Users\Ksenya\Desktop\hakaton\main\resource\42b7b6d1-42d2-42d8-b696-8035cbce3c88\main.py Отправляю запрос в 1С
2026-05-23T16:47:15+0300 INFO: C:\Users\Ksenya\Desktop\hakaton\main\resource\42b7b6d1-42d2-42d8-b696-8035cbce3c88\main.py Старт. Выполняемый шаг: Присвоить значение переменной. id: 5Ew%Wt$JK+7d7TXLxId_
2026-05-23T16:47:15+0300 INFO: C:\Users\Ksenya\Desktop\hakaton\main\resource\42b7b6d1-42d2-42d8-b696-8035cbce3c88\main.py Выполнение. Выполняемый шаг: Присвоить значение переменной. id: 5Ew%Wt$JK+7d7TXLxId_
2026-05-23T16:47:15+0300 INFO: C:\Users\Ksenya\Desktop\hakaton\main\resource\42b7b6d1-42d2-42d8-b696-8035cbce3c88\main.py Старт. Выполняемый шаг: Создать сессию браузера. id: 4#bM-7PYt%bTkrSh8bfZ
2026-05-23T16:47:21+0300 INFO: C:\Users\Ksenya\Desktop\hakaton\main\resource\42b7b6d1-42d2-42d8-b696-8035cbce3c88\main.py Завершение. Выполняемый шаг: Создать сессию браузера. id: 4#bM-7PYt%bTkrSh8bfZ
2026-05-23T16:47:21+0300 INFO: C:\Users\Ksenya\Desktop\hakaton\main\resource\42b7b6d1-42d2-42d8-b696-8035cbce3c88\main.py Завершение. Выполняемый шаг: Присвоить значение переменной. id: 5Ew%Wt$JK+7d7TXLxId_
2026-05-23T16:47:21+0300 INFO: C:\Users\Ksenya\Desktop\hakaton\main\resource\42b7b6d1-42d2-42d8-b696-8035cbce3c88\main.py Старт. Выполняемый шаг: Открыть страницу в браузере. id: _{QT4zD{Fqs69!/:|#zp
2026-05-23T16:47:21+0300 INFO: C:\Users\Ksenya\Desktop\hakaton\main\resource\42b7b6d1-42d2-42d8-b696-8035cbce3c88\main.py Выполнение. Выполняемый шаг: Открыть страницу в браузере. id: _{QT4zD{Fqs69!/:|#zp
2026-05-23T16:47:24+0300 INFO: C:\Users\Ksenya\Desktop\hakaton\main\resource\42b7b6d1-42d2-42d8-b696-8035cbce3c88\main.py Завершение. Выполняемый шаг: Открыть страницу в браузере. id: _{QT4zD{Fqs69!/:|#zp
2026-05-23T16:47:24+0300 INFO: C:\Users\Ksenya\Desktop\hakaton\main\resource\42b7b6d1-42d2-42d8-b696-8035cbce3c88\main.py Старт. Выполняемый шаг: Задержка. id: ??=,o)g^!HRb+gO2+Wzh
2026-05-23T16:47:24+0300 INFO: C:\Users\Ksenya\Desktop\hakaton\main\resource\42b7b6d1-42d2-42d8-b696-8035cbce3c88\main.py Выполнение. Выполняемый шаг: Задержка. id: ??=,o)g^!HRb+gO2+Wzh
2026-05-23T16:47:24+0300 INFO: C:\Users\Ksenya\Desktop\hakaton\main\resource\42b7b6d1-42d2-42d8-b696-8035cbce3c88\main.py Старт. Выполняемый шаг: Преобразовать строку в число. id: {Rsp$JX%Cwa].U=6UmD=
2026-05-23T16:47:24+0300 INFO: C:\Users\Ksenya\Desktop\hakaton\main\resource\42b7b6d1-42d2-42d8-b696-8035cbce3c88\main.py Завершение. Выполняемый шаг: Преобразовать строку в число. id: {Rsp$JX%Cwa].U=6UmD=
2026-05-23T16:47:27+0300 INFO: C:\Users\Ksenya\Desktop\hakaton\main\resource\42b7b6d1-42d2-42d8-b696-8035cbce3c88\main.py Завершение. Выполняемый шаг: Задержка. id: ??=,o)g^!HRb+gO2+Wzh
2026-05-23T16:47:27+0300 INFO: C:\Users\Ksenya\Desktop\hakaton\main\resource\42b7b6d1-42d2-42d8-b696-8035cbce3c88\main.py Старт. Выполняемый шаг: Клик по Web-элементу. id: EBp7HZH}x+19aqf!)2/)
2026-05-23T16:47:27+0300 INFO: C:\Users\Ksenya\Desktop\hakaton\main\resource\42b7b6d1-42d2-42d8-b696-8035cbce3c88\main.py Выполнение. Выполняемый шаг: Клик по Web-элементу. id: EBp7HZH}x+19aqf!)2/)
2026-05-23T16:47:27+0300 INFO: C:\Users\Ksenya\Desktop\hakaton\main\resource\42b7b6d1-42d2-42d8-b696-8035cbce3c88\main.py Завершение. Выполняемый шаг: Клик по Web-элементу. id: EBp7HZH}x+19aqf!)2/)
2026-05-23T16:47:27+0300 INFO: C:\Users\Ksenya\Desktop\hakaton\main\resource\42b7b6d1-42d2-42d8-b696-8035cbce3c88\main.py Старт. Выполняемый шаг: Ввод в веб-сайт. id: %w9B]^SDY]u6w8A[VN]B
2026-05-23T16:47:27+0300 INFO: C:\Users\Ksenya\Desktop\hakaton\main\resource\42b7b6d1-42d2-42d8-b696-8035cbce3c88\main.py Выполнение. Выполняемый шаг: Ввод в веб-сайт. id: %w9B]^SDY]u6w8A[VN]B
2026-05-23T16:47:27+0300 INFO: C:\Users\Ksenya\Desktop\hakaton\main\resource\42b7b6d1-42d2-42d8-b696-8035cbce3c88\main.py Завершение. Выполняемый шаг: Ввод в веб-сайт. id: %w9B]^SDY]u6w8A[VN]B
2026-05-23T16:47:27+0300 INFO: C:\Users\Ksenya\Desktop\hakaton\main\resource\42b7b6d1-42d2-42d8-b696-8035cbce3c88\main.py Старт. Выполняемый шаг: Клик по Web-элементу. id: H6A$`ZrfUnP;M.)V!gP%
2026-05-23T16:47:27+0300 INFO: C:\Users\Ksenya\Desktop\hakaton\main\resource\42b7b6d1-42d2-42d8-b696-8035cbce3c88\main.py Выполнение. Выполняемый шаг: Клик по Web-элементу. id: H6A$`ZrfUnP;M.)V!gP%
2026-05-23T16:47:27+0300 INFO: C:\Users\Ksenya\Desktop\hakaton\main\resource\42b7b6d1-42d2-42d8-b696-8035cbce3c88\main.py Завершение. Выполняемый шаг: Клик по Web-элементу. id: H6A$`ZrfUnP;M.)V!gP%
2026-05-23T16:47:27+0300 INFO: C:\Users\Ksenya\Desktop\hakaton\main\resource\42b7b6d1-42d2-42d8-b696-8035cbce3c88\main.py Старт. Выполняемый шаг: Ввод в веб-сайт. id: y:}|lxK((=67v}qu8Ym-
2026-05-23T16:47:27+0300 INFO: C:\Users\Ksenya\Desktop\hakaton\main\resource\42b7b6d1-42d2-42d8-b696-8035cbce3c88\main.py Выполнение. Выполняемый шаг: Ввод в веб-сайт. id: y:}|lxK((=67v}qu8Ym-
2026-05-23T16:47:28+0300 INFO: C:\Users\Ksenya\Desktop\hakaton\main\resource\42b7b6d1-42d2-42d8-b696-8035cbce3c88\main.py Завершение. Выполняемый шаг: Ввод в веб-сайт. id: y:}|lxK((=67v}qu8Ym-
2026-05-23T16:47:28+0300 INFO: C:\Users\Ksenya\Desktop\hakaton\main\resource\42b7b6d1-42d2-42d8-b696-8035cbce3c88\main.py Старт. Выполняемый шаг: Клик по Web-элементу. id: [Q2@mu?#NQ2xEX2OXYF$
2026-05-23T16:47:28+0300 INFO: C:\Users\Ksenya\Desktop\hakaton\main\resource\42b7b6d1-42d2-42d8-b696-8035cbce3c88\main.py Выполнение. Выполняемый шаг: Клик по Web-элементу. id: [Q2@mu?#NQ2xEX2OXYF$
2026-05-23T16:47:28+0300 INFO: C:\Users\Ksenya\Desktop\hakaton\main\resource\42b7b6d1-42d2-42d8-b696-8035cbce3c88\main.py Завершение. Выполняемый шаг: Клик по Web-элементу. id: [Q2@mu?#NQ2xEX2OXYF$
2026-05-23T16:47:28+0300 INFO: C:\Users\Ksenya\Desktop\hakaton\main\resource\42b7b6d1-42d2-42d8-b696-8035cbce3c88\main.py Старт. Выполняемый шаг: Задержка. id: `^?P,o-StU!YIwW:*51`
2026-05-23T16:47:28+0300 INFO: C:\Users\Ksenya\Desktop\hakaton\main\resource\42b7b6d1-42d2-42d8-b696-8035cbce3c88\main.py Выполнение. Выполняемый шаг: Задержка. id: `^?P,o-StU!YIwW:*51`
2026-05-23T16:47:28+0300 INFO: C:\Users\Ksenya\Desktop\hakaton\main\resource\42b7b6d1-42d2-42d8-b696-8035cbce3c88\main.py Старт. Выполняемый шаг: Преобразовать строку в число. id: uw`j?F`+X9C3RI;{kpUw
2026-05-23T16:47:28+0300 INFO: C:\Users\Ksenya\Desktop\hakaton\main\resource\42b7b6d1-42d2-42d8-b696-8035cbce3c88\main.py Завершение. Выполняемый шаг: Преобразовать строку в число. id: uw`j?F`+X9C3RI;{kpUw
2026-05-23T16:47:48+0300 INFO: C:\Users\Ksenya\Desktop\hakaton\main\resource\42b7b6d1-42d2-42d8-b696-8035cbce3c88\main.py Завершение. Выполняемый шаг: Задержка. id: `^?P,o-StU!YIwW:*51`
2026-05-23T16:47:48+0300 INFO: C:\Users\Ksenya\Desktop\hakaton\main\resource\42b7b6d1-42d2-42d8-b696-8035cbce3c88\main.py Старт. Выполняемый шаг: Клик по Web-элементу. id: !*p3azK$H5lkwE@DW$s_
2026-05-23T16:47:48+0300 INFO: C:\Users\Ksenya\Desktop\hakaton\main\resource\42b7b6d1-42d2-42d8-b696-8035cbce3c88\main.py Выполнение. Выполняемый шаг: Клик по Web-элементу. id: !*p3azK$H5lkwE@DW$s_
2026-05-23T16:47:48+0300 INFO: C:\Users\Ksenya\Desktop\hakaton\main\resource\42b7b6d1-42d2-42d8-b696-8035cbce3c88\main.py Завершение. Выполняемый шаг: Клик по Web-элементу. id: !*p3azK$H5lkwE@DW$s_
2026-05-23T16:47:48+0300 INFO: C:\Users\Ksenya\Desktop\hakaton\main\resource\42b7b6d1-42d2-42d8-b696-8035cbce3c88\main.py Старт. Выполняемый шаг: Клик по Web-элементу. id: ]8Xi8xyWQkijnuXN/Mwn
2026-05-23T16:47:48+0300 INFO: C:\Users\Ksenya\Desktop\hakaton\main\resource\42b7b6d1-42d2-42d8-b696-8035cbce3c88\main.py Выполнение. Выполняемый шаг: Клик по Web-элементу. id: ]8Xi8xyWQkijnuXN/Mwn
2026-05-23T16:47:48+0300 INFO: C:\Users\Ksenya\Desktop\hakaton\main\resource\42b7b6d1-42d2-42d8-b696-8035cbce3c88\main.py Завершение. Выполняемый шаг: Клик по Web-элементу. id: ]8Xi8xyWQkijnuXN/Mwn
2026-05-23T16:47:48+0300 INFO: C:\Users\Ksenya\Desktop\hakaton\main\resource\42b7b6d1-42d2-42d8-b696-8035cbce3c88\main.py Старт. Выполняемый шаг: Задержка. id: VU)/`[}phd5x(Hgc{WKY
2026-05-23T16:47:49+0300 INFO: C:\Users\Ksenya\Desktop\hakaton\main\resource\42b7b6d1-42d2-42d8-b696-8035cbce3c88\main.py Выполнение. Выполняемый шаг: Задержка. id: VU)/`[}phd5x(Hgc{WKY
2026-05-23T16:47:49+0300 INFO: C:\Users\Ksenya\Desktop\hakaton\main\resource\42b7b6d1-42d2-42d8-b696-8035cbce3c88\main.py Старт. Выполняемый шаг: Преобразовать строку в число. id: 92hAgGOGGlotF2$TAf{$
2026-05-23T16:47:49+0300 INFO: C:\Users\Ksenya\Desktop\hakaton\main\resource\42b7b6d1-42d2-42d8-b696-8035cbce3c88\main.py Завершение. Выполняемый шаг: Преобразовать строку в число. id: 92hAgGOGGlotF2$TAf{$
2026-05-23T16:47:54+0300 INFO: C:\Users\Ksenya\Desktop\hakaton\main\resource\42b7b6d1-42d2-42d8-b696-8035cbce3c88\main.py Завершение. Выполняемый шаг: Задержка. id: VU)/`[}phd5x(Hgc{WKY
2026-05-23T16:47:54+0300 INFO: C:\Users\Ksenya\Desktop\hakaton\main\resource\42b7b6d1-42d2-42d8-b696-8035cbce3c88\main.py Старт. Выполняемый шаг: Ввод в 1C-веб. id: GY)ZR_u4zf.~_0inu*)x
2026-05-23T16:48:07+0300 INFO: C:\Users\Ksenya\Desktop\hakaton\main\resource\42b7b6d1-42d2-42d8-b696-8035cbce3c88\main.py Выполнение. Выполняемый шаг: Ввод в 1C-веб. id: GY)ZR_u4zf.~_0inu*)x
2026-05-23T16:55:29+0300 INFO: Старт робота: C:\Users\Ksenya\Desktop\hakaton\main\resource\b289b35e-7c24-4e33-b32f-b678db11ba22\main.py
2026-05-23T16:55:29+0300 INFO: C:\Users\Ksenya\Desktop\hakaton\main\resource\b289b35e-7c24-4e33-b32f-b678db11ba22\main.py Старт. Выполняемый шаг: Обработка ошибки. id: E(ohZ?TiZWX5;}Gqu-r,
2026-05-23T16:55:30+0300 INFO: C:\Users\Ksenya\Desktop\hakaton\main\resource\b289b35e-7c24-4e33-b32f-b678db11ba22\main.py Выполнение. Выполняемый шаг: Обработка ошибки. id: E(ohZ?TiZWX5;}Gqu-r,
2026-05-23T16:55:30+0300 INFO: C:\Users\Ksenya\Desktop\hakaton\main\resource\b289b35e-7c24-4e33-b32f-b678db11ba22\main.py Робот запущен
2026-05-23T16:55:30+0300 INFO: C:\Users\Ksenya\Desktop\hakaton\main\resource\b289b35e-7c24-4e33-b32f-b678db11ba22\main.py Старт. Выполняемый шаг: Присвоить значение переменной. id: uT8K_dR,wNXk4m?dkCsM
2026-05-23T16:55:31+0300 INFO: C:\Users\Ksenya\Desktop\hakaton\main\resource\b289b35e-7c24-4e33-b32f-b678db11ba22\main.py Выполнение. Выполняемый шаг: Присвоить значение переменной. id: uT8K_dR,wNXk4m?dkCsM
2026-05-23T16:55:31+0300 INFO: C:\Users\Ksenya\Desktop\hakaton\main\resource\b289b35e-7c24-4e33-b32f-b678db11ba22\main.py Завершение. Выполняемый шаг: Присвоить значение переменной. id: uT8K_dR,wNXk4m?dkCsM
2026-05-23T16:55:31+0300 INFO: C:\Users\Ksenya\Desktop\hakaton\main\resource\b289b35e-7c24-4e33-b32f-b678db11ba22\main.py Старт. Выполняемый шаг: Присвоить значение переменной. id: :MAZ.Rz62:ZsFDl7vQQJ
2026-05-23T16:55:31+0300 INFO: C:\Users\Ksenya\Desktop\hakaton\main\resource\b289b35e-7c24-4e33-b32f-b678db11ba22\main.py Выполнение. Выполняемый шаг: Присвоить значение переменной. id: :MAZ.Rz62:ZsFDl7vQQJ
2026-05-23T16:55:31+0300 INFO: C:\Users\Ksenya\Desktop\hakaton\main\resource\b289b35e-7c24-4e33-b32f-b678db11ba22\main.py Завершение. Выполняемый шаг: Присвоить значение переменной. id: :MAZ.Rz62:ZsFDl7vQQJ
2026-05-23T16:55:31+0300 INFO: C:\Users\Ksenya\Desktop\hakaton\main\resource\b289b35e-7c24-4e33-b32f-b678db11ba22\main.py Старт. Выполняемый шаг: Присвоить значение переменной. id: WBqw15|Z#}dx_{yM[UJS
2026-05-23T16:55:31+0300 INFO: C:\Users\Ksenya\Desktop\hakaton\main\resource\b289b35e-7c24-4e33-b32f-b678db11ba22\main.py Выполнение. Выполняемый шаг: Присвоить значение переменной. id: WBqw15|Z#}dx_{yM[UJS
2026-05-23T16:55:31+0300 INFO: C:\Users\Ksenya\Desktop\hakaton\main\resource\b289b35e-7c24-4e33-b32f-b678db11ba22\main.py Завершение. Выполняемый шаг: Присвоить значение переменной. id: WBqw15|Z#}dx_{yM[UJS
2026-05-23T16:55:31+0300 INFO: C:\Users\Ksenya\Desktop\hakaton\main\resource\b289b35e-7c24-4e33-b32f-b678db11ba22\main.py Старт. Выполняемый шаг: Присвоить значение переменной. id: ZD}VS]B8yU%7IR$_1:gx
2026-05-23T16:55:31+0300 INFO: C:\Users\Ksenya\Desktop\hakaton\main\resource\b289b35e-7c24-4e33-b32f-b678db11ba22\main.py Выполнение. Выполняемый шаг: Присвоить значение переменной. id: ZD}VS]B8yU%7IR$_1:gx
2026-05-23T16:55:31+0300 INFO: C:\Users\Ksenya\Desktop\hakaton\main\resource\b289b35e-7c24-4e33-b32f-b678db11ba22\main.py Старт. Выполняемый шаг: Прочитать файл. id: h-7qLFMP}Ex#VZ)Ao@jd
2026-05-23T16:55:31+0300 INFO: C:\Users\Ksenya\Desktop\hakaton\main\resource\b289b35e-7c24-4e33-b32f-b678db11ba22\main.py Завершение. Выполняемый шаг: Прочитать файл. id: h-7qLFMP}Ex#VZ)Ao@jd
2026-05-23T16:55:31+0300 INFO: C:\Users\Ksenya\Desktop\hakaton\main\resource\b289b35e-7c24-4e33-b32f-b678db11ba22\main.py Завершение. Выполняемый шаг: Присвоить значение переменной. id: ZD}VS]B8yU%7IR$_1:gx
2026-05-23T16:55:31+0300 INFO: C:\Users\Ksenya\Desktop\hakaton\main\resource\b289b35e-7c24-4e33-b32f-b678db11ba22\main.py Старт. Выполняемый шаг: Присвоить значение переменной. id: ^0R|78#C*6Lo31|B;%K9
2026-05-23T16:55:31+0300 INFO: C:\Users\Ksenya\Desktop\hakaton\main\resource\b289b35e-7c24-4e33-b32f-b678db11ba22\main.py Выполнение. Выполняемый шаг: Присвоить значение переменной. id: ^0R|78#C*6Lo31|B;%K9
2026-05-23T16:55:31+0300 INFO: C:\Users\Ksenya\Desktop\hakaton\main\resource\b289b35e-7c24-4e33-b32f-b678db11ba22\main.py Завершение. Выполняемый шаг: Присвоить значение переменной. id: ^0R|78#C*6Lo31|B;%K9
2026-05-23T16:55:31+0300 INFO: C:\Users\Ksenya\Desktop\hakaton\main\resource\b289b35e-7c24-4e33-b32f-b678db11ba22\main.py Старт. Выполняемый шаг: Присвоить значение переменной. id: {Y3[LIYCU-/HNVs!NERe
2026-05-23T16:55:31+0300 INFO: C:\Users\Ksenya\Desktop\hakaton\main\resource\b289b35e-7c24-4e33-b32f-b678db11ba22\main.py Выполнение. Выполняемый шаг: Присвоить значение переменной. id: {Y3[LIYCU-/HNVs!NERe
2026-05-23T16:55:31+0300 INFO: C:\Users\Ksenya\Desktop\hakaton\main\resource\b289b35e-7c24-4e33-b32f-b678db11ba22\main.py Старт. Выполняемый шаг: Преобразовать дату. id: yIzw35kV+o$aK/*W)TAR
2026-05-23T16:55:31+0300 INFO: C:\Users\Ksenya\Desktop\hakaton\main\resource\b289b35e-7c24-4e33-b32f-b678db11ba22\main.py Завершение. Выполняемый шаг: Преобразовать дату. id: yIzw35kV+o$aK/*W)TAR
2026-05-23T16:55:31+0300 INFO: C:\Users\Ksenya\Desktop\hakaton\main\resource\b289b35e-7c24-4e33-b32f-b678db11ba22\main.py Завершение. Выполняемый шаг: Присвоить значение переменной. id: {Y3[LIYCU-/HNVs!NERe
2026-05-23T16:55:31+0300 INFO: C:\Users\Ksenya\Desktop\hakaton\main\resource\b289b35e-7c24-4e33-b32f-b678db11ba22\main.py Старт. Выполняемый шаг: Присвоить значение переменной. id: p$O:QoI+|4ux$8{ysFr:
2026-05-23T16:55:31+0300 INFO: C:\Users\Ksenya\Desktop\hakaton\main\resource\b289b35e-7c24-4e33-b32f-b678db11ba22\main.py Выполнение. Выполняемый шаг: Присвоить значение переменной. id: p$O:QoI+|4ux$8{ysFr:
2026-05-23T16:55:31+0300 INFO: C:\Users\Ksenya\Desktop\hakaton\main\resource\b289b35e-7c24-4e33-b32f-b678db11ba22\main.py Завершение. Выполняемый шаг: Присвоить значение переменной. id: p$O:QoI+|4ux$8{ysFr:
2026-05-23T16:55:31+0300 INFO: C:\Users\Ksenya\Desktop\hakaton\main\resource\b289b35e-7c24-4e33-b32f-b678db11ba22\main.py Старт. Выполняемый шаг: Присвоить значение переменной. id: ~|`}hQkYrPr!yvRWehM_
2026-05-23T16:55:31+0300 INFO: C:\Users\Ksenya\Desktop\hakaton\main\resource\b289b35e-7c24-4e33-b32f-b678db11ba22\main.py Выполнение. Выполняемый шаг: Присвоить значение переменной. id: ~|`}hQkYrPr!yvRWehM_
2026-05-23T16:55:31+0300 INFO: C:\Users\Ksenya\Desktop\hakaton\main\resource\b289b35e-7c24-4e33-b32f-b678db11ba22\main.py Старт. Выполняемый шаг: Преобразовать дату. id: y@cWp{?HPKMT0X6Rp6I$
2026-05-23T16:55:31+0300 INFO: C:\Users\Ksenya\Desktop\hakaton\main\resource\b289b35e-7c24-4e33-b32f-b678db11ba22\main.py Завершение. Выполняемый шаг: Преобразовать дату. id: y@cWp{?HPKMT0X6Rp6I$
2026-05-23T16:55:31+0300 INFO: C:\Users\Ksenya\Desktop\hakaton\main\resource\b289b35e-7c24-4e33-b32f-b678db11ba22\main.py Завершение. Выполняемый шаг: Присвоить значение переменной. id: ~|`}hQkYrPr!yvRWehM_
2026-05-23T16:55:31+0300 INFO: C:\Users\Ksenya\Desktop\hakaton\main\resource\b289b35e-7c24-4e33-b32f-b678db11ba22\main.py Старт. Выполняемый шаг: Присвоить значение переменной. id: ]Nwow_`34-zY1snYsMa=
2026-05-23T16:55:31+0300 INFO: C:\Users\Ksenya\Desktop\hakaton\main\resource\b289b35e-7c24-4e33-b32f-b678db11ba22\main.py Выполнение. Выполняемый шаг: Присвоить значение переменной. id: ]Nwow_`34-zY1snYsMa=
2026-05-23T16:55:31+0300 INFO: C:\Users\Ksenya\Desktop\hakaton\main\resource\b289b35e-7c24-4e33-b32f-b678db11ba22\main.py Завершение. Выполняемый шаг: Присвоить значение переменной. id: ]Nwow_`34-zY1snYsMa=
2026-05-23T16:55:31+0300 INFO: C:\Users\Ksenya\Desktop\hakaton\main\resource\b289b35e-7c24-4e33-b32f-b678db11ba22\main.py Старт. Выполняемый шаг: Присвоить значение переменной. id: 7qHD^~+B#bUSw)9hi;V5
2026-05-23T16:55:31+0300 INFO: C:\Users\Ksenya\Desktop\hakaton\main\resource\b289b35e-7c24-4e33-b32f-b678db11ba22\main.py Выполнение. Выполняемый шаг: Присвоить значение переменной. id: 7qHD^~+B#bUSw)9hi;V5
2026-05-23T16:55:31+0300 INFO: C:\Users\Ksenya\Desktop\hakaton\main\resource\b289b35e-7c24-4e33-b32f-b678db11ba22\main.py Завершение. Выполняемый шаг: Присвоить значение переменной. id: 7qHD^~+B#bUSw)9hi;V5
2026-05-23T16:55:31+0300 INFO: C:\Users\Ksenya\Desktop\hakaton\main\resource\b289b35e-7c24-4e33-b32f-b678db11ba22\main.py Старт. Выполняемый шаг: Присвоить значение переменной. id: 3oGjmJ`CaVRVz9#qu*_m
2026-05-23T16:55:31+0300 INFO: C:\Users\Ksenya\Desktop\hakaton\main\resource\b289b35e-7c24-4e33-b32f-b678db11ba22\main.py Выполнение. Выполняемый шаг: Присвоить значение переменной. id: 3oGjmJ`CaVRVz9#qu*_m
2026-05-23T16:55:31+0300 INFO: C:\Users\Ksenya\Desktop\hakaton\main\resource\b289b35e-7c24-4e33-b32f-b678db11ba22\main.py Завершение. Выполняемый шаг: Присвоить значение переменной. id: 3oGjmJ`CaVRVz9#qu*_m
2026-05-23T16:55:31+0300 INFO: C:\Users\Ksenya\Desktop\hakaton\main\resource\b289b35e-7c24-4e33-b32f-b678db11ba22\main.py Старт. Выполняемый шаг: Присвоить значение переменной. id: :kF]*7FA#}yI!L)At3D0
2026-05-23T16:55:31+0300 INFO: C:\Users\Ksenya\Desktop\hakaton\main\resource\b289b35e-7c24-4e33-b32f-b678db11ba22\main.py Выполнение. Выполняемый шаг: Присвоить значение переменной. id: :kF]*7FA#}yI!L)At3D0
2026-05-23T16:55:31+0300 INFO: C:\Users\Ksenya\Desktop\hakaton\main\resource\b289b35e-7c24-4e33-b32f-b678db11ba22\main.py Завершение. Выполняемый шаг: Присвоить значение переменной. id: :kF]*7FA#}yI!L)At3D0
2026-05-23T16:55:31+0300 INFO: C:\Users\Ksenya\Desktop\hakaton\main\resource\b289b35e-7c24-4e33-b32f-b678db11ba22\main.py Отправляю запрос в 1С
2026-05-23T16:55:31+0300 INFO: C:\Users\Ksenya\Desktop\hakaton\main\resource\b289b35e-7c24-4e33-b32f-b678db11ba22\main.py Старт. Выполняемый шаг: Присвоить значение переменной. id: 5Ew%Wt$JK+7d7TXLxId_
2026-05-23T16:55:31+0300 INFO: C:\Users\Ksenya\Desktop\hakaton\main\resource\b289b35e-7c24-4e33-b32f-b678db11ba22\main.py Выполнение. Выполняемый шаг: Присвоить значение переменной. id: 5Ew%Wt$JK+7d7TXLxId_
2026-05-23T16:55:31+0300 INFO: C:\Users\Ksenya\Desktop\hakaton\main\resource\b289b35e-7c24-4e33-b32f-b678db11ba22\main.py Старт. Выполняемый шаг: Создать сессию браузера. id: 4#bM-7PYt%bTkrSh8bfZ
2026-05-23T16:55:38+0300 INFO: C:\Users\Ksenya\Desktop\hakaton\main\resource\b289b35e-7c24-4e33-b32f-b678db11ba22\main.py Завершение. Выполняемый шаг: Создать сессию браузера. id: 4#bM-7PYt%bTkrSh8bfZ
2026-05-23T16:55:38+0300 INFO: C:\Users\Ksenya\Desktop\hakaton\main\resource\b289b35e-7c24-4e33-b32f-b678db11ba22\main.py Завершение. Выполняемый шаг: Присвоить значение переменной. id: 5Ew%Wt$JK+7d7TXLxId_
2026-05-23T16:55:38+0300 INFO: C:\Users\Ksenya\Desktop\hakaton\main\resource\b289b35e-7c24-4e33-b32f-b678db11ba22\main.py Старт. Выполняемый шаг: Открыть страницу в браузере. id: _{QT4zD{Fqs69!/:|#zp
2026-05-23T16:55:38+0300 INFO: C:\Users\Ksenya\Desktop\hakaton\main\resource\b289b35e-7c24-4e33-b32f-b678db11ba22\main.py Выполнение. Выполняемый шаг: Открыть страницу в браузере. id: _{QT4zD{Fqs69!/:|#zp
2026-05-23T16:55:40+0300 INFO: C:\Users\Ksenya\Desktop\hakaton\main\resource\b289b35e-7c24-4e33-b32f-b678db11ba22\main.py Завершение. Выполняемый шаг: Открыть страницу в браузере. id: _{QT4zD{Fqs69!/:|#zp
2026-05-23T16:55:40+0300 INFO: C:\Users\Ksenya\Desktop\hakaton\main\resource\b289b35e-7c24-4e33-b32f-b678db11ba22\main.py Старт. Выполняемый шаг: Задержка. id: ??=,o)g^!HRb+gO2+Wzh
2026-05-23T16:55:40+0300 INFO: C:\Users\Ksenya\Desktop\hakaton\main\resource\b289b35e-7c24-4e33-b32f-b678db11ba22\main.py Выполнение. Выполняемый шаг: Задержка. id: ??=,o)g^!HRb+gO2+Wzh
2026-05-23T16:55:40+0300 INFO: C:\Users\Ksenya\Desktop\hakaton\main\resource\b289b35e-7c24-4e33-b32f-b678db11ba22\main.py Старт. Выполняемый шаг: Преобразовать строку в число. id: {Rsp$JX%Cwa].U=6UmD=
2026-05-23T16:55:40+0300 INFO: C:\Users\Ksenya\Desktop\hakaton\main\resource\b289b35e-7c24-4e33-b32f-b678db11ba22\main.py Завершение. Выполняемый шаг: Преобразовать строку в число. id: {Rsp$JX%Cwa].U=6UmD=
2026-05-23T16:55:43+0300 INFO: C:\Users\Ksenya\Desktop\hakaton\main\resource\b289b35e-7c24-4e33-b32f-b678db11ba22\main.py Завершение. Выполняемый шаг: Задержка. id: ??=,o)g^!HRb+gO2+Wzh
2026-05-23T16:55:43+0300 INFO: C:\Users\Ksenya\Desktop\hakaton\main\resource\b289b35e-7c24-4e33-b32f-b678db11ba22\main.py Старт. Выполняемый шаг: Клик по Web-элементу. id: EBp7HZH}x+19aqf!)2/)
2026-05-23T16:55:43+0300 INFO: C:\Users\Ksenya\Desktop\hakaton\main\resource\b289b35e-7c24-4e33-b32f-b678db11ba22\main.py Выполнение. Выполняемый шаг: Клик по Web-элементу. id: EBp7HZH}x+19aqf!)2/)
2026-05-23T16:55:43+0300 INFO: C:\Users\Ksenya\Desktop\hakaton\main\resource\b289b35e-7c24-4e33-b32f-b678db11ba22\main.py Завершение. Выполняемый шаг: Клик по Web-элементу. id: EBp7HZH}x+19aqf!)2/)
2026-05-23T16:55:43+0300 INFO: C:\Users\Ksenya\Desktop\hakaton\main\resource\b289b35e-7c24-4e33-b32f-b678db11ba22\main.py Старт. Выполняемый шаг: Ввод в веб-сайт. id: %w9B]^SDY]u6w8A[VN]B
2026-05-23T16:55:43+0300 INFO: C:\Users\Ksenya\Desktop\hakaton\main\resource\b289b35e-7c24-4e33-b32f-b678db11ba22\main.py Выполнение. Выполняемый шаг: Ввод в веб-сайт. id: %w9B]^SDY]u6w8A[VN]B
2026-05-23T16:55:43+0300 INFO: C:\Users\Ksenya\Desktop\hakaton\main\resource\b289b35e-7c24-4e33-b32f-b678db11ba22\main.py Завершение. Выполняемый шаг: Ввод в веб-сайт. id: %w9B]^SDY]u6w8A[VN]B
2026-05-23T16:55:43+0300 INFO: C:\Users\Ksenya\Desktop\hakaton\main\resource\b289b35e-7c24-4e33-b32f-b678db11ba22\main.py Старт. Выполняемый шаг: Клик по Web-элементу. id: H6A$`ZrfUnP;M.)V!gP%
2026-05-23T16:55:43+0300 INFO: C:\Users\Ksenya\Desktop\hakaton\main\resource\b289b35e-7c24-4e33-b32f-b678db11ba22\main.py Выполнение. Выполняемый шаг: Клик по Web-элементу. id: H6A$`ZrfUnP;M.)V!gP%
2026-05-23T16:55:44+0300 INFO: C:\Users\Ksenya\Desktop\hakaton\main\resource\b289b35e-7c24-4e33-b32f-b678db11ba22\main.py Завершение. Выполняемый шаг: Клик по Web-элементу. id: H6A$`ZrfUnP;M.)V!gP%
2026-05-23T16:55:44+0300 INFO: C:\Users\Ksenya\Desktop\hakaton\main\resource\b289b35e-7c24-4e33-b32f-b678db11ba22\main.py Старт. Выполняемый шаг: Ввод в веб-сайт. id: y:}|lxK((=67v}qu8Ym-
2026-05-23T16:55:44+0300 INFO: C:\Users\Ksenya\Desktop\hakaton\main\resource\b289b35e-7c24-4e33-b32f-b678db11ba22\main.py Выполнение. Выполняемый шаг: Ввод в веб-сайт. id: y:}|lxK((=67v}qu8Ym-
2026-05-23T16:55:44+0300 INFO: C:\Users\Ksenya\Desktop\hakaton\main\resource\b289b35e-7c24-4e33-b32f-b678db11ba22\main.py Завершение. Выполняемый шаг: Ввод в веб-сайт. id: y:}|lxK((=67v}qu8Ym-
2026-05-23T16:55:44+0300 INFO: C:\Users\Ksenya\Desktop\hakaton\main\resource\b289b35e-7c24-4e33-b32f-b678db11ba22\main.py Старт. Выполняемый шаг: Клик по Web-элементу. id: [Q2@mu?#NQ2xEX2OXYF$
2026-05-23T16:55:44+0300 INFO: C:\Users\Ksenya\Desktop\hakaton\main\resource\b289b35e-7c24-4e33-b32f-b678db11ba22\main.py Выполнение. Выполняемый шаг: Клик по Web-элементу. id: [Q2@mu?#NQ2xEX2OXYF$
2026-05-23T16:55:44+0300 INFO: C:\Users\Ksenya\Desktop\hakaton\main\resource\b289b35e-7c24-4e33-b32f-b678db11ba22\main.py Завершение. Выполняемый шаг: Клик по Web-элементу. id: [Q2@mu?#NQ2xEX2OXYF$
2026-05-23T16:55:44+0300 INFO: C:\Users\Ksenya\Desktop\hakaton\main\resource\b289b35e-7c24-4e33-b32f-b678db11ba22\main.py Старт. Выполняемый шаг: Задержка. id: `^?P,o-StU!YIwW:*51`
2026-05-23T16:55:44+0300 INFO: C:\Users\Ksenya\Desktop\hakaton\main\resource\b289b35e-7c24-4e33-b32f-b678db11ba22\main.py Выполнение. Выполняемый шаг: Задержка. id: `^?P,o-StU!YIwW:*51`
2026-05-23T16:55:44+0300 INFO: C:\Users\Ksenya\Desktop\hakaton\main\resource\b289b35e-7c24-4e33-b32f-b678db11ba22\main.py Старт. Выполняемый шаг: Преобразовать строку в число. id: uw`j?F`+X9C3RI;{kpUw
2026-05-23T16:55:44+0300 INFO: C:\Users\Ksenya\Desktop\hakaton\main\resource\b289b35e-7c24-4e33-b32f-b678db11ba22\main.py Завершение. Выполняемый шаг: Преобразовать строку в число. id: uw`j?F`+X9C3RI;{kpUw
2026-05-23T16:56:04+0300 INFO: C:\Users\Ksenya\Desktop\hakaton\main\resource\b289b35e-7c24-4e33-b32f-b678db11ba22\main.py Завершение. Выполняемый шаг: Задержка. id: `^?P,o-StU!YIwW:*51`
2026-05-23T16:56:04+0300 INFO: C:\Users\Ksenya\Desktop\hakaton\main\resource\b289b35e-7c24-4e33-b32f-b678db11ba22\main.py Старт. Выполняемый шаг: Клик по Web-элементу. id: !*p3azK$H5lkwE@DW$s_
2026-05-23T16:56:04+0300 INFO: C:\Users\Ksenya\Desktop\hakaton\main\resource\b289b35e-7c24-4e33-b32f-b678db11ba22\main.py Выполнение. Выполняемый шаг: Клик по Web-элементу. id: !*p3azK$H5lkwE@DW$s_
2026-05-23T16:56:04+0300 INFO: C:\Users\Ksenya\Desktop\hakaton\main\resource\b289b35e-7c24-4e33-b32f-b678db11ba22\main.py Завершение. Выполняемый шаг: Клик по Web-элементу. id: !*p3azK$H5lkwE@DW$s_
2026-05-23T16:56:04+0300 INFO: C:\Users\Ksenya\Desktop\hakaton\main\resource\b289b35e-7c24-4e33-b32f-b678db11ba22\main.py Старт. Выполняемый шаг: Клик по Web-элементу. id: ]8Xi8xyWQkijnuXN/Mwn
2026-05-23T16:56:04+0300 INFO: C:\Users\Ksenya\Desktop\hakaton\main\resource\b289b35e-7c24-4e33-b32f-b678db11ba22\main.py Выполнение. Выполняемый шаг: Клик по Web-элементу. id: ]8Xi8xyWQkijnuXN/Mwn
2026-05-23T16:56:05+0300 ERROR: C:\Users\Ksenya\Desktop\hakaton\main\resource\b289b35e-7c24-4e33-b32f-b678db11ba22\main.py Ошибка выполнения робота
2026-05-23T16:56:05+0300 INFO: C:\Users\Ksenya\Desktop\hakaton\main\resource\b289b35e-7c24-4e33-b32f-b678db11ba22\main.py Завершение. Выполняемый шаг: Обработка ошибки. id: E(ohZ?TiZWX5;}Gqu-r,
2026-05-23T16:56:05+0300 INFO: Завершение работы робота: C:\Users\Ksenya\Desktop\hakaton\main\resource\b289b35e-7c24-4e33-b32f-b678db11ba22\main.py
2026-05-23T16:56:19+0300 INFO: Старт робота: C:\Users\Ksenya\Desktop\hakaton\main\resource\1b36fdfe-31a9-452a-8370-04deeacda880\main.py
2026-05-23T16:56:19+0300 INFO: C:\Users\Ksenya\Desktop\hakaton\main\resource\1b36fdfe-31a9-452a-8370-04deeacda880\main.py Старт. Выполняемый шаг: Обработка ошибки. id: E(ohZ?TiZWX5;}Gqu-r,
2026-05-23T16:56:20+0300 INFO: C:\Users\Ksenya\Desktop\hakaton\main\resource\1b36fdfe-31a9-452a-8370-04deeacda880\main.py Выполнение. Выполняемый шаг: Обработка ошибки. id: E(ohZ?TiZWX5;}Gqu-r,
2026-05-23T16:56:20+0300 INFO: C:\Users\Ksenya\Desktop\hakaton\main\resource\1b36fdfe-31a9-452a-8370-04deeacda880\main.py Робот запущен
2026-05-23T16:56:20+0300 INFO: C:\Users\Ksenya\Desktop\hakaton\main\resource\1b36fdfe-31a9-452a-8370-04deeacda880\main.py Старт. Выполняемый шаг: Присвоить значение переменной. id: uT8K_dR,wNXk4m?dkCsM
2026-05-23T16:56:21+0300 INFO: C:\Users\Ksenya\Desktop\hakaton\main\resource\1b36fdfe-31a9-452a-8370-04deeacda880\main.py Выполнение. Выполняемый шаг: Присвоить значение переменной. id: uT8K_dR,wNXk4m?dkCsM
2026-05-23T16:56:21+0300 INFO: C:\Users\Ksenya\Desktop\hakaton\main\resource\1b36fdfe-31a9-452a-8370-04deeacda880\main.py Завершение. Выполняемый шаг: Присвоить значение переменной. id: uT8K_dR,wNXk4m?dkCsM
2026-05-23T16:56:21+0300 INFO: C:\Users\Ksenya\Desktop\hakaton\main\resource\1b36fdfe-31a9-452a-8370-04deeacda880\main.py Старт. Выполняемый шаг: Присвоить значение переменной. id: :MAZ.Rz62:ZsFDl7vQQJ
2026-05-23T16:56:21+0300 INFO: C:\Users\Ksenya\Desktop\hakaton\main\resource\1b36fdfe-31a9-452a-8370-04deeacda880\main.py Выполнение. Выполняемый шаг: Присвоить значение переменной. id: :MAZ.Rz62:ZsFDl7vQQJ
2026-05-23T16:56:21+0300 INFO: C:\Users\Ksenya\Desktop\hakaton\main\resource\1b36fdfe-31a9-452a-8370-04deeacda880\main.py Завершение. Выполняемый шаг: Присвоить значение переменной. id: :MAZ.Rz62:ZsFDl7vQQJ
2026-05-23T16:56:21+0300 INFO: C:\Users\Ksenya\Desktop\hakaton\main\resource\1b36fdfe-31a9-452a-8370-04deeacda880\main.py Старт. Выполняемый шаг: Присвоить значение переменной. id: WBqw15|Z#}dx_{yM[UJS
2026-05-23T16:56:21+0300 INFO: C:\Users\Ksenya\Desktop\hakaton\main\resource\1b36fdfe-31a9-452a-8370-04deeacda880\main.py Выполнение. Выполняемый шаг: Присвоить значение переменной. id: WBqw15|Z#}dx_{yM[UJS
2026-05-23T16:56:21+0300 INFO: C:\Users\Ksenya\Desktop\hakaton\main\resource\1b36fdfe-31a9-452a-8370-04deeacda880\main.py Завершение. Выполняемый шаг: Присвоить значение переменной. id: WBqw15|Z#}dx_{yM[UJS
2026-05-23T16:56:21+0300 INFO: C:\Users\Ksenya\Desktop\hakaton\main\resource\1b36fdfe-31a9-452a-8370-04deeacda880\main.py Старт. Выполняемый шаг: Присвоить значение переменной. id: ZD}VS]B8yU%7IR$_1:gx
2026-05-23T16:56:21+0300 INFO: C:\Users\Ksenya\Desktop\hakaton\main\resource\1b36fdfe-31a9-452a-8370-04deeacda880\main.py Выполнение. Выполняемый шаг: Присвоить значение переменной. id: ZD}VS]B8yU%7IR$_1:gx
2026-05-23T16:56:21+0300 INFO: C:\Users\Ksenya\Desktop\hakaton\main\resource\1b36fdfe-31a9-452a-8370-04deeacda880\main.py Старт. Выполняемый шаг: Прочитать файл. id: h-7qLFMP}Ex#VZ)Ao@jd
2026-05-23T16:56:21+0300 INFO: C:\Users\Ksenya\Desktop\hakaton\main\resource\1b36fdfe-31a9-452a-8370-04deeacda880\main.py Завершение. Выполняемый шаг: Прочитать файл. id: h-7qLFMP}Ex#VZ)Ao@jd
2026-05-23T16:56:21+0300 INFO: C:\Users\Ksenya\Desktop\hakaton\main\resource\1b36fdfe-31a9-452a-8370-04deeacda880\main.py Завершение. Выполняемый шаг: Присвоить значение переменной. id: ZD}VS]B8yU%7IR$_1:gx
2026-05-23T16:56:21+0300 INFO: C:\Users\Ksenya\Desktop\hakaton\main\resource\1b36fdfe-31a9-452a-8370-04deeacda880\main.py Старт. Выполняемый шаг: Присвоить значение переменной. id: ^0R|78#C*6Lo31|B;%K9
2026-05-23T16:56:21+0300 INFO: C:\Users\Ksenya\Desktop\hakaton\main\resource\1b36fdfe-31a9-452a-8370-04deeacda880\main.py Выполнение. Выполняемый шаг: Присвоить значение переменной. id: ^0R|78#C*6Lo31|B;%K9
2026-05-23T16:56:21+0300 INFO: C:\Users\Ksenya\Desktop\hakaton\main\resource\1b36fdfe-31a9-452a-8370-04deeacda880\main.py Завершение. Выполняемый шаг: Присвоить значение переменной. id: ^0R|78#C*6Lo31|B;%K9
2026-05-23T16:56:21+0300 INFO: C:\Users\Ksenya\Desktop\hakaton\main\resource\1b36fdfe-31a9-452a-8370-04deeacda880\main.py Старт. Выполняемый шаг: Присвоить значение переменной. id: {Y3[LIYCU-/HNVs!NERe
2026-05-23T16:56:21+0300 INFO: C:\Users\Ksenya\Desktop\hakaton\main\resource\1b36fdfe-31a9-452a-8370-04deeacda880\main.py Выполнение. Выполняемый шаг: Присвоить значение переменной. id: {Y3[LIYCU-/HNVs!NERe
2026-05-23T16:56:21+0300 INFO: C:\Users\Ksenya\Desktop\hakaton\main\resource\1b36fdfe-31a9-452a-8370-04deeacda880\main.py Старт. Выполняемый шаг: Преобразовать дату. id: yIzw35kV+o$aK/*W)TAR
2026-05-23T16:56:21+0300 INFO: C:\Users\Ksenya\Desktop\hakaton\main\resource\1b36fdfe-31a9-452a-8370-04deeacda880\main.py Завершение. Выполняемый шаг: Преобразовать дату. id: yIzw35kV+o$aK/*W)TAR
2026-05-23T16:56:21+0300 INFO: C:\Users\Ksenya\Desktop\hakaton\main\resource\1b36fdfe-31a9-452a-8370-04deeacda880\main.py Завершение. Выполняемый шаг: Присвоить значение переменной. id: {Y3[LIYCU-/HNVs!NERe
2026-05-23T16:56:21+0300 INFO: C:\Users\Ksenya\Desktop\hakaton\main\resource\1b36fdfe-31a9-452a-8370-04deeacda880\main.py Старт. Выполняемый шаг: Присвоить значение переменной. id: p$O:QoI+|4ux$8{ysFr:
2026-05-23T16:56:21+0300 INFO: C:\Users\Ksenya\Desktop\hakaton\main\resource\1b36fdfe-31a9-452a-8370-04deeacda880\main.py Выполнение. Выполняемый шаг: Присвоить значение переменной. id: p$O:QoI+|4ux$8{ysFr:
2026-05-23T16:56:21+0300 INFO: C:\Users\Ksenya\Desktop\hakaton\main\resource\1b36fdfe-31a9-452a-8370-04deeacda880\main.py Завершение. Выполняемый шаг: Присвоить значение переменной. id: p$O:QoI+|4ux$8{ysFr:
2026-05-23T16:56:21+0300 INFO: C:\Users\Ksenya\Desktop\hakaton\main\resource\1b36fdfe-31a9-452a-8370-04deeacda880\main.py Старт. Выполняемый шаг: Присвоить значение переменной. id: ~|`}hQkYrPr!yvRWehM_
2026-05-23T16:56:21+0300 INFO: C:\Users\Ksenya\Desktop\hakaton\main\resource\1b36fdfe-31a9-452a-8370-04deeacda880\main.py Выполнение. Выполняемый шаг: Присвоить значение переменной. id: ~|`}hQkYrPr!yvRWehM_
2026-05-23T16:56:21+0300 INFO: C:\Users\Ksenya\Desktop\hakaton\main\resource\1b36fdfe-31a9-452a-8370-04deeacda880\main.py Старт. Выполняемый шаг: Преобразовать дату. id: y@cWp{?HPKMT0X6Rp6I$
2026-05-23T16:56:21+0300 INFO: C:\Users\Ksenya\Desktop\hakaton\main\resource\1b36fdfe-31a9-452a-8370-04deeacda880\main.py Завершение. Выполняемый шаг: Преобразовать дату. id: y@cWp{?HPKMT0X6Rp6I$
2026-05-23T16:56:21+0300 INFO: C:\Users\Ksenya\Desktop\hakaton\main\resource\1b36fdfe-31a9-452a-8370-04deeacda880\main.py Завершение. Выполняемый шаг: Присвоить значение переменной. id: ~|`}hQkYrPr!yvRWehM_
2026-05-23T16:56:21+0300 INFO: C:\Users\Ksenya\Desktop\hakaton\main\resource\1b36fdfe-31a9-452a-8370-04deeacda880\main.py Старт. Выполняемый шаг: Присвоить значение переменной. id: ]Nwow_`34-zY1snYsMa=
2026-05-23T16:56:21+0300 INFO: C:\Users\Ksenya\Desktop\hakaton\main\resource\1b36fdfe-31a9-452a-8370-04deeacda880\main.py Выполнение. Выполняемый шаг: Присвоить значение переменной. id: ]Nwow_`34-zY1snYsMa=
2026-05-23T16:56:21+0300 INFO: C:\Users\Ksenya\Desktop\hakaton\main\resource\1b36fdfe-31a9-452a-8370-04deeacda880\main.py Завершение. Выполняемый шаг: Присвоить значение переменной. id: ]Nwow_`34-zY1snYsMa=
2026-05-23T16:56:21+0300 INFO: C:\Users\Ksenya\Desktop\hakaton\main\resource\1b36fdfe-31a9-452a-8370-04deeacda880\main.py Старт. Выполняемый шаг: Присвоить значение переменной. id: 7qHD^~+B#bUSw)9hi;V5
2026-05-23T16:56:21+0300 INFO: C:\Users\Ksenya\Desktop\hakaton\main\resource\1b36fdfe-31a9-452a-8370-04deeacda880\main.py Выполнение. Выполняемый шаг: Присвоить значение переменной. id: 7qHD^~+B#bUSw)9hi;V5
2026-05-23T16:56:21+0300 INFO: C:\Users\Ksenya\Desktop\hakaton\main\resource\1b36fdfe-31a9-452a-8370-04deeacda880\main.py Завершение. Выполняемый шаг: Присвоить значение переменной. id: 7qHD^~+B#bUSw)9hi;V5
2026-05-23T16:56:21+0300 INFO: C:\Users\Ksenya\Desktop\hakaton\main\resource\1b36fdfe-31a9-452a-8370-04deeacda880\main.py Старт. Выполняемый шаг: Присвоить значение переменной. id: 3oGjmJ`CaVRVz9#qu*_m
2026-05-23T16:56:21+0300 INFO: C:\Users\Ksenya\Desktop\hakaton\main\resource\1b36fdfe-31a9-452a-8370-04deeacda880\main.py Выполнение. Выполняемый шаг: Присвоить значение переменной. id: 3oGjmJ`CaVRVz9#qu*_m
2026-05-23T16:56:21+0300 INFO: C:\Users\Ksenya\Desktop\hakaton\main\resource\1b36fdfe-31a9-452a-8370-04deeacda880\main.py Завершение. Выполняемый шаг: Присвоить значение переменной. id: 3oGjmJ`CaVRVz9#qu*_m
2026-05-23T16:56:21+0300 INFO: C:\Users\Ksenya\Desktop\hakaton\main\resource\1b36fdfe-31a9-452a-8370-04deeacda880\main.py Старт. Выполняемый шаг: Присвоить значение переменной. id: :kF]*7FA#}yI!L)At3D0
2026-05-23T16:56:21+0300 INFO: C:\Users\Ksenya\Desktop\hakaton\main\resource\1b36fdfe-31a9-452a-8370-04deeacda880\main.py Выполнение. Выполняемый шаг: Присвоить значение переменной. id: :kF]*7FA#}yI!L)At3D0
2026-05-23T16:56:21+0300 INFO: C:\Users\Ksenya\Desktop\hakaton\main\resource\1b36fdfe-31a9-452a-8370-04deeacda880\main.py Завершение. Выполняемый шаг: Присвоить значение переменной. id: :kF]*7FA#}yI!L)At3D0
2026-05-23T16:56:21+0300 INFO: C:\Users\Ksenya\Desktop\hakaton\main\resource\1b36fdfe-31a9-452a-8370-04deeacda880\main.py Отправляю запрос в 1С
2026-05-23T16:56:21+0300 INFO: C:\Users\Ksenya\Desktop\hakaton\main\resource\1b36fdfe-31a9-452a-8370-04deeacda880\main.py Старт. Выполняемый шаг: Присвоить значение переменной. id: 5Ew%Wt$JK+7d7TXLxId_
2026-05-23T16:56:21+0300 INFO: C:\Users\Ksenya\Desktop\hakaton\main\resource\1b36fdfe-31a9-452a-8370-04deeacda880\main.py Выполнение. Выполняемый шаг: Присвоить значение переменной. id: 5Ew%Wt$JK+7d7TXLxId_
2026-05-23T16:56:21+0300 INFO: C:\Users\Ksenya\Desktop\hakaton\main\resource\1b36fdfe-31a9-452a-8370-04deeacda880\main.py Старт. Выполняемый шаг: Создать сессию браузера. id: 4#bM-7PYt%bTkrSh8bfZ
2026-05-23T16:56:27+0300 INFO: C:\Users\Ksenya\Desktop\hakaton\main\resource\1b36fdfe-31a9-452a-8370-04deeacda880\main.py Завершение. Выполняемый шаг: Создать сессию браузера. id: 4#bM-7PYt%bTkrSh8bfZ
2026-05-23T16:56:27+0300 INFO: C:\Users\Ksenya\Desktop\hakaton\main\resource\1b36fdfe-31a9-452a-8370-04deeacda880\main.py Завершение. Выполняемый шаг: Присвоить значение переменной. id: 5Ew%Wt$JK+7d7TXLxId_
2026-05-23T16:56:27+0300 INFO: C:\Users\Ksenya\Desktop\hakaton\main\resource\1b36fdfe-31a9-452a-8370-04deeacda880\main.py Старт. Выполняемый шаг: Открыть страницу в браузере. id: _{QT4zD{Fqs69!/:|#zp
2026-05-23T16:56:27+0300 INFO: C:\Users\Ksenya\Desktop\hakaton\main\resource\1b36fdfe-31a9-452a-8370-04deeacda880\main.py Выполнение. Выполняемый шаг: Открыть страницу в браузере. id: _{QT4zD{Fqs69!/:|#zp
2026-05-23T16:56:30+0300 INFO: C:\Users\Ksenya\Desktop\hakaton\main\resource\1b36fdfe-31a9-452a-8370-04deeacda880\main.py Завершение. Выполняемый шаг: Открыть страницу в браузере. id: _{QT4zD{Fqs69!/:|#zp
2026-05-23T16:56:30+0300 INFO: C:\Users\Ksenya\Desktop\hakaton\main\resource\1b36fdfe-31a9-452a-8370-04deeacda880\main.py Старт. Выполняемый шаг: Задержка. id: ??=,o)g^!HRb+gO2+Wzh
2026-05-23T16:56:30+0300 INFO: C:\Users\Ksenya\Desktop\hakaton\main\resource\1b36fdfe-31a9-452a-8370-04deeacda880\main.py Выполнение. Выполняемый шаг: Задержка. id: ??=,o)g^!HRb+gO2+Wzh
2026-05-23T16:56:30+0300 INFO: C:\Users\Ksenya\Desktop\hakaton\main\resource\1b36fdfe-31a9-452a-8370-04deeacda880\main.py Старт. Выполняемый шаг: Преобразовать строку в число. id: {Rsp$JX%Cwa].U=6UmD=
2026-05-23T16:56:30+0300 INFO: C:\Users\Ksenya\Desktop\hakaton\main\resource\1b36fdfe-31a9-452a-8370-04deeacda880\main.py Завершение. Выполняемый шаг: Преобразовать строку в число. id: {Rsp$JX%Cwa].U=6UmD=
2026-05-23T16:56:33+0300 INFO: C:\Users\Ksenya\Desktop\hakaton\main\resource\1b36fdfe-31a9-452a-8370-04deeacda880\main.py Завершение. Выполняемый шаг: Задержка. id: ??=,o)g^!HRb+gO2+Wzh
2026-05-23T16:56:33+0300 INFO: C:\Users\Ksenya\Desktop\hakaton\main\resource\1b36fdfe-31a9-452a-8370-04deeacda880\main.py Старт. Выполняемый шаг: Клик по Web-элементу. id: EBp7HZH}x+19aqf!)2/)
2026-05-23T16:56:33+0300 INFO: C:\Users\Ksenya\Desktop\hakaton\main\resource\1b36fdfe-31a9-452a-8370-04deeacda880\main.py Выполнение. Выполняемый шаг: Клик по Web-элементу. id: EBp7HZH}x+19aqf!)2/)
2026-05-23T16:56:33+0300 INFO: C:\Users\Ksenya\Desktop\hakaton\main\resource\1b36fdfe-31a9-452a-8370-04deeacda880\main.py Завершение. Выполняемый шаг: Клик по Web-элементу. id: EBp7HZH}x+19aqf!)2/)
2026-05-23T16:56:33+0300 INFO: C:\Users\Ksenya\Desktop\hakaton\main\resource\1b36fdfe-31a9-452a-8370-04deeacda880\main.py Старт. Выполняемый шаг: Ввод в веб-сайт. id: %w9B]^SDY]u6w8A[VN]B
2026-05-23T16:56:33+0300 INFO: C:\Users\Ksenya\Desktop\hakaton\main\resource\1b36fdfe-31a9-452a-8370-04deeacda880\main.py Выполнение. Выполняемый шаг: Ввод в веб-сайт. id: %w9B]^SDY]u6w8A[VN]B
2026-05-23T16:56:33+0300 INFO: C:\Users\Ksenya\Desktop\hakaton\main\resource\1b36fdfe-31a9-452a-8370-04deeacda880\main.py Завершение. Выполняемый шаг: Ввод в веб-сайт. id: %w9B]^SDY]u6w8A[VN]B
2026-05-23T16:56:33+0300 INFO: C:\Users\Ksenya\Desktop\hakaton\main\resource\1b36fdfe-31a9-452a-8370-04deeacda880\main.py Старт. Выполняемый шаг: Клик по Web-элементу. id: H6A$`ZrfUnP;M.)V!gP%
2026-05-23T16:56:33+0300 INFO: C:\Users\Ksenya\Desktop\hakaton\main\resource\1b36fdfe-31a9-452a-8370-04deeacda880\main.py Выполнение. Выполняемый шаг: Клик по Web-элементу. id: H6A$`ZrfUnP;M.)V!gP%
2026-05-23T16:56:33+0300 INFO: C:\Users\Ksenya\Desktop\hakaton\main\resource\1b36fdfe-31a9-452a-8370-04deeacda880\main.py Завершение. Выполняемый шаг: Клик по Web-элементу. id: H6A$`ZrfUnP;M.)V!gP%
2026-05-23T16:56:33+0300 INFO: C:\Users\Ksenya\Desktop\hakaton\main\resource\1b36fdfe-31a9-452a-8370-04deeacda880\main.py Старт. Выполняемый шаг: Ввод в веб-сайт. id: y:}|lxK((=67v}qu8Ym-
2026-05-23T16:56:33+0300 INFO: C:\Users\Ksenya\Desktop\hakaton\main\resource\1b36fdfe-31a9-452a-8370-04deeacda880\main.py Выполнение. Выполняемый шаг: Ввод в веб-сайт. id: y:}|lxK((=67v}qu8Ym-
2026-05-23T16:56:34+0300 INFO: C:\Users\Ksenya\Desktop\hakaton\main\resource\1b36fdfe-31a9-452a-8370-04deeacda880\main.py Завершение. Выполняемый шаг: Ввод в веб-сайт. id: y:}|lxK((=67v}qu8Ym-
2026-05-23T16:56:34+0300 INFO: C:\Users\Ksenya\Desktop\hakaton\main\resource\1b36fdfe-31a9-452a-8370-04deeacda880\main.py Старт. Выполняемый шаг: Клик по Web-элементу. id: [Q2@mu?#NQ2xEX2OXYF$
2026-05-23T16:56:34+0300 INFO: C:\Users\Ksenya\Desktop\hakaton\main\resource\1b36fdfe-31a9-452a-8370-04deeacda880\main.py Выполнение. Выполняемый шаг: Клик по Web-элементу. id: [Q2@mu?#NQ2xEX2OXYF$
2026-05-23T16:56:34+0300 INFO: C:\Users\Ksenya\Desktop\hakaton\main\resource\1b36fdfe-31a9-452a-8370-04deeacda880\main.py Завершение. Выполняемый шаг: Клик по Web-элементу. id: [Q2@mu?#NQ2xEX2OXYF$
2026-05-23T16:56:34+0300 INFO: C:\Users\Ksenya\Desktop\hakaton\main\resource\1b36fdfe-31a9-452a-8370-04deeacda880\main.py Старт. Выполняемый шаг: Задержка. id: `^?P,o-StU!YIwW:*51`
2026-05-23T16:56:34+0300 INFO: C:\Users\Ksenya\Desktop\hakaton\main\resource\1b36fdfe-31a9-452a-8370-04deeacda880\main.py Выполнение. Выполняемый шаг: Задержка. id: `^?P,o-StU!YIwW:*51`
2026-05-23T16:56:34+0300 INFO: C:\Users\Ksenya\Desktop\hakaton\main\resource\1b36fdfe-31a9-452a-8370-04deeacda880\main.py Старт. Выполняемый шаг: Преобразовать строку в число. id: uw`j?F`+X9C3RI;{kpUw
2026-05-23T16:56:34+0300 INFO: C:\Users\Ksenya\Desktop\hakaton\main\resource\1b36fdfe-31a9-452a-8370-04deeacda880\main.py Завершение. Выполняемый шаг: Преобразовать строку в число. id: uw`j?F`+X9C3RI;{kpUw
2026-05-23T16:56:54+0300 INFO: C:\Users\Ksenya\Desktop\hakaton\main\resource\1b36fdfe-31a9-452a-8370-04deeacda880\main.py Завершение. Выполняемый шаг: Задержка. id: `^?P,o-StU!YIwW:*51`
2026-05-23T16:56:54+0300 INFO: C:\Users\Ksenya\Desktop\hakaton\main\resource\1b36fdfe-31a9-452a-8370-04deeacda880\main.py Старт. Выполняемый шаг: Клик по Web-элементу. id: !*p3azK$H5lkwE@DW$s_
2026-05-23T16:56:54+0300 INFO: C:\Users\Ksenya\Desktop\hakaton\main\resource\1b36fdfe-31a9-452a-8370-04deeacda880\main.py Выполнение. Выполняемый шаг: Клик по Web-элементу. id: !*p3azK$H5lkwE@DW$s_
2026-05-23T16:56:54+0300 INFO: C:\Users\Ksenya\Desktop\hakaton\main\resource\1b36fdfe-31a9-452a-8370-04deeacda880\main.py Завершение. Выполняемый шаг: Клик по Web-элементу. id: !*p3azK$H5lkwE@DW$s_
2026-05-23T16:56:54+0300 INFO: C:\Users\Ksenya\Desktop\hakaton\main\resource\1b36fdfe-31a9-452a-8370-04deeacda880\main.py Старт. Выполняемый шаг: Клик по Web-элементу. id: ]8Xi8xyWQkijnuXN/Mwn
2026-05-23T16:56:54+0300 INFO: C:\Users\Ksenya\Desktop\hakaton\main\resource\1b36fdfe-31a9-452a-8370-04deeacda880\main.py Выполнение. Выполняемый шаг: Клик по Web-элементу. id: ]8Xi8xyWQkijnuXN/Mwn
2026-05-23T16:56:55+0300 INFO: C:\Users\Ksenya\Desktop\hakaton\main\resource\1b36fdfe-31a9-452a-8370-04deeacda880\main.py Завершение. Выполняемый шаг: Клик по Web-элементу. id: ]8Xi8xyWQkijnuXN/Mwn
2026-05-23T16:56:55+0300 INFO: C:\Users\Ksenya\Desktop\hakaton\main\resource\1b36fdfe-31a9-452a-8370-04deeacda880\main.py Старт. Выполняемый шаг: Задержка. id: VU)/`[}phd5x(Hgc{WKY
2026-05-23T16:56:55+0300 INFO: C:\Users\Ksenya\Desktop\hakaton\main\resource\1b36fdfe-31a9-452a-8370-04deeacda880\main.py Выполнение. Выполняемый шаг: Задержка. id: VU)/`[}phd5x(Hgc{WKY
2026-05-23T16:56:55+0300 INFO: C:\Users\Ksenya\Desktop\hakaton\main\resource\1b36fdfe-31a9-452a-8370-04deeacda880\main.py Старт. Выполняемый шаг: Преобразовать строку в число. id: 92hAgGOGGlotF2$TAf{$
2026-05-23T16:56:55+0300 INFO: C:\Users\Ksenya\Desktop\hakaton\main\resource\1b36fdfe-31a9-452a-8370-04deeacda880\main.py Завершение. Выполняемый шаг: Преобразовать строку в число. id: 92hAgGOGGlotF2$TAf{$
2026-05-23T16:57:00+0300 INFO: C:\Users\Ksenya\Desktop\hakaton\main\resource\1b36fdfe-31a9-452a-8370-04deeacda880\main.py Завершение. Выполняемый шаг: Задержка. id: VU)/`[}phd5x(Hgc{WKY
2026-05-23T16:57:00+0300 INFO: C:\Users\Ksenya\Desktop\hakaton\main\resource\1b36fdfe-31a9-452a-8370-04deeacda880\main.py Старт. Выполняемый шаг: Ввод в 1C-веб. id: GY)ZR_u4zf.~_0inu*)x
2026-05-23T16:57:01+0300 INFO: C:\Users\Ksenya\Desktop\hakaton\main\resource\1b36fdfe-31a9-452a-8370-04deeacda880\main.py Выполнение. Выполняемый шаг: Ввод в 1C-веб. id: GY)ZR_u4zf.~_0inu*)x
2026-05-23T17:38:30+0300 INFO: Запуск процесса из студии разработки. C:\Users\Ksenya\Desktop\hakaton\main\process\main.json
2026-05-23T17:38:32+0300 INFO: Старт робота: C:\Users\Ksenya\Desktop\hakaton\main\resource\344eeefa-2bb0-4db8-864a-b5f899657bd1\main.py
2026-05-23T17:38:32+0300 INFO: C:\Users\Ksenya\Desktop\hakaton\main\resource\344eeefa-2bb0-4db8-864a-b5f899657bd1\main.py Робот запущен
2026-05-23T17:38:32+0300 INFO: C:\Users\Ksenya\Desktop\hakaton\main\resource\344eeefa-2bb0-4db8-864a-b5f899657bd1\main.py Отправляю запрос в 1С
2026-05-23T17:39:13+0300 ERROR: C:\Users\Ksenya\Desktop\hakaton\main\resource\344eeefa-2bb0-4db8-864a-b5f899657bd1\main.py Ошибка выполнения робота
2026-05-23T17:39:13+0300 INFO: Завершение работы робота: C:\Users\Ksenya\Desktop\hakaton\main\resource\344eeefa-2bb0-4db8-864a-b5f899657bd1\main.py
2026-05-23T17:39:13+0300 INFO: Завершение выполнения процесса. C:\Users\Ksenya\Desktop\hakaton\main\process\main.json
2026-05-23T17:46:01+0300 INFO: Запуск процесса из студии разработки. C:\Users\Ksenya\Desktop\hakaton\main\process\main.json
2026-05-23T17:46:04+0300 INFO: Старт робота: C:\Users\Ksenya\Desktop\hakaton\main\resource\cac1126f-4a3e-4d6e-9c56-5ebf8d86cab2\main.py
2026-05-23T17:46:04+0300 INFO: C:\Users\Ksenya\Desktop\hakaton\main\resource\cac1126f-4a3e-4d6e-9c56-5ebf8d86cab2\main.py Робот запущен
2026-05-23T17:46:04+0300 INFO: C:\Users\Ksenya\Desktop\hakaton\main\resource\cac1126f-4a3e-4d6e-9c56-5ebf8d86cab2\main.py Отправляю запрос в 1С
2026-05-23T17:46:44+0300 ERROR: C:\Users\Ksenya\Desktop\hakaton\main\resource\cac1126f-4a3e-4d6e-9c56-5ebf8d86cab2\main.py Ошибка выполнения робота
2026-05-23T17:46:44+0300 INFO: Завершение работы робота: C:\Users\Ksenya\Desktop\hakaton\main\resource\cac1126f-4a3e-4d6e-9c56-5ebf8d86cab2\main.py
2026-05-23T17:46:45+0300 INFO: Завершение выполнения процесса. C:\Users\Ksenya\Desktop\hakaton\main\process\main.json
2026-05-23T17:51:45+0300 INFO: Запуск процесса из студии разработки. C:\Users\Ksenya\Desktop\hakaton\main\process\main.json
2026-05-23T17:51:48+0300 INFO: Старт робота: C:\Users\Ksenya\Desktop\hakaton\main\resource\cd220e81-86f7-4575-95bf-c16984b9bce0\main.py
2026-05-23T17:51:48+0300 INFO: C:\Users\Ksenya\Desktop\hakaton\main\resource\cd220e81-86f7-4575-95bf-c16984b9bce0\main.py Робот запущен
2026-05-23T17:51:48+0300 INFO: C:\Users\Ksenya\Desktop\hakaton\main\resource\cd220e81-86f7-4575-95bf-c16984b9bce0\main.py Отправляю запрос в 1С
2026-05-23T17:52:28+0300 ERROR: C:\Users\Ksenya\Desktop\hakaton\main\resource\cd220e81-86f7-4575-95bf-c16984b9bce0\main.py Ошибка выполнения робота
2026-05-23T17:52:28+0300 INFO: Завершение работы робота: C:\Users\Ksenya\Desktop\hakaton\main\resource\cd220e81-86f7-4575-95bf-c16984b9bce0\main.py
2026-05-23T17:52:29+0300 INFO: Завершение выполнения процесса. C:\Users\Ksenya\Desktop\hakaton\main\process\main.json
2026-05-23T17:53:41+0300 INFO: Запуск процесса из студии разработки. C:\Users\Ksenya\Desktop\hakaton\main\process\main.json
2026-05-23T17:53:44+0300 INFO: Старт робота: C:\Users\Ksenya\Desktop\hakaton\main\resource\ef562acc-2477-41dd-9092-d56cf752f58d\main.py
2026-05-23T17:53:44+0300 INFO: C:\Users\Ksenya\Desktop\hakaton\main\resource\ef562acc-2477-41dd-9092-d56cf752f58d\main.py Робот запущен
2026-05-23T17:53:44+0300 INFO: C:\Users\Ksenya\Desktop\hakaton\main\resource\ef562acc-2477-41dd-9092-d56cf752f58d\main.py Отправляю запрос в 1С
2026-05-23T17:54:25+0300 ERROR: C:\Users\Ksenya\Desktop\hakaton\main\resource\ef562acc-2477-41dd-9092-d56cf752f58d\main.py Ошибка выполнения робота
2026-05-23T17:54:25+0300 INFO: Завершение работы робота: C:\Users\Ksenya\Desktop\hakaton\main\resource\ef562acc-2477-41dd-9092-d56cf752f58d\main.py
2026-05-23T17:54:25+0300 INFO: Завершение выполнения процесса. C:\Users\Ksenya\Desktop\hakaton\main\process\main.json
2026-05-23T18:36:03+0300 INFO: Старт робота: C:\Users\Ksenya\Desktop\hakaton\main\resource\5fde709a-146d-48e8-8072-0935444b7170\main.py
2026-05-23T18:36:03+0300 INFO: C:\Users\Ksenya\Desktop\hakaton\main\resource\5fde709a-146d-48e8-8072-0935444b7170\main.py Старт. Выполняемый шаг: Обработка ошибки. id: E(ohZ?TiZWX5;}Gqu-r,
2026-05-23T18:36:03+0300 INFO: C:\Users\Ksenya\Desktop\hakaton\main\resource\5fde709a-146d-48e8-8072-0935444b7170\main.py Выполнение. Выполняемый шаг: Обработка ошибки. id: E(ohZ?TiZWX5;}Gqu-r,
2026-05-23T18:36:03+0300 INFO: C:\Users\Ksenya\Desktop\hakaton\main\resource\5fde709a-146d-48e8-8072-0935444b7170\main.py Робот запущен
2026-05-23T18:36:03+0300 INFO: C:\Users\Ksenya\Desktop\hakaton\main\resource\5fde709a-146d-48e8-8072-0935444b7170\main.py Старт. Выполняемый шаг: Присвоить значение переменной. id: uT8K_dR,wNXk4m?dkCsM
2026-05-23T18:36:07+0300 INFO: C:\Users\Ksenya\Desktop\hakaton\main\resource\5fde709a-146d-48e8-8072-0935444b7170\main.py Выполнение. Выполняемый шаг: Присвоить значение переменной. id: uT8K_dR,wNXk4m?dkCsM
2026-05-23T18:36:07+0300 INFO: C:\Users\Ksenya\Desktop\hakaton\main\resource\5fde709a-146d-48e8-8072-0935444b7170\main.py Завершение. Выполняемый шаг: Присвоить значение переменной. id: uT8K_dR,wNXk4m?dkCsM
2026-05-23T18:36:07+0300 INFO: C:\Users\Ksenya\Desktop\hakaton\main\resource\5fde709a-146d-48e8-8072-0935444b7170\main.py Старт. Выполняемый шаг: Присвоить значение переменной. id: :MAZ.Rz62:ZsFDl7vQQJ
2026-05-23T18:36:07+0300 INFO: C:\Users\Ksenya\Desktop\hakaton\main\resource\5fde709a-146d-48e8-8072-0935444b7170\main.py Выполнение. Выполняемый шаг: Присвоить значение переменной. id: :MAZ.Rz62:ZsFDl7vQQJ
2026-05-23T18:36:07+0300 INFO: C:\Users\Ksenya\Desktop\hakaton\main\resource\5fde709a-146d-48e8-8072-0935444b7170\main.py Завершение. Выполняемый шаг: Присвоить значение переменной. id: :MAZ.Rz62:ZsFDl7vQQJ
2026-05-23T18:36:07+0300 INFO: C:\Users\Ksenya\Desktop\hakaton\main\resource\5fde709a-146d-48e8-8072-0935444b7170\main.py Старт. Выполняемый шаг: Присвоить значение переменной. id: WBqw15|Z#}dx_{yM[UJS
2026-05-23T18:36:07+0300 INFO: C:\Users\Ksenya\Desktop\hakaton\main\resource\5fde709a-146d-48e8-8072-0935444b7170\main.py Выполнение. Выполняемый шаг: Присвоить значение переменной. id: WBqw15|Z#}dx_{yM[UJS
2026-05-23T18:36:07+0300 INFO: C:\Users\Ksenya\Desktop\hakaton\main\resource\5fde709a-146d-48e8-8072-0935444b7170\main.py Завершение. Выполняемый шаг: Присвоить значение переменной. id: WBqw15|Z#}dx_{yM[UJS
2026-05-23T18:36:07+0300 INFO: C:\Users\Ksenya\Desktop\hakaton\main\resource\5fde709a-146d-48e8-8072-0935444b7170\main.py Старт. Выполняемый шаг: Присвоить значение переменной. id: ZD}VS]B8yU%7IR$_1:gx
2026-05-23T18:36:07+0300 INFO: C:\Users\Ksenya\Desktop\hakaton\main\resource\5fde709a-146d-48e8-8072-0935444b7170\main.py Выполнение. Выполняемый шаг: Присвоить значение переменной. id: ZD}VS]B8yU%7IR$_1:gx
2026-05-23T18:36:07+0300 INFO: C:\Users\Ksenya\Desktop\hakaton\main\resource\5fde709a-146d-48e8-8072-0935444b7170\main.py Старт. Выполняемый шаг: Прочитать файл. id: h-7qLFMP}Ex#VZ)Ao@jd
2026-05-23T18:36:07+0300 INFO: C:\Users\Ksenya\Desktop\hakaton\main\resource\5fde709a-146d-48e8-8072-0935444b7170\main.py Завершение. Выполняемый шаг: Прочитать файл. id: h-7qLFMP}Ex#VZ)Ao@jd
2026-05-23T18:36:07+0300 INFO: C:\Users\Ksenya\Desktop\hakaton\main\resource\5fde709a-146d-48e8-8072-0935444b7170\main.py Завершение. Выполняемый шаг: Присвоить значение переменной. id: ZD}VS]B8yU%7IR$_1:gx
2026-05-23T18:36:07+0300 INFO: C:\Users\Ksenya\Desktop\hakaton\main\resource\5fde709a-146d-48e8-8072-0935444b7170\main.py Старт. Выполняемый шаг: Присвоить значение переменной. id: ^0R|78#C*6Lo31|B;%K9
2026-05-23T18:36:07+0300 INFO: C:\Users\Ksenya\Desktop\hakaton\main\resource\5fde709a-146d-48e8-8072-0935444b7170\main.py Выполнение. Выполняемый шаг: Присвоить значение переменной. id: ^0R|78#C*6Lo31|B;%K9
2026-05-23T18:36:07+0300 INFO: C:\Users\Ksenya\Desktop\hakaton\main\resource\5fde709a-146d-48e8-8072-0935444b7170\main.py Завершение. Выполняемый шаг: Присвоить значение переменной. id: ^0R|78#C*6Lo31|B;%K9
2026-05-23T18:36:07+0300 INFO: C:\Users\Ksenya\Desktop\hakaton\main\resource\5fde709a-146d-48e8-8072-0935444b7170\main.py Старт. Выполняемый шаг: Присвоить значение переменной. id: {Y3[LIYCU-/HNVs!NERe
2026-05-23T18:36:07+0300 INFO: C:\Users\Ksenya\Desktop\hakaton\main\resource\5fde709a-146d-48e8-8072-0935444b7170\main.py Выполнение. Выполняемый шаг: Присвоить значение переменной. id: {Y3[LIYCU-/HNVs!NERe
2026-05-23T18:36:07+0300 INFO: C:\Users\Ksenya\Desktop\hakaton\main\resource\5fde709a-146d-48e8-8072-0935444b7170\main.py Старт. Выполняемый шаг: Преобразовать дату. id: yIzw35kV+o$aK/*W)TAR
2026-05-23T18:36:07+0300 INFO: C:\Users\Ksenya\Desktop\hakaton\main\resource\5fde709a-146d-48e8-8072-0935444b7170\main.py Завершение. Выполняемый шаг: Преобразовать дату. id: yIzw35kV+o$aK/*W)TAR
2026-05-23T18:36:07+0300 INFO: C:\Users\Ksenya\Desktop\hakaton\main\resource\5fde709a-146d-48e8-8072-0935444b7170\main.py Завершение. Выполняемый шаг: Присвоить значение переменной. id: {Y3[LIYCU-/HNVs!NERe
2026-05-23T18:36:07+0300 INFO: C:\Users\Ksenya\Desktop\hakaton\main\resource\5fde709a-146d-48e8-8072-0935444b7170\main.py Старт. Выполняемый шаг: Присвоить значение переменной. id: p$O:QoI+|4ux$8{ysFr:
2026-05-23T18:36:07+0300 INFO: C:\Users\Ksenya\Desktop\hakaton\main\resource\5fde709a-146d-48e8-8072-0935444b7170\main.py Выполнение. Выполняемый шаг: Присвоить значение переменной. id: p$O:QoI+|4ux$8{ysFr:
2026-05-23T18:36:07+0300 INFO: C:\Users\Ksenya\Desktop\hakaton\main\resource\5fde709a-146d-48e8-8072-0935444b7170\main.py Завершение. Выполняемый шаг: Присвоить значение переменной. id: p$O:QoI+|4ux$8{ysFr:
2026-05-23T18:36:07+0300 INFO: C:\Users\Ksenya\Desktop\hakaton\main\resource\5fde709a-146d-48e8-8072-0935444b7170\main.py Старт. Выполняемый шаг: Присвоить значение переменной. id: ~|`}hQkYrPr!yvRWehM_
2026-05-23T18:36:07+0300 INFO: C:\Users\Ksenya\Desktop\hakaton\main\resource\5fde709a-146d-48e8-8072-0935444b7170\main.py Выполнение. Выполняемый шаг: Присвоить значение переменной. id: ~|`}hQkYrPr!yvRWehM_
2026-05-23T18:36:07+0300 INFO: C:\Users\Ksenya\Desktop\hakaton\main\resource\5fde709a-146d-48e8-8072-0935444b7170\main.py Старт. Выполняемый шаг: Преобразовать дату. id: y@cWp{?HPKMT0X6Rp6I$
2026-05-23T18:36:07+0300 INFO: C:\Users\Ksenya\Desktop\hakaton\main\resource\5fde709a-146d-48e8-8072-0935444b7170\main.py Завершение. Выполняемый шаг: Преобразовать дату. id: y@cWp{?HPKMT0X6Rp6I$
2026-05-23T18:36:07+0300 INFO: C:\Users\Ksenya\Desktop\hakaton\main\resource\5fde709a-146d-48e8-8072-0935444b7170\main.py Завершение. Выполняемый шаг: Присвоить значение переменной. id: ~|`}hQkYrPr!yvRWehM_
2026-05-23T18:36:07+0300 INFO: C:\Users\Ksenya\Desktop\hakaton\main\resource\5fde709a-146d-48e8-8072-0935444b7170\main.py Старт. Выполняемый шаг: Присвоить значение переменной. id: ]Nwow_`34-zY1snYsMa=
2026-05-23T18:36:07+0300 INFO: C:\Users\Ksenya\Desktop\hakaton\main\resource\5fde709a-146d-48e8-8072-0935444b7170\main.py Выполнение. Выполняемый шаг: Присвоить значение переменной. id: ]Nwow_`34-zY1snYsMa=
2026-05-23T18:36:07+0300 INFO: C:\Users\Ksenya\Desktop\hakaton\main\resource\5fde709a-146d-48e8-8072-0935444b7170\main.py Завершение. Выполняемый шаг: Присвоить значение переменной. id: ]Nwow_`34-zY1snYsMa=
2026-05-23T18:36:07+0300 INFO: C:\Users\Ksenya\Desktop\hakaton\main\resource\5fde709a-146d-48e8-8072-0935444b7170\main.py Старт. Выполняемый шаг: Присвоить значение переменной. id: 7qHD^~+B#bUSw)9hi;V5
2026-05-23T18:36:07+0300 INFO: C:\Users\Ksenya\Desktop\hakaton\main\resource\5fde709a-146d-48e8-8072-0935444b7170\main.py Выполнение. Выполняемый шаг: Присвоить значение переменной. id: 7qHD^~+B#bUSw)9hi;V5
2026-05-23T18:36:07+0300 INFO: C:\Users\Ksenya\Desktop\hakaton\main\resource\5fde709a-146d-48e8-8072-0935444b7170\main.py Завершение. Выполняемый шаг: Присвоить значение переменной. id: 7qHD^~+B#bUSw)9hi;V5
2026-05-23T18:36:07+0300 INFO: C:\Users\Ksenya\Desktop\hakaton\main\resource\5fde709a-146d-48e8-8072-0935444b7170\main.py Старт. Выполняемый шаг: Присвоить значение переменной. id: 3oGjmJ`CaVRVz9#qu*_m
2026-05-23T18:36:07+0300 INFO: C:\Users\Ksenya\Desktop\hakaton\main\resource\5fde709a-146d-48e8-8072-0935444b7170\main.py Выполнение. Выполняемый шаг: Присвоить значение переменной. id: 3oGjmJ`CaVRVz9#qu*_m
2026-05-23T18:36:07+0300 INFO: C:\Users\Ksenya\Desktop\hakaton\main\resource\5fde709a-146d-48e8-8072-0935444b7170\main.py Завершение. Выполняемый шаг: Присвоить значение переменной. id: 3oGjmJ`CaVRVz9#qu*_m
2026-05-23T18:36:07+0300 INFO: C:\Users\Ksenya\Desktop\hakaton\main\resource\5fde709a-146d-48e8-8072-0935444b7170\main.py Старт. Выполняемый шаг: Присвоить значение переменной. id: :kF]*7FA#}yI!L)At3D0
2026-05-23T18:36:07+0300 INFO: C:\Users\Ksenya\Desktop\hakaton\main\resource\5fde709a-146d-48e8-8072-0935444b7170\main.py Выполнение. Выполняемый шаг: Присвоить значение переменной. id: :kF]*7FA#}yI!L)At3D0
2026-05-23T18:36:07+0300 INFO: C:\Users\Ksenya\Desktop\hakaton\main\resource\5fde709a-146d-48e8-8072-0935444b7170\main.py Завершение. Выполняемый шаг: Присвоить значение переменной. id: :kF]*7FA#}yI!L)At3D0
2026-05-23T18:36:07+0300 INFO: C:\Users\Ksenya\Desktop\hakaton\main\resource\5fde709a-146d-48e8-8072-0935444b7170\main.py Отправляю запрос в 1С
2026-05-23T18:36:07+0300 INFO: C:\Users\Ksenya\Desktop\hakaton\main\resource\5fde709a-146d-48e8-8072-0935444b7170\main.py Старт. Выполняемый шаг: Присвоить значение переменной. id: 5Ew%Wt$JK+7d7TXLxId_
2026-05-23T18:36:07+0300 INFO: C:\Users\Ksenya\Desktop\hakaton\main\resource\5fde709a-146d-48e8-8072-0935444b7170\main.py Выполнение. Выполняемый шаг: Присвоить значение переменной. id: 5Ew%Wt$JK+7d7TXLxId_
2026-05-23T18:36:07+0300 INFO: C:\Users\Ksenya\Desktop\hakaton\main\resource\5fde709a-146d-48e8-8072-0935444b7170\main.py Старт. Выполняемый шаг: Создать сессию браузера. id: 4#bM-7PYt%bTkrSh8bfZ
2026-05-23T18:36:08+0300 INFO: C:\Users\Ksenya\Desktop\hakaton\main\resource\5fde709a-146d-48e8-8072-0935444b7170\main.py Завершение. Выполняемый шаг: Создать сессию браузера. id: 4#bM-7PYt%bTkrSh8bfZ
2026-05-23T18:36:08+0300 INFO: C:\Users\Ksenya\Desktop\hakaton\main\resource\5fde709a-146d-48e8-8072-0935444b7170\main.py Завершение. Выполняемый шаг: Присвоить значение переменной. id: 5Ew%Wt$JK+7d7TXLxId_
2026-05-23T18:36:08+0300 INFO: C:\Users\Ksenya\Desktop\hakaton\main\resource\5fde709a-146d-48e8-8072-0935444b7170\main.py Старт. Выполняемый шаг: Открыть страницу в браузере. id: _{QT4zD{Fqs69!/:|#zp
2026-05-23T18:36:08+0300 INFO: C:\Users\Ksenya\Desktop\hakaton\main\resource\5fde709a-146d-48e8-8072-0935444b7170\main.py Выполнение. Выполняемый шаг: Открыть страницу в браузере. id: _{QT4zD{Fqs69!/:|#zp
2026-05-23T18:36:08+0300 INFO: C:\Users\Ksenya\Desktop\hakaton\main\resource\5fde709a-146d-48e8-8072-0935444b7170\main.py Завершение. Выполняемый шаг: Открыть страницу в браузере. id: _{QT4zD{Fqs69!/:|#zp
2026-05-23T18:36:08+0300 INFO: C:\Users\Ksenya\Desktop\hakaton\main\resource\5fde709a-146d-48e8-8072-0935444b7170\main.py Старт. Выполняемый шаг: Задержка. id: ??=,o)g^!HRb+gO2+Wzh
2026-05-23T18:36:08+0300 INFO: C:\Users\Ksenya\Desktop\hakaton\main\resource\5fde709a-146d-48e8-8072-0935444b7170\main.py Выполнение. Выполняемый шаг: Задержка. id: ??=,o)g^!HRb+gO2+Wzh
2026-05-23T18:36:08+0300 INFO: C:\Users\Ksenya\Desktop\hakaton\main\resource\5fde709a-146d-48e8-8072-0935444b7170\main.py Старт. Выполняемый шаг: Преобразовать строку в число. id: {Rsp$JX%Cwa].U=6UmD=
2026-05-23T18:36:08+0300 INFO: C:\Users\Ksenya\Desktop\hakaton\main\resource\5fde709a-146d-48e8-8072-0935444b7170\main.py Завершение. Выполняемый шаг: Преобразовать строку в число. id: {Rsp$JX%Cwa].U=6UmD=
2026-05-23T18:36:11+0300 INFO: C:\Users\Ksenya\Desktop\hakaton\main\resource\5fde709a-146d-48e8-8072-0935444b7170\main.py Завершение. Выполняемый шаг: Задержка. id: ??=,o)g^!HRb+gO2+Wzh
2026-05-23T18:36:11+0300 INFO: C:\Users\Ksenya\Desktop\hakaton\main\resource\5fde709a-146d-48e8-8072-0935444b7170\main.py Старт. Выполняемый шаг: Клик по Web-элементу. id: EBp7HZH}x+19aqf!)2/)
2026-05-23T18:36:11+0300 INFO: C:\Users\Ksenya\Desktop\hakaton\main\resource\5fde709a-146d-48e8-8072-0935444b7170\main.py Выполнение. Выполняемый шаг: Клик по Web-элементу. id: EBp7HZH}x+19aqf!)2/)
2026-05-23T18:36:11+0300 INFO: C:\Users\Ksenya\Desktop\hakaton\main\resource\5fde709a-146d-48e8-8072-0935444b7170\main.py Завершение. Выполняемый шаг: Клик по Web-элементу. id: EBp7HZH}x+19aqf!)2/)
2026-05-23T18:36:11+0300 INFO: C:\Users\Ksenya\Desktop\hakaton\main\resource\5fde709a-146d-48e8-8072-0935444b7170\main.py Старт. Выполняемый шаг: Ввод в веб-сайт. id: %w9B]^SDY]u6w8A[VN]B
2026-05-23T18:36:11+0300 INFO: C:\Users\Ksenya\Desktop\hakaton\main\resource\5fde709a-146d-48e8-8072-0935444b7170\main.py Выполнение. Выполняемый шаг: Ввод в веб-сайт. id: %w9B]^SDY]u6w8A[VN]B
2026-05-23T18:36:12+0300 INFO: C:\Users\Ksenya\Desktop\hakaton\main\resource\5fde709a-146d-48e8-8072-0935444b7170\main.py Завершение. Выполняемый шаг: Ввод в веб-сайт. id: %w9B]^SDY]u6w8A[VN]B
2026-05-23T18:36:12+0300 INFO: C:\Users\Ksenya\Desktop\hakaton\main\resource\5fde709a-146d-48e8-8072-0935444b7170\main.py Старт. Выполняемый шаг: Клик по Web-элементу. id: H6A$`ZrfUnP;M.)V!gP%
2026-05-23T18:36:12+0300 INFO: C:\Users\Ksenya\Desktop\hakaton\main\resource\5fde709a-146d-48e8-8072-0935444b7170\main.py Выполнение. Выполняемый шаг: Клик по Web-элементу. id: H6A$`ZrfUnP;M.)V!gP%
2026-05-23T18:36:12+0300 INFO: C:\Users\Ksenya\Desktop\hakaton\main\resource\5fde709a-146d-48e8-8072-0935444b7170\main.py Завершение. Выполняемый шаг: Клик по Web-элементу. id: H6A$`ZrfUnP;M.)V!gP%
2026-05-23T18:36:12+0300 INFO: C:\Users\Ksenya\Desktop\hakaton\main\resource\5fde709a-146d-48e8-8072-0935444b7170\main.py Старт. Выполняемый шаг: Ввод в веб-сайт. id: y:}|lxK((=67v}qu8Ym-
2026-05-23T18:36:12+0300 INFO: C:\Users\Ksenya\Desktop\hakaton\main\resource\5fde709a-146d-48e8-8072-0935444b7170\main.py Выполнение. Выполняемый шаг: Ввод в веб-сайт. id: y:}|lxK((=67v}qu8Ym-
2026-05-23T18:36:12+0300 INFO: C:\Users\Ksenya\Desktop\hakaton\main\resource\5fde709a-146d-48e8-8072-0935444b7170\main.py Завершение. Выполняемый шаг: Ввод в веб-сайт. id: y:}|lxK((=67v}qu8Ym-
2026-05-23T18:36:12+0300 INFO: C:\Users\Ksenya\Desktop\hakaton\main\resource\5fde709a-146d-48e8-8072-0935444b7170\main.py Старт. Выполняемый шаг: Клик по Web-элементу. id: [Q2@mu?#NQ2xEX2OXYF$
2026-05-23T18:36:12+0300 INFO: C:\Users\Ksenya\Desktop\hakaton\main\resource\5fde709a-146d-48e8-8072-0935444b7170\main.py Выполнение. Выполняемый шаг: Клик по Web-элементу. id: [Q2@mu?#NQ2xEX2OXYF$
2026-05-23T18:36:12+0300 INFO: C:\Users\Ksenya\Desktop\hakaton\main\resource\5fde709a-146d-48e8-8072-0935444b7170\main.py Завершение. Выполняемый шаг: Клик по Web-элементу. id: [Q2@mu?#NQ2xEX2OXYF$
2026-05-23T18:36:12+0300 INFO: C:\Users\Ksenya\Desktop\hakaton\main\resource\5fde709a-146d-48e8-8072-0935444b7170\main.py Старт. Выполняемый шаг: Задержка. id: `^?P,o-StU!YIwW:*51`
2026-05-23T18:36:12+0300 INFO: C:\Users\Ksenya\Desktop\hakaton\main\resource\5fde709a-146d-48e8-8072-0935444b7170\main.py Выполнение. Выполняемый шаг: Задержка. id: `^?P,o-StU!YIwW:*51`
2026-05-23T18:36:12+0300 INFO: C:\Users\Ksenya\Desktop\hakaton\main\resource\5fde709a-146d-48e8-8072-0935444b7170\main.py Старт. Выполняемый шаг: Преобразовать строку в число. id: uw`j?F`+X9C3RI;{kpUw
2026-05-23T18:36:12+0300 INFO: C:\Users\Ksenya\Desktop\hakaton\main\resource\5fde709a-146d-48e8-8072-0935444b7170\main.py Завершение. Выполняемый шаг: Преобразовать строку в число. id: uw`j?F`+X9C3RI;{kpUw
2026-05-23T18:36:32+0300 INFO: C:\Users\Ksenya\Desktop\hakaton\main\resource\5fde709a-146d-48e8-8072-0935444b7170\main.py Завершение. Выполняемый шаг: Задержка. id: `^?P,o-StU!YIwW:*51`
2026-05-23T18:36:32+0300 INFO: C:\Users\Ksenya\Desktop\hakaton\main\resource\5fde709a-146d-48e8-8072-0935444b7170\main.py Старт. Выполняемый шаг: Клик по Web-элементу. id: !*p3azK$H5lkwE@DW$s_
2026-05-23T18:36:33+0300 INFO: C:\Users\Ksenya\Desktop\hakaton\main\resource\5fde709a-146d-48e8-8072-0935444b7170\main.py Выполнение. Выполняемый шаг: Клик по Web-элементу. id: !*p3azK$H5lkwE@DW$s_
2026-05-23T18:36:33+0300 INFO: C:\Users\Ksenya\Desktop\hakaton\main\resource\5fde709a-146d-48e8-8072-0935444b7170\main.py Завершение. Выполняемый шаг: Клик по Web-элементу. id: !*p3azK$H5lkwE@DW$s_
2026-05-23T18:36:33+0300 INFO: C:\Users\Ksenya\Desktop\hakaton\main\resource\5fde709a-146d-48e8-8072-0935444b7170\main.py Старт. Выполняемый шаг: Клик по Web-элементу. id: ]8Xi8xyWQkijnuXN/Mwn
2026-05-23T18:36:33+0300 INFO: C:\Users\Ksenya\Desktop\hakaton\main\resource\5fde709a-146d-48e8-8072-0935444b7170\main.py Выполнение. Выполняемый шаг: Клик по Web-элементу. id: ]8Xi8xyWQkijnuXN/Mwn
2026-05-23T18:36:33+0300 INFO: C:\Users\Ksenya\Desktop\hakaton\main\resource\5fde709a-146d-48e8-8072-0935444b7170\main.py Завершение. Выполняемый шаг: Клик по Web-элементу. id: ]8Xi8xyWQkijnuXN/Mwn
2026-05-23T18:36:33+0300 INFO: C:\Users\Ksenya\Desktop\hakaton\main\resource\5fde709a-146d-48e8-8072-0935444b7170\main.py Старт. Выполняемый шаг: Задержка. id: VU)/`[}phd5x(Hgc{WKY
2026-05-23T18:36:33+0300 INFO: C:\Users\Ksenya\Desktop\hakaton\main\resource\5fde709a-146d-48e8-8072-0935444b7170\main.py Выполнение. Выполняемый шаг: Задержка. id: VU)/`[}phd5x(Hgc{WKY
2026-05-23T18:36:33+0300 INFO: C:\Users\Ksenya\Desktop\hakaton\main\resource\5fde709a-146d-48e8-8072-0935444b7170\main.py Старт. Выполняемый шаг: Преобразовать строку в число. id: 92hAgGOGGlotF2$TAf{$
2026-05-23T18:36:33+0300 INFO: C:\Users\Ksenya\Desktop\hakaton\main\resource\5fde709a-146d-48e8-8072-0935444b7170\main.py Завершение. Выполняемый шаг: Преобразовать строку в число. id: 92hAgGOGGlotF2$TAf{$
2026-05-23T18:36:38+0300 INFO: C:\Users\Ksenya\Desktop\hakaton\main\resource\5fde709a-146d-48e8-8072-0935444b7170\main.py Завершение. Выполняемый шаг: Задержка. id: VU)/`[}phd5x(Hgc{WKY
2026-05-23T18:36:38+0300 INFO: C:\Users\Ksenya\Desktop\hakaton\main\resource\5fde709a-146d-48e8-8072-0935444b7170\main.py Старт. Выполняемый шаг: Ввод в 1C-веб. id: GY)ZR_u4zf.~_0inu*)x
2026-05-23T18:36:44+0300 INFO: C:\Users\Ksenya\Desktop\hakaton\main\resource\5fde709a-146d-48e8-8072-0935444b7170\main.py Выполнение. Выполняемый шаг: Ввод в 1C-веб. id: GY)ZR_u4zf.~_0inu*)x
2026-05-23T22:18:11+0300 INFO: Запуск процесса из студии разработки. C:\Users\Ksenya\Desktop\hakaton\main\process\main.json
2026-05-23T22:18:11+0300 Окно выполнения: main: ERROR:  ["stderr:","  File \"C:\\Users\\Ksenya\\Desktop\\hakaton\\main\\resource\\557a0847-6f97-4fe6-b283-7880b4ead4f5\\main.py\", line 31\r\n    desktop_interface.wait_visible_el(focus_element=\"TRUE\",timeout_el=,element_string=f'[{{\"ControlTypeName\":\"PaneControl\",\"Name\":\"Puzzle RPA\",\"ClassName\":\"Chrome_WidgetWin_1\"}},{{\"ControlTypeName\":\"DocumentControl\",\"Name\":\"Puzzle RPA\",\"ClassName\":\"Chrome_RenderWidgetHostHWND\"}},{{\"ControlTypeName\":\"GroupControl\",\"AutomationId\":\"q-app\"}},{{\"ControlTypeName\":\"GroupControl\"}},{{\"ControlTypeName\":\"GroupControl\"}},{{\"ControlTypeName\":\"GroupControl\",\"AutomationId\":\"entire-workspace-space\"}},{{\"ControlTypeName\":\"GroupControl\"}},{{\"ControlTypeName\":\"GroupControl\"}},{{\"ControlTypeName\":\"GroupControl\",\"Name\":\"Рабочая область Blockly\"}},{{\"ControlTypeName\":\"ImageControl\"}},{{\"ControlTypeName\":\"GroupControl\"}},{{\"ControlTypeName\":\"TextControl\",\"Name\":\" ▾\"}}]',block_text=\"Ожидать появления элемента\",window_log=True, current_language=\"ru\")\r\n                                                                      ^\r\nSyntaxError: invalid syntax\r\n"]
2026-05-23T22:18:24+0300 ERROR: Завершение выполнения процесса. C:\Users\Ksenya\Desktop\hakaton\main\process\main.json
2026-05-23T22:19:19+0300 INFO: Старт робота: C:\Users\Ksenya\Desktop\hakaton\main\resource\41443e75-3eb3-4892-a2f3-8563842d7c6f\main.py
2026-05-23T22:19:19+0300 INFO: C:\Users\Ksenya\Desktop\hakaton\main\resource\41443e75-3eb3-4892-a2f3-8563842d7c6f\main.py Старт. Выполняемый шаг: Обработка ошибки. id: E(ohZ?TiZWX5;}Gqu-r,
2026-05-23T22:19:23+0300 INFO: C:\Users\Ksenya\Desktop\hakaton\main\resource\41443e75-3eb3-4892-a2f3-8563842d7c6f\main.py Выполнение. Выполняемый шаг: Обработка ошибки. id: E(ohZ?TiZWX5;}Gqu-r,
2026-05-23T22:19:23+0300 INFO: C:\Users\Ksenya\Desktop\hakaton\main\resource\41443e75-3eb3-4892-a2f3-8563842d7c6f\main.py Робот запущен
2026-05-23T22:19:23+0300 INFO: C:\Users\Ksenya\Desktop\hakaton\main\resource\41443e75-3eb3-4892-a2f3-8563842d7c6f\main.py Старт. Выполняемый шаг: Присвоить значение переменной. id: uT8K_dR,wNXk4m?dkCsM
2026-05-23T22:19:24+0300 INFO: C:\Users\Ksenya\Desktop\hakaton\main\resource\41443e75-3eb3-4892-a2f3-8563842d7c6f\main.py Выполнение. Выполняемый шаг: Присвоить значение переменной. id: uT8K_dR,wNXk4m?dkCsM
2026-05-23T22:19:24+0300 INFO: C:\Users\Ksenya\Desktop\hakaton\main\resource\41443e75-3eb3-4892-a2f3-8563842d7c6f\main.py Завершение. Выполняемый шаг: Присвоить значение переменной. id: uT8K_dR,wNXk4m?dkCsM
2026-05-23T22:19:24+0300 INFO: C:\Users\Ksenya\Desktop\hakaton\main\resource\41443e75-3eb3-4892-a2f3-8563842d7c6f\main.py Старт. Выполняемый шаг: Присвоить значение переменной. id: :MAZ.Rz62:ZsFDl7vQQJ
2026-05-23T22:19:24+0300 INFO: C:\Users\Ksenya\Desktop\hakaton\main\resource\41443e75-3eb3-4892-a2f3-8563842d7c6f\main.py Выполнение. Выполняемый шаг: Присвоить значение переменной. id: :MAZ.Rz62:ZsFDl7vQQJ
2026-05-23T22:19:24+0300 INFO: C:\Users\Ksenya\Desktop\hakaton\main\resource\41443e75-3eb3-4892-a2f3-8563842d7c6f\main.py Завершение. Выполняемый шаг: Присвоить значение переменной. id: :MAZ.Rz62:ZsFDl7vQQJ
2026-05-23T22:19:24+0300 INFO: C:\Users\Ksenya\Desktop\hakaton\main\resource\41443e75-3eb3-4892-a2f3-8563842d7c6f\main.py Старт. Выполняемый шаг: Присвоить значение переменной. id: WBqw15|Z#}dx_{yM[UJS
2026-05-23T22:19:24+0300 INFO: C:\Users\Ksenya\Desktop\hakaton\main\resource\41443e75-3eb3-4892-a2f3-8563842d7c6f\main.py Выполнение. Выполняемый шаг: Присвоить значение переменной. id: WBqw15|Z#}dx_{yM[UJS
2026-05-23T22:19:24+0300 INFO: C:\Users\Ksenya\Desktop\hakaton\main\resource\41443e75-3eb3-4892-a2f3-8563842d7c6f\main.py Завершение. Выполняемый шаг: Присвоить значение переменной. id: WBqw15|Z#}dx_{yM[UJS
2026-05-23T22:19:24+0300 INFO: C:\Users\Ksenya\Desktop\hakaton\main\resource\41443e75-3eb3-4892-a2f3-8563842d7c6f\main.py Старт. Выполняемый шаг: Присвоить значение переменной. id: ZD}VS]B8yU%7IR$_1:gx
2026-05-23T22:19:24+0300 INFO: C:\Users\Ksenya\Desktop\hakaton\main\resource\41443e75-3eb3-4892-a2f3-8563842d7c6f\main.py Выполнение. Выполняемый шаг: Присвоить значение переменной. id: ZD}VS]B8yU%7IR$_1:gx
2026-05-23T22:19:24+0300 INFO: C:\Users\Ksenya\Desktop\hakaton\main\resource\41443e75-3eb3-4892-a2f3-8563842d7c6f\main.py Старт. Выполняемый шаг: Прочитать файл. id: h-7qLFMP}Ex#VZ)Ao@jd
2026-05-23T22:19:24+0300 INFO: C:\Users\Ksenya\Desktop\hakaton\main\resource\41443e75-3eb3-4892-a2f3-8563842d7c6f\main.py Завершение. Выполняемый шаг: Прочитать файл. id: h-7qLFMP}Ex#VZ)Ao@jd
2026-05-23T22:19:24+0300 INFO: C:\Users\Ksenya\Desktop\hakaton\main\resource\41443e75-3eb3-4892-a2f3-8563842d7c6f\main.py Завершение. Выполняемый шаг: Присвоить значение переменной. id: ZD}VS]B8yU%7IR$_1:gx
2026-05-23T22:19:24+0300 INFO: C:\Users\Ksenya\Desktop\hakaton\main\resource\41443e75-3eb3-4892-a2f3-8563842d7c6f\main.py Старт. Выполняемый шаг: Присвоить значение переменной. id: ^0R|78#C*6Lo31|B;%K9
2026-05-23T22:19:24+0300 INFO: C:\Users\Ksenya\Desktop\hakaton\main\resource\41443e75-3eb3-4892-a2f3-8563842d7c6f\main.py Выполнение. Выполняемый шаг: Присвоить значение переменной. id: ^0R|78#C*6Lo31|B;%K9
2026-05-23T22:19:24+0300 INFO: C:\Users\Ksenya\Desktop\hakaton\main\resource\41443e75-3eb3-4892-a2f3-8563842d7c6f\main.py Завершение. Выполняемый шаг: Присвоить значение переменной. id: ^0R|78#C*6Lo31|B;%K9
2026-05-23T22:19:24+0300 INFO: C:\Users\Ksenya\Desktop\hakaton\main\resource\41443e75-3eb3-4892-a2f3-8563842d7c6f\main.py Старт. Выполняемый шаг: Присвоить значение переменной. id: {Y3[LIYCU-/HNVs!NERe
2026-05-23T22:19:24+0300 INFO: C:\Users\Ksenya\Desktop\hakaton\main\resource\41443e75-3eb3-4892-a2f3-8563842d7c6f\main.py Выполнение. Выполняемый шаг: Присвоить значение переменной. id: {Y3[LIYCU-/HNVs!NERe
2026-05-23T22:19:24+0300 INFO: C:\Users\Ksenya\Desktop\hakaton\main\resource\41443e75-3eb3-4892-a2f3-8563842d7c6f\main.py Старт. Выполняемый шаг: Преобразовать дату. id: yIzw35kV+o$aK/*W)TAR
2026-05-23T22:19:24+0300 INFO: C:\Users\Ksenya\Desktop\hakaton\main\resource\41443e75-3eb3-4892-a2f3-8563842d7c6f\main.py Завершение. Выполняемый шаг: Преобразовать дату. id: yIzw35kV+o$aK/*W)TAR
2026-05-23T22:19:24+0300 INFO: C:\Users\Ksenya\Desktop\hakaton\main\resource\41443e75-3eb3-4892-a2f3-8563842d7c6f\main.py Завершение. Выполняемый шаг: Присвоить значение переменной. id: {Y3[LIYCU-/HNVs!NERe
2026-05-23T22:19:24+0300 INFO: C:\Users\Ksenya\Desktop\hakaton\main\resource\41443e75-3eb3-4892-a2f3-8563842d7c6f\main.py Старт. Выполняемый шаг: Присвоить значение переменной. id: p$O:QoI+|4ux$8{ysFr:
2026-05-23T22:19:24+0300 INFO: C:\Users\Ksenya\Desktop\hakaton\main\resource\41443e75-3eb3-4892-a2f3-8563842d7c6f\main.py Выполнение. Выполняемый шаг: Присвоить значение переменной. id: p$O:QoI+|4ux$8{ysFr:
2026-05-23T22:19:24+0300 INFO: C:\Users\Ksenya\Desktop\hakaton\main\resource\41443e75-3eb3-4892-a2f3-8563842d7c6f\main.py Завершение. Выполняемый шаг: Присвоить значение переменной. id: p$O:QoI+|4ux$8{ysFr:
2026-05-23T22:19:24+0300 INFO: C:\Users\Ksenya\Desktop\hakaton\main\resource\41443e75-3eb3-4892-a2f3-8563842d7c6f\main.py Старт. Выполняемый шаг: Присвоить значение переменной. id: ~|`}hQkYrPr!yvRWehM_
2026-05-23T22:19:24+0300 INFO: C:\Users\Ksenya\Desktop\hakaton\main\resource\41443e75-3eb3-4892-a2f3-8563842d7c6f\main.py Выполнение. Выполняемый шаг: Присвоить значение переменной. id: ~|`}hQkYrPr!yvRWehM_
2026-05-23T22:19:24+0300 INFO: C:\Users\Ksenya\Desktop\hakaton\main\resource\41443e75-3eb3-4892-a2f3-8563842d7c6f\main.py Старт. Выполняемый шаг: Преобразовать дату. id: y@cWp{?HPKMT0X6Rp6I$
2026-05-23T22:19:24+0300 INFO: C:\Users\Ksenya\Desktop\hakaton\main\resource\41443e75-3eb3-4892-a2f3-8563842d7c6f\main.py Завершение. Выполняемый шаг: Преобразовать дату. id: y@cWp{?HPKMT0X6Rp6I$
2026-05-23T22:19:24+0300 INFO: C:\Users\Ksenya\Desktop\hakaton\main\resource\41443e75-3eb3-4892-a2f3-8563842d7c6f\main.py Завершение. Выполняемый шаг: Присвоить значение переменной. id: ~|`}hQkYrPr!yvRWehM_
2026-05-23T22:19:24+0300 INFO: C:\Users\Ksenya\Desktop\hakaton\main\resource\41443e75-3eb3-4892-a2f3-8563842d7c6f\main.py Старт. Выполняемый шаг: Присвоить значение переменной. id: ]Nwow_`34-zY1snYsMa=
2026-05-23T22:19:24+0300 INFO: C:\Users\Ksenya\Desktop\hakaton\main\resource\41443e75-3eb3-4892-a2f3-8563842d7c6f\main.py Выполнение. Выполняемый шаг: Присвоить значение переменной. id: ]Nwow_`34-zY1snYsMa=
2026-05-23T22:19:24+0300 INFO: C:\Users\Ksenya\Desktop\hakaton\main\resource\41443e75-3eb3-4892-a2f3-8563842d7c6f\main.py Завершение. Выполняемый шаг: Присвоить значение переменной. id: ]Nwow_`34-zY1snYsMa=
2026-05-23T22:19:24+0300 INFO: C:\Users\Ksenya\Desktop\hakaton\main\resource\41443e75-3eb3-4892-a2f3-8563842d7c6f\main.py Старт. Выполняемый шаг: Присвоить значение переменной. id: 7qHD^~+B#bUSw)9hi;V5
2026-05-23T22:19:24+0300 INFO: C:\Users\Ksenya\Desktop\hakaton\main\resource\41443e75-3eb3-4892-a2f3-8563842d7c6f\main.py Выполнение. Выполняемый шаг: Присвоить значение переменной. id: 7qHD^~+B#bUSw)9hi;V5
2026-05-23T22:19:24+0300 INFO: C:\Users\Ksenya\Desktop\hakaton\main\resource\41443e75-3eb3-4892-a2f3-8563842d7c6f\main.py Завершение. Выполняемый шаг: Присвоить значение переменной. id: 7qHD^~+B#bUSw)9hi;V5
2026-05-23T22:19:24+0300 INFO: C:\Users\Ksenya\Desktop\hakaton\main\resource\41443e75-3eb3-4892-a2f3-8563842d7c6f\main.py Старт. Выполняемый шаг: Присвоить значение переменной. id: 3oGjmJ`CaVRVz9#qu*_m
2026-05-23T22:19:24+0300 INFO: C:\Users\Ksenya\Desktop\hakaton\main\resource\41443e75-3eb3-4892-a2f3-8563842d7c6f\main.py Выполнение. Выполняемый шаг: Присвоить значение переменной. id: 3oGjmJ`CaVRVz9#qu*_m
2026-05-23T22:19:24+0300 INFO: C:\Users\Ksenya\Desktop\hakaton\main\resource\41443e75-3eb3-4892-a2f3-8563842d7c6f\main.py Завершение. Выполняемый шаг: Присвоить значение переменной. id: 3oGjmJ`CaVRVz9#qu*_m
2026-05-23T22:19:24+0300 INFO: C:\Users\Ksenya\Desktop\hakaton\main\resource\41443e75-3eb3-4892-a2f3-8563842d7c6f\main.py Старт. Выполняемый шаг: Присвоить значение переменной. id: :kF]*7FA#}yI!L)At3D0
2026-05-23T22:19:24+0300 INFO: C:\Users\Ksenya\Desktop\hakaton\main\resource\41443e75-3eb3-4892-a2f3-8563842d7c6f\main.py Выполнение. Выполняемый шаг: Присвоить значение переменной. id: :kF]*7FA#}yI!L)At3D0
2026-05-23T22:19:24+0300 INFO: C:\Users\Ksenya\Desktop\hakaton\main\resource\41443e75-3eb3-4892-a2f3-8563842d7c6f\main.py Завершение. Выполняемый шаг: Присвоить значение переменной. id: :kF]*7FA#}yI!L)At3D0
2026-05-23T22:19:24+0300 INFO: C:\Users\Ksenya\Desktop\hakaton\main\resource\41443e75-3eb3-4892-a2f3-8563842d7c6f\main.py Отправляю запрос в 1С
2026-05-23T22:19:24+0300 INFO: C:\Users\Ksenya\Desktop\hakaton\main\resource\41443e75-3eb3-4892-a2f3-8563842d7c6f\main.py Старт. Выполняемый шаг: Присвоить значение переменной. id: 5Ew%Wt$JK+7d7TXLxId_
2026-05-23T22:19:24+0300 INFO: C:\Users\Ksenya\Desktop\hakaton\main\resource\41443e75-3eb3-4892-a2f3-8563842d7c6f\main.py Выполнение. Выполняемый шаг: Присвоить значение переменной. id: 5Ew%Wt$JK+7d7TXLxId_
2026-05-23T22:19:24+0300 INFO: C:\Users\Ksenya\Desktop\hakaton\main\resource\41443e75-3eb3-4892-a2f3-8563842d7c6f\main.py Старт. Выполняемый шаг: Создать сессию браузера. id: 4#bM-7PYt%bTkrSh8bfZ
2026-05-23T22:19:30+0300 INFO: C:\Users\Ksenya\Desktop\hakaton\main\resource\41443e75-3eb3-4892-a2f3-8563842d7c6f\main.py Завершение. Выполняемый шаг: Создать сессию браузера. id: 4#bM-7PYt%bTkrSh8bfZ
2026-05-23T22:19:30+0300 INFO: C:\Users\Ksenya\Desktop\hakaton\main\resource\41443e75-3eb3-4892-a2f3-8563842d7c6f\main.py Завершение. Выполняемый шаг: Присвоить значение переменной. id: 5Ew%Wt$JK+7d7TXLxId_
2026-05-23T22:19:30+0300 INFO: C:\Users\Ksenya\Desktop\hakaton\main\resource\41443e75-3eb3-4892-a2f3-8563842d7c6f\main.py Старт. Выполняемый шаг: Открыть страницу в браузере. id: _{QT4zD{Fqs69!/:|#zp
2026-05-23T22:19:30+0300 INFO: C:\Users\Ksenya\Desktop\hakaton\main\resource\41443e75-3eb3-4892-a2f3-8563842d7c6f\main.py Выполнение. Выполняемый шаг: Открыть страницу в браузере. id: _{QT4zD{Fqs69!/:|#zp
2026-05-23T22:19:32+0300 INFO: C:\Users\Ksenya\Desktop\hakaton\main\resource\41443e75-3eb3-4892-a2f3-8563842d7c6f\main.py Завершение. Выполняемый шаг: Открыть страницу в браузере. id: _{QT4zD{Fqs69!/:|#zp
2026-05-23T22:19:32+0300 INFO: C:\Users\Ksenya\Desktop\hakaton\main\resource\41443e75-3eb3-4892-a2f3-8563842d7c6f\main.py Старт. Выполняемый шаг: Задержка. id: ??=,o)g^!HRb+gO2+Wzh
2026-05-23T22:19:32+0300 INFO: C:\Users\Ksenya\Desktop\hakaton\main\resource\41443e75-3eb3-4892-a2f3-8563842d7c6f\main.py Выполнение. Выполняемый шаг: Задержка. id: ??=,o)g^!HRb+gO2+Wzh
2026-05-23T22:19:35+0300 INFO: C:\Users\Ksenya\Desktop\hakaton\main\resource\41443e75-3eb3-4892-a2f3-8563842d7c6f\main.py Завершение. Выполняемый шаг: Задержка. id: ??=,o)g^!HRb+gO2+Wzh
2026-05-23T22:19:35+0300 INFO: C:\Users\Ksenya\Desktop\hakaton\main\resource\41443e75-3eb3-4892-a2f3-8563842d7c6f\main.py Старт. Выполняемый шаг: Клик по Web-элементу. id: EBp7HZH}x+19aqf!)2/)
2026-05-23T22:19:35+0300 INFO: C:\Users\Ksenya\Desktop\hakaton\main\resource\41443e75-3eb3-4892-a2f3-8563842d7c6f\main.py Выполнение. Выполняемый шаг: Клик по Web-элементу. id: EBp7HZH}x+19aqf!)2/)
2026-05-23T22:19:35+0300 INFO: C:\Users\Ksenya\Desktop\hakaton\main\resource\41443e75-3eb3-4892-a2f3-8563842d7c6f\main.py Завершение. Выполняемый шаг: Клик по Web-элементу. id: EBp7HZH}x+19aqf!)2/)
2026-05-23T22:19:35+0300 INFO: C:\Users\Ksenya\Desktop\hakaton\main\resource\41443e75-3eb3-4892-a2f3-8563842d7c6f\main.py Старт. Выполняемый шаг: Ввод в веб-сайт. id: %w9B]^SDY]u6w8A[VN]B
2026-05-23T22:19:35+0300 INFO: C:\Users\Ksenya\Desktop\hakaton\main\resource\41443e75-3eb3-4892-a2f3-8563842d7c6f\main.py Выполнение. Выполняемый шаг: Ввод в веб-сайт. id: %w9B]^SDY]u6w8A[VN]B
2026-05-23T22:19:35+0300 INFO: C:\Users\Ksenya\Desktop\hakaton\main\resource\41443e75-3eb3-4892-a2f3-8563842d7c6f\main.py Завершение. Выполняемый шаг: Ввод в веб-сайт. id: %w9B]^SDY]u6w8A[VN]B
2026-05-23T22:19:35+0300 INFO: C:\Users\Ksenya\Desktop\hakaton\main\resource\41443e75-3eb3-4892-a2f3-8563842d7c6f\main.py Старт. Выполняемый шаг: Клик по Web-элементу. id: H6A$`ZrfUnP;M.)V!gP%
2026-05-23T22:19:35+0300 INFO: C:\Users\Ksenya\Desktop\hakaton\main\resource\41443e75-3eb3-4892-a2f3-8563842d7c6f\main.py Выполнение. Выполняемый шаг: Клик по Web-элементу. id: H6A$`ZrfUnP;M.)V!gP%
2026-05-23T22:19:36+0300 INFO: C:\Users\Ksenya\Desktop\hakaton\main\resource\41443e75-3eb3-4892-a2f3-8563842d7c6f\main.py Завершение. Выполняемый шаг: Клик по Web-элементу. id: H6A$`ZrfUnP;M.)V!gP%
2026-05-23T22:19:36+0300 INFO: C:\Users\Ksenya\Desktop\hakaton\main\resource\41443e75-3eb3-4892-a2f3-8563842d7c6f\main.py Старт. Выполняемый шаг: Ввод в веб-сайт. id: y:}|lxK((=67v}qu8Ym-
2026-05-23T22:19:36+0300 INFO: C:\Users\Ksenya\Desktop\hakaton\main\resource\41443e75-3eb3-4892-a2f3-8563842d7c6f\main.py Выполнение. Выполняемый шаг: Ввод в веб-сайт. id: y:}|lxK((=67v}qu8Ym-
2026-05-23T22:19:36+0300 INFO: C:\Users\Ksenya\Desktop\hakaton\main\resource\41443e75-3eb3-4892-a2f3-8563842d7c6f\main.py Завершение. Выполняемый шаг: Ввод в веб-сайт. id: y:}|lxK((=67v}qu8Ym-
2026-05-23T22:19:36+0300 INFO: C:\Users\Ksenya\Desktop\hakaton\main\resource\41443e75-3eb3-4892-a2f3-8563842d7c6f\main.py Старт. Выполняемый шаг: Клик по Web-элементу. id: [Q2@mu?#NQ2xEX2OXYF$
2026-05-23T22:19:36+0300 INFO: C:\Users\Ksenya\Desktop\hakaton\main\resource\41443e75-3eb3-4892-a2f3-8563842d7c6f\main.py Выполнение. Выполняемый шаг: Клик по Web-элементу. id: [Q2@mu?#NQ2xEX2OXYF$
2026-05-23T22:19:36+0300 INFO: C:\Users\Ksenya\Desktop\hakaton\main\resource\41443e75-3eb3-4892-a2f3-8563842d7c6f\main.py Завершение. Выполняемый шаг: Клик по Web-элементу. id: [Q2@mu?#NQ2xEX2OXYF$
2026-05-23T22:19:36+0300 INFO: C:\Users\Ksenya\Desktop\hakaton\main\resource\41443e75-3eb3-4892-a2f3-8563842d7c6f\main.py Старт. Выполняемый шаг: Задержка. id: `^?P,o-StU!YIwW:*51`
2026-05-23T22:19:36+0300 INFO: C:\Users\Ksenya\Desktop\hakaton\main\resource\41443e75-3eb3-4892-a2f3-8563842d7c6f\main.py Выполнение. Выполняемый шаг: Задержка. id: `^?P,o-StU!YIwW:*51`
2026-05-23T22:19:56+0300 INFO: C:\Users\Ksenya\Desktop\hakaton\main\resource\41443e75-3eb3-4892-a2f3-8563842d7c6f\main.py Завершение. Выполняемый шаг: Задержка. id: `^?P,o-StU!YIwW:*51`
2026-05-23T22:19:56+0300 INFO: C:\Users\Ksenya\Desktop\hakaton\main\resource\41443e75-3eb3-4892-a2f3-8563842d7c6f\main.py Старт. Выполняемый шаг: Клик по Web-элементу. id: !*p3azK$H5lkwE@DW$s_
2026-05-23T22:19:56+0300 INFO: C:\Users\Ksenya\Desktop\hakaton\main\resource\41443e75-3eb3-4892-a2f3-8563842d7c6f\main.py Выполнение. Выполняемый шаг: Клик по Web-элементу. id: !*p3azK$H5lkwE@DW$s_
2026-05-23T22:19:56+0300 INFO: C:\Users\Ksenya\Desktop\hakaton\main\resource\41443e75-3eb3-4892-a2f3-8563842d7c6f\main.py Завершение. Выполняемый шаг: Клик по Web-элементу. id: !*p3azK$H5lkwE@DW$s_
2026-05-23T22:19:56+0300 INFO: C:\Users\Ksenya\Desktop\hakaton\main\resource\41443e75-3eb3-4892-a2f3-8563842d7c6f\main.py Старт. Выполняемый шаг: Клик по Web-элементу. id: ]8Xi8xyWQkijnuXN/Mwn
2026-05-23T22:19:56+0300 INFO: C:\Users\Ksenya\Desktop\hakaton\main\resource\41443e75-3eb3-4892-a2f3-8563842d7c6f\main.py Выполнение. Выполняемый шаг: Клик по Web-элементу. id: ]8Xi8xyWQkijnuXN/Mwn
2026-05-23T22:19:57+0300 INFO: C:\Users\Ksenya\Desktop\hakaton\main\resource\41443e75-3eb3-4892-a2f3-8563842d7c6f\main.py Завершение. Выполняемый шаг: Клик по Web-элементу. id: ]8Xi8xyWQkijnuXN/Mwn
2026-05-23T22:19:57+0300 INFO: C:\Users\Ksenya\Desktop\hakaton\main\resource\41443e75-3eb3-4892-a2f3-8563842d7c6f\main.py Старт. Выполняемый шаг: Задержка. id: VU)/`[}phd5x(Hgc{WKY
2026-05-23T22:19:57+0300 INFO: C:\Users\Ksenya\Desktop\hakaton\main\resource\41443e75-3eb3-4892-a2f3-8563842d7c6f\main.py Выполнение. Выполняемый шаг: Задержка. id: VU)/`[}phd5x(Hgc{WKY
2026-05-23T22:20:02+0300 INFO: C:\Users\Ksenya\Desktop\hakaton\main\resource\41443e75-3eb3-4892-a2f3-8563842d7c6f\main.py Завершение. Выполняемый шаг: Задержка. id: VU)/`[}phd5x(Hgc{WKY
2026-05-23T22:20:02+0300 INFO: C:\Users\Ksenya\Desktop\hakaton\main\resource\41443e75-3eb3-4892-a2f3-8563842d7c6f\main.py Старт. Выполняемый шаг: Ввод в 1C-веб. id: GY)ZR_u4zf.~_0inu*)x
2026-05-23T22:20:22+0300 INFO: C:\Users\Ksenya\Desktop\hakaton\main\resource\41443e75-3eb3-4892-a2f3-8563842d7c6f\main.py Выполнение. Выполняемый шаг: Ввод в 1C-веб. id: GY)ZR_u4zf.~_0inu*)x
2026-05-23T22:21:58+0300 INFO: Старт робота: C:\Users\Ksenya\Desktop\hakaton\main\resource\e99d520c-92d5-47ac-8f8c-4941869dc48b\main.py
2026-05-23T22:21:58+0300 INFO: C:\Users\Ksenya\Desktop\hakaton\main\resource\e99d520c-92d5-47ac-8f8c-4941869dc48b\main.py Старт. Выполняемый шаг: Обработка ошибки. id: E(ohZ?TiZWX5;}Gqu-r,
2026-05-23T22:22:01+0300 INFO: C:\Users\Ksenya\Desktop\hakaton\main\resource\e99d520c-92d5-47ac-8f8c-4941869dc48b\main.py Выполнение. Выполняемый шаг: Обработка ошибки. id: E(ohZ?TiZWX5;}Gqu-r,
2026-05-23T22:22:01+0300 INFO: C:\Users\Ksenya\Desktop\hakaton\main\resource\e99d520c-92d5-47ac-8f8c-4941869dc48b\main.py Робот запущен
2026-05-23T22:22:01+0300 INFO: C:\Users\Ksenya\Desktop\hakaton\main\resource\e99d520c-92d5-47ac-8f8c-4941869dc48b\main.py Старт. Выполняемый шаг: Присвоить значение переменной. id: uT8K_dR,wNXk4m?dkCsM
2026-05-23T22:22:02+0300 INFO: C:\Users\Ksenya\Desktop\hakaton\main\resource\e99d520c-92d5-47ac-8f8c-4941869dc48b\main.py Выполнение. Выполняемый шаг: Присвоить значение переменной. id: uT8K_dR,wNXk4m?dkCsM
2026-05-23T22:22:02+0300 INFO: C:\Users\Ksenya\Desktop\hakaton\main\resource\e99d520c-92d5-47ac-8f8c-4941869dc48b\main.py Завершение. Выполняемый шаг: Присвоить значение переменной. id: uT8K_dR,wNXk4m?dkCsM
2026-05-23T22:22:02+0300 INFO: C:\Users\Ksenya\Desktop\hakaton\main\resource\e99d520c-92d5-47ac-8f8c-4941869dc48b\main.py Старт. Выполняемый шаг: Присвоить значение переменной. id: :MAZ.Rz62:ZsFDl7vQQJ
2026-05-23T22:22:02+0300 INFO: C:\Users\Ksenya\Desktop\hakaton\main\resource\e99d520c-92d5-47ac-8f8c-4941869dc48b\main.py Выполнение. Выполняемый шаг: Присвоить значение переменной. id: :MAZ.Rz62:ZsFDl7vQQJ
2026-05-23T22:22:02+0300 INFO: C:\Users\Ksenya\Desktop\hakaton\main\resource\e99d520c-92d5-47ac-8f8c-4941869dc48b\main.py Завершение. Выполняемый шаг: Присвоить значение переменной. id: :MAZ.Rz62:ZsFDl7vQQJ
2026-05-23T22:22:02+0300 INFO: C:\Users\Ksenya\Desktop\hakaton\main\resource\e99d520c-92d5-47ac-8f8c-4941869dc48b\main.py Старт. Выполняемый шаг: Присвоить значение переменной. id: WBqw15|Z#}dx_{yM[UJS
2026-05-23T22:22:02+0300 INFO: C:\Users\Ksenya\Desktop\hakaton\main\resource\e99d520c-92d5-47ac-8f8c-4941869dc48b\main.py Выполнение. Выполняемый шаг: Присвоить значение переменной. id: WBqw15|Z#}dx_{yM[UJS
2026-05-23T22:22:02+0300 INFO: C:\Users\Ksenya\Desktop\hakaton\main\resource\e99d520c-92d5-47ac-8f8c-4941869dc48b\main.py Завершение. Выполняемый шаг: Присвоить значение переменной. id: WBqw15|Z#}dx_{yM[UJS
2026-05-23T22:22:02+0300 INFO: C:\Users\Ksenya\Desktop\hakaton\main\resource\e99d520c-92d5-47ac-8f8c-4941869dc48b\main.py Старт. Выполняемый шаг: Присвоить значение переменной. id: ZD}VS]B8yU%7IR$_1:gx
2026-05-23T22:22:02+0300 INFO: C:\Users\Ksenya\Desktop\hakaton\main\resource\e99d520c-92d5-47ac-8f8c-4941869dc48b\main.py Выполнение. Выполняемый шаг: Присвоить значение переменной. id: ZD}VS]B8yU%7IR$_1:gx
2026-05-23T22:22:02+0300 INFO: C:\Users\Ksenya\Desktop\hakaton\main\resource\e99d520c-92d5-47ac-8f8c-4941869dc48b\main.py Старт. Выполняемый шаг: Прочитать файл. id: h-7qLFMP}Ex#VZ)Ao@jd
2026-05-23T22:22:02+0300 INFO: C:\Users\Ksenya\Desktop\hakaton\main\resource\e99d520c-92d5-47ac-8f8c-4941869dc48b\main.py Завершение. Выполняемый шаг: Прочитать файл. id: h-7qLFMP}Ex#VZ)Ao@jd
2026-05-23T22:22:02+0300 INFO: C:\Users\Ksenya\Desktop\hakaton\main\resource\e99d520c-92d5-47ac-8f8c-4941869dc48b\main.py Завершение. Выполняемый шаг: Присвоить значение переменной. id: ZD}VS]B8yU%7IR$_1:gx
2026-05-23T22:22:02+0300 INFO: C:\Users\Ksenya\Desktop\hakaton\main\resource\e99d520c-92d5-47ac-8f8c-4941869dc48b\main.py Старт. Выполняемый шаг: Присвоить значение переменной. id: ^0R|78#C*6Lo31|B;%K9
2026-05-23T22:22:02+0300 INFO: C:\Users\Ksenya\Desktop\hakaton\main\resource\e99d520c-92d5-47ac-8f8c-4941869dc48b\main.py Выполнение. Выполняемый шаг: Присвоить значение переменной. id: ^0R|78#C*6Lo31|B;%K9
2026-05-23T22:22:02+0300 INFO: C:\Users\Ksenya\Desktop\hakaton\main\resource\e99d520c-92d5-47ac-8f8c-4941869dc48b\main.py Завершение. Выполняемый шаг: Присвоить значение переменной. id: ^0R|78#C*6Lo31|B;%K9
2026-05-23T22:22:02+0300 INFO: C:\Users\Ksenya\Desktop\hakaton\main\resource\e99d520c-92d5-47ac-8f8c-4941869dc48b\main.py Старт. Выполняемый шаг: Присвоить значение переменной. id: {Y3[LIYCU-/HNVs!NERe
2026-05-23T22:22:02+0300 INFO: C:\Users\Ksenya\Desktop\hakaton\main\resource\e99d520c-92d5-47ac-8f8c-4941869dc48b\main.py Выполнение. Выполняемый шаг: Присвоить значение переменной. id: {Y3[LIYCU-/HNVs!NERe
2026-05-23T22:22:02+0300 INFO: C:\Users\Ksenya\Desktop\hakaton\main\resource\e99d520c-92d5-47ac-8f8c-4941869dc48b\main.py Старт. Выполняемый шаг: Преобразовать дату. id: yIzw35kV+o$aK/*W)TAR
2026-05-23T22:22:02+0300 INFO: C:\Users\Ksenya\Desktop\hakaton\main\resource\e99d520c-92d5-47ac-8f8c-4941869dc48b\main.py Завершение. Выполняемый шаг: Преобразовать дату. id: yIzw35kV+o$aK/*W)TAR
2026-05-23T22:22:02+0300 INFO: C:\Users\Ksenya\Desktop\hakaton\main\resource\e99d520c-92d5-47ac-8f8c-4941869dc48b\main.py Завершение. Выполняемый шаг: Присвоить значение переменной. id: {Y3[LIYCU-/HNVs!NERe
2026-05-23T22:22:02+0300 INFO: C:\Users\Ksenya\Desktop\hakaton\main\resource\e99d520c-92d5-47ac-8f8c-4941869dc48b\main.py Старт. Выполняемый шаг: Присвоить значение переменной. id: p$O:QoI+|4ux$8{ysFr:
2026-05-23T22:22:02+0300 INFO: C:\Users\Ksenya\Desktop\hakaton\main\resource\e99d520c-92d5-47ac-8f8c-4941869dc48b\main.py Выполнение. Выполняемый шаг: Присвоить значение переменной. id: p$O:QoI+|4ux$8{ysFr:
2026-05-23T22:22:02+0300 INFO: C:\Users\Ksenya\Desktop\hakaton\main\resource\e99d520c-92d5-47ac-8f8c-4941869dc48b\main.py Завершение. Выполняемый шаг: Присвоить значение переменной. id: p$O:QoI+|4ux$8{ysFr:
2026-05-23T22:22:02+0300 INFO: C:\Users\Ksenya\Desktop\hakaton\main\resource\e99d520c-92d5-47ac-8f8c-4941869dc48b\main.py Старт. Выполняемый шаг: Присвоить значение переменной. id: ~|`}hQkYrPr!yvRWehM_
2026-05-23T22:22:02+0300 INFO: C:\Users\Ksenya\Desktop\hakaton\main\resource\e99d520c-92d5-47ac-8f8c-4941869dc48b\main.py Выполнение. Выполняемый шаг: Присвоить значение переменной. id: ~|`}hQkYrPr!yvRWehM_
2026-05-23T22:22:02+0300 INFO: C:\Users\Ksenya\Desktop\hakaton\main\resource\e99d520c-92d5-47ac-8f8c-4941869dc48b\main.py Старт. Выполняемый шаг: Преобразовать дату. id: y@cWp{?HPKMT0X6Rp6I$
2026-05-23T22:22:02+0300 INFO: C:\Users\Ksenya\Desktop\hakaton\main\resource\e99d520c-92d5-47ac-8f8c-4941869dc48b\main.py Завершение. Выполняемый шаг: Преобразовать дату. id: y@cWp{?HPKMT0X6Rp6I$
2026-05-23T22:22:02+0300 INFO: C:\Users\Ksenya\Desktop\hakaton\main\resource\e99d520c-92d5-47ac-8f8c-4941869dc48b\main.py Завершение. Выполняемый шаг: Присвоить значение переменной. id: ~|`}hQkYrPr!yvRWehM_
2026-05-23T22:22:02+0300 INFO: C:\Users\Ksenya\Desktop\hakaton\main\resource\e99d520c-92d5-47ac-8f8c-4941869dc48b\main.py Старт. Выполняемый шаг: Присвоить значение переменной. id: ]Nwow_`34-zY1snYsMa=
2026-05-23T22:22:02+0300 INFO: C:\Users\Ksenya\Desktop\hakaton\main\resource\e99d520c-92d5-47ac-8f8c-4941869dc48b\main.py Выполнение. Выполняемый шаг: Присвоить значение переменной. id: ]Nwow_`34-zY1snYsMa=
2026-05-23T22:22:02+0300 INFO: C:\Users\Ksenya\Desktop\hakaton\main\resource\e99d520c-92d5-47ac-8f8c-4941869dc48b\main.py Завершение. Выполняемый шаг: Присвоить значение переменной. id: ]Nwow_`34-zY1snYsMa=
2026-05-23T22:22:02+0300 INFO: C:\Users\Ksenya\Desktop\hakaton\main\resource\e99d520c-92d5-47ac-8f8c-4941869dc48b\main.py Старт. Выполняемый шаг: Присвоить значение переменной. id: 7qHD^~+B#bUSw)9hi;V5
2026-05-23T22:22:02+0300 INFO: C:\Users\Ksenya\Desktop\hakaton\main\resource\e99d520c-92d5-47ac-8f8c-4941869dc48b\main.py Выполнение. Выполняемый шаг: Присвоить значение переменной. id: 7qHD^~+B#bUSw)9hi;V5
2026-05-23T22:22:02+0300 INFO: C:\Users\Ksenya\Desktop\hakaton\main\resource\e99d520c-92d5-47ac-8f8c-4941869dc48b\main.py Завершение. Выполняемый шаг: Присвоить значение переменной. id: 7qHD^~+B#bUSw)9hi;V5
2026-05-23T22:22:02+0300 INFO: C:\Users\Ksenya\Desktop\hakaton\main\resource\e99d520c-92d5-47ac-8f8c-4941869dc48b\main.py Старт. Выполняемый шаг: Присвоить значение переменной. id: 3oGjmJ`CaVRVz9#qu*_m
2026-05-23T22:22:02+0300 INFO: C:\Users\Ksenya\Desktop\hakaton\main\resource\e99d520c-92d5-47ac-8f8c-4941869dc48b\main.py Выполнение. Выполняемый шаг: Присвоить значение переменной. id: 3oGjmJ`CaVRVz9#qu*_m
2026-05-23T22:22:02+0300 INFO: C:\Users\Ksenya\Desktop\hakaton\main\resource\e99d520c-92d5-47ac-8f8c-4941869dc48b\main.py Завершение. Выполняемый шаг: Присвоить значение переменной. id: 3oGjmJ`CaVRVz9#qu*_m
2026-05-23T22:22:02+0300 INFO: C:\Users\Ksenya\Desktop\hakaton\main\resource\e99d520c-92d5-47ac-8f8c-4941869dc48b\main.py Старт. Выполняемый шаг: Присвоить значение переменной. id: :kF]*7FA#}yI!L)At3D0
2026-05-23T22:22:02+0300 INFO: C:\Users\Ksenya\Desktop\hakaton\main\resource\e99d520c-92d5-47ac-8f8c-4941869dc48b\main.py Выполнение. Выполняемый шаг: Присвоить значение переменной. id: :kF]*7FA#}yI!L)At3D0
2026-05-23T22:22:02+0300 INFO: C:\Users\Ksenya\Desktop\hakaton\main\resource\e99d520c-92d5-47ac-8f8c-4941869dc48b\main.py Завершение. Выполняемый шаг: Присвоить значение переменной. id: :kF]*7FA#}yI!L)At3D0
2026-05-23T22:22:02+0300 INFO: C:\Users\Ksenya\Desktop\hakaton\main\resource\e99d520c-92d5-47ac-8f8c-4941869dc48b\main.py Отправляю запрос в 1С
2026-05-23T22:22:02+0300 INFO: C:\Users\Ksenya\Desktop\hakaton\main\resource\e99d520c-92d5-47ac-8f8c-4941869dc48b\main.py Старт. Выполняемый шаг: Присвоить значение переменной. id: 5Ew%Wt$JK+7d7TXLxId_
2026-05-23T22:22:02+0300 INFO: C:\Users\Ksenya\Desktop\hakaton\main\resource\e99d520c-92d5-47ac-8f8c-4941869dc48b\main.py Выполнение. Выполняемый шаг: Присвоить значение переменной. id: 5Ew%Wt$JK+7d7TXLxId_
2026-05-23T22:22:02+0300 INFO: C:\Users\Ksenya\Desktop\hakaton\main\resource\e99d520c-92d5-47ac-8f8c-4941869dc48b\main.py Старт. Выполняемый шаг: Создать сессию браузера. id: 4#bM-7PYt%bTkrSh8bfZ
2026-05-23T22:22:08+0300 INFO: C:\Users\Ksenya\Desktop\hakaton\main\resource\e99d520c-92d5-47ac-8f8c-4941869dc48b\main.py Завершение. Выполняемый шаг: Создать сессию браузера. id: 4#bM-7PYt%bTkrSh8bfZ
2026-05-23T22:22:08+0300 INFO: C:\Users\Ksenya\Desktop\hakaton\main\resource\e99d520c-92d5-47ac-8f8c-4941869dc48b\main.py Завершение. Выполняемый шаг: Присвоить значение переменной. id: 5Ew%Wt$JK+7d7TXLxId_
2026-05-23T22:22:08+0300 INFO: C:\Users\Ksenya\Desktop\hakaton\main\resource\e99d520c-92d5-47ac-8f8c-4941869dc48b\main.py Старт. Выполняемый шаг: Открыть страницу в браузере. id: _{QT4zD{Fqs69!/:|#zp
2026-05-23T22:22:10+0300 INFO: C:\Users\Ksenya\Desktop\hakaton\main\resource\e99d520c-92d5-47ac-8f8c-4941869dc48b\main.py Выполнение. Выполняемый шаг: Открыть страницу в браузере. id: _{QT4zD{Fqs69!/:|#zp
2026-05-23T22:22:12+0300 INFO: C:\Users\Ksenya\Desktop\hakaton\main\resource\e99d520c-92d5-47ac-8f8c-4941869dc48b\main.py Завершение. Выполняемый шаг: Открыть страницу в браузере. id: _{QT4zD{Fqs69!/:|#zp
2026-05-23T22:22:12+0300 INFO: C:\Users\Ksenya\Desktop\hakaton\main\resource\e99d520c-92d5-47ac-8f8c-4941869dc48b\main.py Старт. Выполняемый шаг: Задержка. id: ??=,o)g^!HRb+gO2+Wzh
2026-05-23T22:22:15+0300 INFO: C:\Users\Ksenya\Desktop\hakaton\main\resource\e99d520c-92d5-47ac-8f8c-4941869dc48b\main.py Выполнение. Выполняемый шаг: Задержка. id: ??=,o)g^!HRb+gO2+Wzh
2026-05-23T22:22:18+0300 INFO: C:\Users\Ksenya\Desktop\hakaton\main\resource\e99d520c-92d5-47ac-8f8c-4941869dc48b\main.py Завершение. Выполняемый шаг: Задержка. id: ??=,o)g^!HRb+gO2+Wzh
2026-05-23T22:22:18+0300 INFO: C:\Users\Ksenya\Desktop\hakaton\main\resource\e99d520c-92d5-47ac-8f8c-4941869dc48b\main.py Старт. Выполняемый шаг: Клик по Web-элементу. id: EBp7HZH}x+19aqf!)2/)
2026-05-23T22:22:18+0300 INFO: C:\Users\Ksenya\Desktop\hakaton\main\resource\e99d520c-92d5-47ac-8f8c-4941869dc48b\main.py Выполнение. Выполняемый шаг: Клик по Web-элементу. id: EBp7HZH}x+19aqf!)2/)
2026-05-23T22:22:18+0300 INFO: C:\Users\Ksenya\Desktop\hakaton\main\resource\e99d520c-92d5-47ac-8f8c-4941869dc48b\main.py Завершение. Выполняемый шаг: Клик по Web-элементу. id: EBp7HZH}x+19aqf!)2/)
2026-05-23T22:22:18+0300 INFO: C:\Users\Ksenya\Desktop\hakaton\main\resource\e99d520c-92d5-47ac-8f8c-4941869dc48b\main.py Старт. Выполняемый шаг: Ввод в веб-сайт. id: %w9B]^SDY]u6w8A[VN]B
2026-05-23T22:22:18+0300 INFO: C:\Users\Ksenya\Desktop\hakaton\main\resource\e99d520c-92d5-47ac-8f8c-4941869dc48b\main.py Выполнение. Выполняемый шаг: Ввод в веб-сайт. id: %w9B]^SDY]u6w8A[VN]B
2026-05-23T22:22:18+0300 INFO: C:\Users\Ksenya\Desktop\hakaton\main\resource\e99d520c-92d5-47ac-8f8c-4941869dc48b\main.py Завершение. Выполняемый шаг: Ввод в веб-сайт. id: %w9B]^SDY]u6w8A[VN]B
2026-05-23T22:22:18+0300 INFO: C:\Users\Ksenya\Desktop\hakaton\main\resource\e99d520c-92d5-47ac-8f8c-4941869dc48b\main.py Старт. Выполняемый шаг: Клик по Web-элементу. id: H6A$`ZrfUnP;M.)V!gP%
